course_code,course_title,course_descr,instructor,scheduled_time_start,scheduled_time_end,call_number,campus,class_id,course_subtitle,department,department_code,link,location,method_of_instruction,open_to,points,prerequisites,scheduled_days,section_key,type
AFEN BC3196,HARLEM RENAISSANCE LITERATURE,"Home to Harlem focuses on the relationship between art, activism and social justice during the Harlem/ New Negro Renaissance. Exploring the cultural contexts and aesthetic debates that animated Harlem in 1920s to 1930s, the course discusses the politics of literary and theatrical production, while exploring the fashioning and performance of New Negro identity through fiction, poetry, essays, and artwork.  Topics considered include: role of Africa/slavery/the south in New Negro expression, patronage, passing, primitivism/popular culture, black dialect as literary language, and the problematics of creating a “racial” art in/for a community comprised of differences in gender, class, sexuality, and geographical origin.",Maleda Belilgne,,,00164,,X3196-20271-001,HARLEM RENAISSANCE LITERA,Africana Studies (AFSB),AFEN,https://doc.sis.columbia.edu/subj/AFEN/X3196-20271-001/,,,,4,,,20271AFEN3196X001,SEMINAR
AFRS BC2005,CARIBBEAN CULTURE & SOCIETIES,"This course offers a chronological study of the Anglophone, Hispanophone, and Francophone insular Caribbean through the eyes of some of the region’s most important writers and thinkers. We will focus on issues that key Caribbean intellectuals--including two Nobel prize-winning authors--consider particularly enduring and relevant in Caribbean cultures and societies. Among these are, for example, colonization, slavery, national and postcolonial identity, race, class, popular culture, gender, sexuality, tourism and migration. This course will also serve as an introduction to some of the exciting work on the Caribbean by professors at Barnard College and Columbia University (faculty spotlights).",Maja Horn,,,00422,,X2005-20271-001,CARIBBEAN CULTURE & SOCIE,Africana Studies (AFSB),AFRS,https://doc.sis.columbia.edu/subj/AFRS/X2005-20271-001/,,,,3,,,20271AFRS2005X001,LECTURE
AFRS BC2006,INTRODUCTION AFRICAN DIASPORA,"Interdisciplinary and thematic approach to the African diaspora in the Americas: its motivations, dimensions, consequences, and the importance and stakes of its study. Beginning with the contacts between Africans and the Portuguese in the 15th century, this class will open up diverse paths of inquiry as students attempt to answer questions, clear up misconceptions, and challenge assumptions about the presence of Africans in the New World.",Tamara Walker,,,00246,,X2006-20271-001,INTRODUCTION AFRICAN DIAS,Africana Studies (AFSB),AFRS,https://doc.sis.columbia.edu/subj/AFRS/X2006-20271-001/,,,,3,,,20271AFRS2006X001,LECTURE
AFRS BC3110,THE AFRICANA COLLOQUIUM,"The Africana Studies Department offers special topics courses every year as colloquia. These colloquia provide opportunities for students to explore areas of particular interest within African Diasporic Studies in a seminar environment. Students earn 4 credits for these courses. There are multiple colloquia offered by the department every year. Some of the topics for these colloquia have included Critical Race Theory, Indian Ocean Diaspora, The New Black, Caribbean Women, and Black Shakespeare. As the topics change, students should check with the Chair of the Africana Studies Department if they have any questions about the topics for a particular academic year.",Kim F Hall,,,00862,,X3110-20271-002,,Africana Studies (AFSB),AFRS,https://doc.sis.columbia.edu/subj/AFRS/X3110-20271-002/,,,,4,,,20271AFRS3110X002,SEMINAR
AFRS BC3532,ROMARE BEARDEN:HOME IS HARLEM,"Prerequisites: This course is limited to 20 students Romare Bearden: Home is Harlem, is an exploration into one of the greatest American artists finding home in Harlem. The noted painter, collagist, intellectual and advocate for the arts, spent his childhood and young adult life in Harlem. Known for chronicling the African-American experience, he found rich sources for artistic expression in the Manhattan neighborhoods above 110th Street.",Diedra Harris-Kelley,,,00249,,X3532-20271-001,ROMARE BEARDEN:HOME IS HA,Africana Studies (AFSB),AFRS,https://doc.sis.columbia.edu/subj/AFRS/X3532-20271-001/,,,,4,,,20271AFRS3532X001,SEMINAR
AFRS BC3552,BLACK WOMEN STYLE&PERFRMNCE,,Shirley Taylor,,,00250,,X3552-20271-001,BLACK WOMEN STYLE&PERFRMN,Africana Studies (AFSB),AFRS,https://doc.sis.columbia.edu/subj/AFRS/X3552-20271-001/,,,,4,,,20271AFRS3552X001,SEMINAR
AFRS BC3565,Art & Culture in Harlem,"Harlem is a community with a long and storied legacy of arts and entertainment that dates back to the late 1800s. Its legacy extends through the many cultural movements that have helped to define the community such as the Harlem Renaissance in the early 1900s, the Black Arts Movement in the 1960s, and Hip Hop in the 1970s and 1980s, to the current renaissance of venues that anchor Harlem as a neighborhood vibrant with varied opportunities for cultural engagement. Harlem is home to several historic and iconic venues devoted to the arts and entertainment such as the Apollo Theater, Dance Theatre of Harlem, the Studio Museum in Harlem, and the National Black Theatre. These and many other venues along with many others throughout the neighborhood have helped to anchor Harlem as a beacon for Black creative expression that has been instrumental in shaping American culture. The Schomburg Center for Research in Black Culture, part of the New York Public Library, stands as a repository for much of this history and as an emblem of Harlem’s extensive cultural history. In recent years, Harlem has also seen a burgeoning of new galleries, performance spaces, and cultural events that have reignited and brought new audiences to the community. In this course, we will explore Harlem’s early history and how it evolved from a place known primarily for its entertainment venues to one with a mix of standard and more cutting edge artistic and cultural ventures. Community, politics, and economics will also be considered as we look at various cultural and artistic movements. As part of our exploration, we will examine whether shifts in demographics and the ideas, notions, and sometimes, myths about the neighborhood have influenced arts and entertainment in the community. We will seek to define what distinguishes arts and entertainment in Harlem from other New York City neighborhoods and how Harlem has contributed over the years to Black arts and entertainment in NYC and beyond. This course will include visits to venues and visits from guest speakers, all relative to in-class discussions and deeper exploration of the space arts and entertainment have continued to hold for the community and for the people of Harlem. Along with guided walking tours, visits to selected venues will help to delineate Harlem’s cultural past and its continuing evolution through the work of artists, curators, administrators, scholars, culture bearers, and others. Students are encouraged to attend events at some of the institutions and venu",Shirley Taylor,,,00252,,X3565-20271-001,,Africana Studies (AFSB),AFRS,https://doc.sis.columbia.edu/subj/AFRS/X3565-20271-001/,,,,4,,,20271AFRS3565X001,SEMINAR
AFRS GU4001,Afro-Latin America in the Artistic Imagi,"How have painters, filmmakers, novelists, and other artists portrayed the history of Africans and their descendants in Latin America? How do those portrayals – of the Middle Passage, slavery, revolution, abolition, and contemporary social movements, to name a few examples – compare to scholarly approaches to those same subjects? To answer these and other questions, this class brings together a wide array of materials covering more than five hundred years of Afro-Latin American history. The course will move chronologically from the 15th century to the present, with each week devoted to grappling with a topic relevant to the history of Afro-Latin America in a given era, as viewed through both artistic and scholarly sources. Students will come to class prepared to consider what each has to offer to our understanding of the past. We will also debate the possibilities of using art to disseminate historical knowledge, and whether there any dangers to privileging artistic over scholarly approaches to history (or vice versa). In addition, because NYC is home to so many museums, archives, and cultural institutions relevant to our subject, it will serve as an experiential laboratory where we will spend several of our class meetings. Learning outcomes. By the end of the semester, students will be skilled at the following:
  
 analyzing artistic and scholarly sources on their own terms
  
 discussing them in relation to one another
  
 evaluating the utility of these diverse materials to the process of understanding the past.",Tamara Walker,,,00251,,W4001-20271-001,AFRO-LATIN AMER IN ART IM,Africana Studies (AFSB),AFRS,https://doc.sis.columbia.edu/subj/AFRS/W4001-20271-001/,,,,4,,,20271AFRS4001W001,SEMINAR
AHIS BC2526,Art History Spring 2027 Adjunct TBD,TO COME,,,,00856,,X2526-20271-001,Art History SP 2027 Adj T,Art History @Barnard,AHIS,https://doc.sis.columbia.edu/subj/AHIS/X2526-20271-001/,,,,3,,,20271AHIS2526X001,LECTURE
AHUM UN1400,COLLOQUIUM ON MAJOR TEXTS,"This course explores the core classical literature in Chinese, Japanese and Korean Humanities. The main objective of the course is to discover the meanings that these literature offer, not just for the original audience or for the respective cultures, but for us. As such, it is not a survey or a lecture-based course. Rather than being taught what meanings are to be derived from the texts, we explore meanings together, informed by in-depth reading and thorough ongoing discussion.",David L Moerman,,,00697,,V1400-20271-002,COLLOQ ON MAJOR TEXTS: E ASIA,Asian and Middle East @Barnard,AHUM,https://doc.sis.columbia.edu/subj/AHUM/V1400-20271-002/,,,,4,,,20271AHUM1400V002,COLLOQUIA
AMST BC1112,Elementary American Sign Language (ASL),"This course is an introduction to the basic skills in developing production and comprehension skills in American Sign Language (ASL). Students will learn ASL vocabulary, structure, and grammar. Course content also includes the manual alphabet and numbers. Students will develop basic conversational abilities, culturally appropriate behaviors, and learn about the culture and history of Deaf communities.",Kailyn Aaron-Lozano,,,00881,,X1112-20271-001,ELEMENTARY ASL II,American Studies @Barnard,AMST,https://doc.sis.columbia.edu/subj/AMST/X1112-20271-001/,,,,4,,,20271AMST1112X001,LANGUAGE
AMST BC1112,Elementary American Sign Language (ASL),"This course is an introduction to the basic skills in developing production and comprehension skills in American Sign Language (ASL). Students will learn ASL vocabulary, structure, and grammar. Course content also includes the manual alphabet and numbers. Students will develop basic conversational abilities, culturally appropriate behaviors, and learn about the culture and history of Deaf communities.",Kailyn Aaron-Lozano,,,00882,,X1112-20271-002,ELEMENTARY ASL II,American Studies @Barnard,AMST,https://doc.sis.columbia.edu/subj/AMST/X1112-20271-002/,,,,4,,,20271AMST1112X002,LANGUAGE
AMST BC3704,SENIOR RESEARCH ESSAY SEMINAR,,Jennie Kassanoff,,,00130,,X3704-20271-001,SENIOR RESEARCH ESSAY SEM,American Studies @Barnard,AMST,https://doc.sis.columbia.edu/subj/AMST/X3704-20271-001/,,,,4,,,20271AMST3704X001,SEMINAR
AMST BC4400,"Crime, Sex, Race and the Politics of Pur","The politics of what and who counts as worthy, good, or pure mediates possibilities for political and legal life. This course takes as its central question: how do certain ideas around purity and innocence come to appear natural? By considering a wide range of topics including carceral studies, immigration, race-making, settler colonialism, gender and sexuality and cultural studies, we will uncover the ways that cultural objects circulate and do political work. How are notions of race, crime, and purity produced, policed, and lived? And finally, how might we live otherwise—against innocence?",Daria Reaven,,,00132,,X4400-20271-001,The Politics of Purity,American Studies @Barnard,AMST,https://doc.sis.columbia.edu/subj/AMST/X4400-20271-001/,,,,4,,,20271AMST4400X001,SEMINAR
AMST GU4110,THE WEALTH OF NATIVES,"Indigenous people are often imagined in the distant past, or as living anachronisms in relation to contemporary life. Working against these assumptions, this course examines how Native peoples have survived colonialism, focusing on economic aspects of colonialism in North America, while looking to Australia and Hawai‘i. We will look at the long history of Native land struggles, and links between colonial economies and ecological destruction. Themes guiding our inquiry include: the development of wage labor, property law and economic production on Native lands, histories of political and economic dependency, ""development"" as defined and practiced over Native communities, and Native people's own economic choices. Our inquiry will be oriented towards deepening our ability to critically analyze the colonial situation we live in, and to see Indigenous survivals despite ongoing assaults against life and territory.",Manu Karuka,,,00796,,W4110-20271-001,,American Studies @Barnard,AMST,https://doc.sis.columbia.edu/subj/AMST/W4110-20271-001/,,,,4,,,20271AMST4110W001,SEMINAR
ANTH BC2012,LAB METHODS ARCHAEOLOGY,"Only the most recent chapters of the past are able to be studied using traditional historiographical methods focused on archives of textual documents. How, then, are we to analyze the deep history of human experiences prior to the written word? And even when textual archives do survive from a given historical period, these archives are typically biased toward the perspectives of those in power. How, then, are we to undertake analyses of the past that take into account the lives and experiences of all of society’s members, including the poor, the working class, the colonized, and others whose voices appear far less frequently in historical documents? From its disciplinary origins in nineteenth century antiquarianism, archaeology has grown to become a rigorous science of the past, dedicated to the exploration of long-term and inclusive social histories.
  
“Laboratory Methods in Archaeology” is an intensive introduction to the analysis of archaeological artifacts and samples in which we explore how the organic and inorganic remains from archaeological sites can be used to build rigorous claims about the human past. The 2022 iteration of the course centers on assemblages from two sites, both excavated by Barnard’s archaeological field program in the Taos region of northern New Mexico: (1) the Spanish colonial site of San Antonio del Embudo founded in 1725 and (2) the hippie commune known as New Buffalo, founded in 1967. Participants in ANTH BC2012 will be introduced to the history, geology, and ecology of the Taos region, as well as to the excavation histories of the two sites. Specialized laboratory modules focus on the analysis of chipped stone artifacts ceramics, animal bone, glass, and industrial artifacts.
  
The course only demands participation in the seminars and laboratory modules and successful completion of the written assignments, but all students are encouraged to develop specialized research projects to be subsequently expanded into either (1) a senior thesis project or (2) a conference presentation at the Society for American Archaeology, Society for Historical Archaeology, or Theoretical Archaeology Group meeting.",,,,00813,,X2012-20271-001,,Anthropology @Barnard,ANTH,https://doc.sis.columbia.edu/subj/ANTH/X2012-20271-001/,,,,4,ANTH BC2012,,20271ANTH2012X001,LECTURE
ANTH BC3234,Indigenous Place-Thought,"This seminar considers what it means to be of a place and to think with and be committed to that place—environmentally, politically, and spiritually. After locating ourselves in our own particular places and place-based commitments, our attention turns to the Indigenous traditions of North America, to accounts of tribal emergence and pre-colonial being, to colonial histories of land dispossession, to ongoing struggles to protect ecological health and land-based sovereignty, to the epistemological and moral systems that have developed over the course of many millennia of living with and for the land, and to the contributions such systems might make to our collective future. The seminar’s title is borrowed from an essay on “Indigenous place-thought” by Mohawk/Anishinaabe scholar Vanessa Watts.",Severin Fowles,,,00828,,X3234-20271-001,INDIGENOUS PLACE-THOUGHT,Anthropology @Barnard,ANTH,https://doc.sis.columbia.edu/subj/ANTH/X3234-20271-001/,,,,4,,,20271ANTH3234X001,SEMINAR
ANTH BC3243,"Sin, Disease, Subversion and the Experie","Course Description This course provides an exploration of how race and racism are produced, reproduced, and resisted from a Latin American perspective. We will examine a conception of race that is often ambiguous, hybrid, and fluid, yet coexists with deeply entrenched forms of racism. We begin by tracing the origins of racial formations to the colonial period, focusing on how race and religion became intertwined. The course then investigates Latin America's role in the medicalization of racialized bodies, particularly in the context of nation-building projects. We will analyze how racism has operated during periods of political violence, authoritarian rule, and transitions to democracy. Given the region's vast heterogeneity, we will critically examine ""Latin America"" as a category and use representative case studies to explore how race is mediated through signifiers such as education, gender, geography, occupation, dress, language, and religion—while ultimately being inscribed on and through the body. Students will explore Indigenous ontologies and epistemologies, and reflect on how the legacies of colonial and state violence persist but are contested. The first half of this course provides an overview of historical events and theoretical debates around the study of race in Latin America. The second half is dedicated to reading ethnographic work on questions of race. The selected books present cases in Peru, Ecuador, Brazil, Puerto Rico, and of immigrants in the United States.",Paloma Rodrigo Gonzales,,,00830,,X3243-20271-001,Race in Latin America,Anthropology @Barnard,ANTH,https://doc.sis.columbia.edu/subj/ANTH/X3243-20271-001/,,,,4,,,20271ANTH3243X001,SEMINAR
ANTH BC3868,ETHNOGRAPHIC FIELD RESEARCH IN NYC,"This course provides the aspiring anthropologist with an array of primarily qualitative methodological tools essential to successful urban fieldwork. As such, it is a practicum of sorts, where regular field assignments help build one’s ability to record and analyze social behavior by drawing on several key data collection techniques. Because we have the luxury of inhabiting a large, densely populated, international city, this class requires that you take a head-first plunge into urban anthropology. The NYC area will define the laboratory for individually- designed research projects. Be forewarned, however! Ethnographic engagement involves efforts to detect social patterns, but it is often a self-reflexive exercise, too. Readings provide methodological, analytical, and personal insights into the skills, joys, and trials that define successful field research.",Kaya N Williams,,,00829,,X3868-20271-001,ETHNOGRAPHIC FIELD RESEAR,Anthropology @Barnard,ANTH,https://doc.sis.columbia.edu/subj/ANTH/X3868-20271-001/,,,,4,,,20271ANTH3868X001,SEMINAR
ANTH BC3872,SENIOR THESIS SEMINAR II,"Prerequisites: Must complete ANTH BC3871x. Limited to Barnard Senior Anthropology Majors. Offered every Spring. Discussion of research methods and planning and writing of a Senior Essay in Anthropology will accompany research on problems of interest to students, culminating in the writing of individual Senior Essays. The advisory system requires periodic consultation and discussion between the student and her adviser as well as the meeting of specific deadlines set by the department each semester.",,,,00812,,X3872-20271-001,,Anthropology @Barnard,ANTH,https://doc.sis.columbia.edu/subj/ANTH/X3872-20271-001/,,,,4,ANTH BC3871,,20271ANTH3872X001,SEMINAR
ANTH UN1009,INTRO TO LANGUAGE & CULTURE,"This is an introduction to the study of the production, interpretation, and reproduction of social meanings as expressed through language. In exploring language in relation to culture and society, it focuses on how communication informs and transforms the sociocultural environment.",Elizabeth M Green,,,00827,,W1009-20271-001,INTRO TO LANGUAGE & CULTU,Anthropology @Barnard,ANTH,https://doc.sis.columbia.edu/subj/ANTH/W1009-20271-001/,,,,3,,,20271ANTH1009W001,LECTURE
ANTH UN1019,INTRO LANG & CULTURE-DISC,,,,,00833,,V1019-20271-001,,Anthropology @Barnard,ANTH,https://doc.sis.columbia.edu/subj/ANTH/V1019-20271-001/,,,,0,,,20271ANTH1019V001,DISCUSSION
ANTH UN1019,INTRO LANG & CULTURE-DISC,,,,,00834,,V1019-20271-002,,Anthropology @Barnard,ANTH,https://doc.sis.columbia.edu/subj/ANTH/V1019-20271-002/,,,,0,,,20271ANTH1019V002,DISCUSSION
ANTH UN1019,INTRO LANG & CULTURE-DISC,,,,,00835,,V1019-20271-003,,Anthropology @Barnard,ANTH,https://doc.sis.columbia.edu/subj/ANTH/V1019-20271-003/,,,,0,,,20271ANTH1019V003,DISCUSSION
ANTH UN1019,INTRO LANG & CULTURE-DISC,,,,,00836,,V1019-20271-004,,Anthropology @Barnard,ANTH,https://doc.sis.columbia.edu/subj/ANTH/V1019-20271-004/,,,,0,,,20271ANTH1019V004,DISCUSSION
ANTH UN3052,The City Jail,"Municipal jails are one of the most impactful institutions of criminal justice in the United States; and yet many Americans do not even know the difference between a prison and a jail.  This course will investigate the conditions of mass incarceration in America by centering the municipal jail. Taking as objects of study both the jail itself and the practice of incarcerating people in local jails, this course will combine scholarly work on U.S. criminal justice with a variety of non-academic texts including legal decisions, contemporary journalism, and documentary film. The course is focused on jails writ large,  but as we are living in New York City, we will pay particular attention throughout the semester to our own municipal jail system.",Kaya N Williams,,,00831,,W3052-20271-001,,Anthropology @Barnard,ANTH,https://doc.sis.columbia.edu/subj/ANTH/W3052-20271-001/,,,,4,,,20271ANTH3052W001,SEMINAR
ANTH UN3091,Disability,"This course centers 
disability 
in its many manifestations and meanings – as an embodied, social, and cultural experience, as an organizing discourse in local and global contexts, as an analytic framework, and as a position from which to approach, think about, and engage in the world. Together, we will seek to understand disability in diverse settings and contexts through ethnographic texts, autobiography, documentary film, and essays, drawing primarily from works in anthropology but also more broadly from the interdisciplinary traditions known as (Critical) Disability Studies.
  
Throughout the semester, we will move between considering disability in more and less specific and categorical terms. We will ask what the stakes are – intellectually, socially, politically -  for different ways of doing, thinking, and representing disability. What becomes apparent when we consider, say, the experiences of deaf young adults in India working together to learn Indian Sign Language, or physically disabled adults in the United States whose disabilities must be situated within histories of racialized poverty and urban neglect? What happens – what are the resonances and the tensions – when we put these settings into conversation? Through our engagements with materials analyzing these and many other instances, we will think together about what it means to study and think with disability from different disciplinary perspectives, different methods, and different media.",Elizabeth M Green,,,00832,,W3091-20271-001,,Anthropology @Barnard,ANTH,https://doc.sis.columbia.edu/subj/ANTH/W3091-20271-001/,,,,4,,,20271ANTH3091W001,SEMINAR
ANTH UN3160,THE BODY AND SOCIETY,"As an introduction to the field of medical anthropology, this seminar addresses themes of health, affliction, and healing across sociocultural domains.  Concerns include critiques of biomedical, epidemiological and other models of disease and suffering; the entwinement of religion and healing; technocratic interventions in healthcare; and the sociomoral underpinnings of human life, death, and survival.  A 1000 level course in Anthropology is recommended as a prerequisite, although not required.  Enrollment limited to 30. 4 units",Paloma Rodrigo Gonzales,,,00825,,V3160-20271-001,,Anthropology @Barnard,ANTH,https://doc.sis.columbia.edu/subj/ANTH/V3160-20271-001/,,,,4,,,20271ANTH3160V001,SEMINAR
ANTH UN3975,ANTHROPOLOGY OF MEDIA,,Brian Larkin,,,00826,,V3975-20271-001,,Anthropology @Barnard,ANTH,https://doc.sis.columbia.edu/subj/ANTH/V3975-20271-001/,,,,4,,,20271ANTH3975V001,SEMINAR
ANTH UN3976,ANTHROPOLOGY OF SCIENCE,"This course examines specific debates in the history and philosophy of science, and in science and technology studies (STS), with a view towards exploring the relationships among science, technology and society. The first half of the course engages methodological questions and theoretical debates concerning the nature of epistemology, and the significance of social interests, material agency, laboratory and social practices, and “culture(s)” in the making of scientific knowledge.  The second half delves more specifically into the ways in which sciences and technologies are both embedded in and shape contemporary social and political practices and imaginaries",Gina A Jae,,,00880,,V3976-20271-001,,Anthropology @Barnard,ANTH,https://doc.sis.columbia.edu/subj/ANTH/V3976-20271-001/,,,,4,,,20271ANTH3976V001,SEMINAR
ARCH GU4300,The Just City: Global Debates in Urban P,"Urbanization is inherently unequal, inscribing social, economic, environmental, and political unevenness into the spatial fabric of the city. But the distribution of such inequality is not inevitable. Urbanization is a product of the collective decisions we make (or choose not to make) in response to the shared challenges we face in our cities. And, thus, the patterns of urbanization can be changed. This is the task of urban planning and the starting point for this advanced seminar, which asks how we can reshape our cities to be more just—to alleviate inequality rather than compound it. In embarking on this effort, we face numerous “wicked” problems without clear-cut solutions. The approaches one takes in addressing urban inequality are therefore fundamentally normative—they are shaped by one’s place in the world and one’s view of it. The central challenge in addressing inequality is thus establishing a basis for collective action amongst diverse actors with differing—and sometimes conflicting—values and views. In other words, planning the just city a matter of both empathy and debate. In this course, we will endeavor to develop informed positions that can help us engage with others as a basis for taking collective action.
  
The course is organized into four 3-week modules, each of which addresses a dimension of the just city: equity, democracy, diversity, and sustainability. In the first week of each module, we will discuss how the issue has been understood in history and theory (with an emphasis on tradeoffs between different priorities and values); in the second week, we will apply this discussion to a global case study prepared and presented by a team of students; and in the third week, we will hold an in-class debate to determine what should be done. Specific case studies vary each year.",Nick R Smith,,,00361,,W4300-20271-001,THE JUST CITY,Architecture @Barnard,ARCH,https://doc.sis.columbia.edu/subj/ARCH/W4300-20271-001/,,,,4,,,20271ARCH4300W001,SEMINAR
ARCH GU4310,DISABILITY AND ARCHITECTURE,"This course explores the manifold relationships between architecture and disability. We will discuss how architecture mediates different bodily experiences and relationships and negotiates social norms and forms of assembly that intervene in shaping shifting understandings and performances of impairment, assistance, access, rehabilitation, and oppression that have historically framed disability.  We will explore disability as a culture, an episteme, and a politics, often negotiated by architecture.
  
 
  
We will assess the disabling effects of the built environment as well as architectural projects and designs defined to normalize, segregate, or eradicate disability. We will also study environments, artifacts, and infrastructures that have allowed disabled individuals and communities to thrive, often against expectations of integration in normative life frameworks. We will additionally explore how disability contributes to framing architecture differently and opens up space for new aesthetic experiences, different cultures of making, and diverse politics of the built environment. We will discuss how it challenges normalizing understandings of space and form, functionalist paradigms in architecture, and modern and contemporary interpretations of nature, the city, and society.  We will discuss the ideologies enacted by different projects shaping the life of disabled individuals, including their own designs and interventions in the built environment.
  
 
  
These explorations are organized thematically, with sessions engaging design and disability scholarship and providing students with a robust introduction to disability studies. In dialogue with this field, students will explore how design and architecture have operated in relation to medical, social, environmental, cultural, and political paradigms of disability. They will discuss the role that built environments play in the agendas of the disability rights and disability justice movements. Sessions engage both historical and theoretical questions.
  
 
  
Three assignments will allow students to explore the intersections of the built environment and disability in a diversity of formats. Advanced students will have the opportunity to write a research paper.",Ignacio Gonzalez Galan,,,00362,,W4310-20271-001,DISABILITY AND ARCHITECTU,Architecture @Barnard,ARCH,https://doc.sis.columbia.edu/subj/ARCH/W4310-20271-001/,,,,4,,,20271ARCH4310W001,SEMINAR
ARCH UN1010,DESIGN FUTURES: NEW YORK CITY,"How does design operate in our lives? What is our design culture? In this course, we explore the many scales of design in contemporary culture -- from graphic design to architecture to urban design to global, interactive, and digital design. The format of this course moves between lectures, discussions, collaborative design work and field trips in order to engage in the topic through texts and experiences.",Clara Kraft Isono,,,00339,,W1010-20271-002,DESIGN FUTURES: NEW YORK,Architecture @Barnard,ARCH,https://doc.sis.columbia.edu/subj/ARCH/W1010-20271-002/,,,,3,,,20271ARCH1010W002,LECTURE
ARCH UN1010,DESIGN FUTURES: NEW YORK CITY,"How does design operate in our lives? What is our design culture? In this course, we explore the many scales of design in contemporary culture -- from graphic design to architecture to urban design to global, interactive, and digital design. The format of this course moves between lectures, discussions, collaborative design work and field trips in order to engage in the topic through texts and experiences.",Richard T Rouhe,,,00375,,W1010-20271-001,DESIGN FUTURES: NEW YORK,Architecture @Barnard,ARCH,https://doc.sis.columbia.edu/subj/ARCH/W1010-20271-001/,,,,3,,,20271ARCH1010W001,LECTURE
ARCH UN1020,INTRO ARCH DESIGN&VIS CULTURE,Introductory design studio to introduce students to architectural design through readings and studio design projects. Intended to develop analytic skills to critique existing media and spaces. Process of analysis used as a generative tool for the students own design work. Must apply for placement in course. Priority to upperclass students. Class capped at 16.,Madeline K Schwartzman,,,00341,,V1020-20271-001,INTRO-ARCH DESIGN/VIS CUL,Architecture @Barnard,ARCH,https://doc.sis.columbia.edu/subj/ARCH/V1020-20271-001/,,,,3,,,20271ARCH1020V001,STUDIO
ARCH UN1020,INTRO ARCH DESIGN&VIS CULTURE,Introductory design studio to introduce students to architectural design through readings and studio design projects. Intended to develop analytic skills to critique existing media and spaces. Process of analysis used as a generative tool for the students own design work. Must apply for placement in course. Priority to upperclass students. Class capped at 16.,,,,00342,,V1020-20271-002,INTRO-ARCH DESIGN/VIS CUL,Architecture @Barnard,ARCH,https://doc.sis.columbia.edu/subj/ARCH/V1020-20271-002/,,,,3,,,20271ARCH1020V002,STUDIO
ARCH UN2101,ARCHITECTURAL DESIGN: SYSTEMS AND MATERI,"This architectural design studio explores material assemblies, techniques of fabrication, and systems of organization. These explorations will be understood as catalysts for architectural analysis and design experimentation.
  
Both designed objects and the very act of making are always embedded within a culture, as they reflect changing material preferences, diverse approaches to durability and obsolescence, varied understandings of comfort, different concerns with economy and ecology. They depend on multiple resources and mobilize varied technological innovations. Consequently, we will consider that making always involves making a society, for it constitutes a response to its values and a position regarding its technical and material resources. Within this understanding, this studio will consider different cultures of making through a number of exercises rehearse design operations at different scales—from objects to infrastructures.",Michael E Schissel,,,00343,,V2101-20271-001,ARCH DESIGN: SYSTMS & MTR,Architecture @Barnard,ARCH,https://doc.sis.columbia.edu/subj/ARCH/V2101-20271-001/,,,,4.5,,,20271ARCH2101V001,STUDIO
ARCH UN2103,ARCHITECTURAL DESIGN: ENVIRONMENTS AND M,"This architectural design studio course explores modes of visualization, technologies of mediation and environmental transformations. These explorations will be used as catalysts for architectural analysis and design experimentation.
  
Introducing design methodologies that allow us to see and to shape environmental interactions in new ways, the studio will focus on how architecture may operate as a mediator
 
– an intermediary that negotiates, alters or redirects multiple forces in our world: physical, cultural, social, technological, political etc. The semester will progress through three projects that examine unique atmospheric, spatial and urban conditions with the aid of multimedia visual techniques; and that employ design to develop creative interventions at the scales of an interface, space and city.",Marina Correia,,,00344,,V2103-20271-001,ARCH DESIGN: ENVRNMNTS &,Architecture @Barnard,ARCH,https://doc.sis.columbia.edu/subj/ARCH/V2103-20271-001/,,,,4.5,,,20271ARCH2103V001,STUDIO
ARCH UN2103,ARCHITECTURAL DESIGN: ENVIRONMENTS AND M,"This architectural design studio course explores modes of visualization, technologies of mediation and environmental transformations. These explorations will be used as catalysts for architectural analysis and design experimentation.
  
Introducing design methodologies that allow us to see and to shape environmental interactions in new ways, the studio will focus on how architecture may operate as a mediator
 
– an intermediary that negotiates, alters or redirects multiple forces in our world: physical, cultural, social, technological, political etc. The semester will progress through three projects that examine unique atmospheric, spatial and urban conditions with the aid of multimedia visual techniques; and that employ design to develop creative interventions at the scales of an interface, space and city.",Ines E Yupanqui,,,00345,,V2103-20271-002,ARCH DESIGN: ENVRNMNTS &,Architecture @Barnard,ARCH,https://doc.sis.columbia.edu/subj/ARCH/V2103-20271-002/,,,,4.5,,,20271ARCH2103V002,STUDIO
ARCH UN3117,MOD ARCHITECTURE IN THE WORLD,"Note: Designed for but not limited to sophomores; enrollment beyond 60 is at the discretion of the instructor. Co-requisite: ARCH UN3118. 
  
How has architecture been “modern”? This course will introduce students to this contentious and contradictory concept emerging across the world during a time in which ideas and tools similar to ours were used for seeing and ordering constructed environments and architectural thinking. It introduces students to the history of modern architecture as an art of building as well as a discursive field, whose historical consciousness played a part in its historical development.
  
The course is structured chronologically and encourages experiential learning around episodes that informed the development of the built environment and the architecturally “modern.” Students will gain hands-on practice in researching and writing architectural history, theory, and criticism: skills that lie at the basis of conceptual architectural practices. While a one-semester course will not provide a full survey of buildings, events, and people associated with modern architecture, students will develop the critical tools to identify, approach, and comprehend such histories. The following areas of focus anchor the course, and students learn about each by understanding the establishment and institution of structures nourishing and supporting them, which have persisted into the present:
  
Architecture as made, thought, and taught—enmeshed with power and ideas, social concerns, intellectual and public debates, and diverse forms of cultural production
  
Makers, thinkers, and organizers of the designed or built environment
  
Designed constructions as the material ends and means of extraction, refinement, trade, and the labor associated with each
  
Sites, institutions, media, events, and practices that have come to hold meaning in architectural discourse
  
Concerns with both the past and the future as a basis for architectural theory
  
Modernization, modernism, and modernity as drivers for events, their historical narration, and the dissemination of these architectural narratives
  
The conceptual writing practices of history, theory, and criticism
  
The course is designed to accommodate multiple styles of learning. Course components include weekly lectures and discussions of assigned readings; re",Ralph Ghoche,,,00347,,W3117-20271-001,MOD ARCHITECTURE IN THE W,Architecture @Barnard,ARCH,https://doc.sis.columbia.edu/subj/ARCH/W3117-20271-001/,,,,4,ARCH UN3118,,20271ARCH3117W001,LECTURE
ARCH UN3118,MODERN ARCHITECTURE IN THE WORLD - DISC,N/A,,,,00348,,W3118-20271-001,MODERN ARCH IN WORLD - DI,Architecture @Barnard,ARCH,https://doc.sis.columbia.edu/subj/ARCH/W3118-20271-001/,,,,0,,,20271ARCH3118W001,DISCUSSION
ARCH UN3118,MODERN ARCHITECTURE IN THE WORLD - DISC,N/A,,,,00349,,W3118-20271-002,MODERN ARCH IN WORLD - DI,Architecture @Barnard,ARCH,https://doc.sis.columbia.edu/subj/ARCH/W3118-20271-002/,,,,0,,,20271ARCH3118W002,DISCUSSION
ARCH UN3118,MODERN ARCHITECTURE IN THE WORLD - DISC,N/A,,,,00350,,W3118-20271-003,MODERN ARCH IN WORLD - DI,Architecture @Barnard,ARCH,https://doc.sis.columbia.edu/subj/ARCH/W3118-20271-003/,,,,0,,,20271ARCH3118W003,DISCUSSION
ARCH UN3202,ADVANCED ARCHITECTURAL DESIGN II,"Prerequisite: ARCH UN3201. Advanced Architectural Design II culminates the required studio sequence in the major. Students are encouraged to consider it as a synthetic studio where they advance concepts, research methodologies and representational skills learned in all previous studios towards a semester-long design project. Field trips, lectures, and discussions are organized in relation to studio exercises.",,,,00351,,W3202-20271-001,ADV ARCHITECTURAL DESIGN,Architecture @Barnard,ARCH,https://doc.sis.columbia.edu/subj/ARCH/W3202-20271-001/,,,,4.5,ARCH UN3201,,20271ARCH3202W001,STUDIO
ARCH UN3312,SPECIAL TOPICS IN ARCHITECTURE,"See the Barnard and Columbia Architecture Department website for the course description: 
https://architecture.barnard.edu/architecture-department-course-descriptions",Leah M Meisterlin,,,00352,,V3312-20271-001,SPECIAL TOPICS IN ARCHITE,Architecture @Barnard,ARCH,https://doc.sis.columbia.edu/subj/ARCH/V3312-20271-001/,,,,3,,,20271ARCH3312V001,SEMINAR
ARCH UN3312,SPECIAL TOPICS IN ARCHITECTURE,"See the Barnard and Columbia Architecture Department website for the course description: 
https://architecture.barnard.edu/architecture-department-course-descriptions",Marlon Davis,,,00353,,V3312-20271-002,SPECIAL TOPICS IN ARCHITE,Architecture @Barnard,ARCH,https://doc.sis.columbia.edu/subj/ARCH/V3312-20271-002/,,,,3,,,20271ARCH3312V002,SEMINAR
ARCH UN3901,SENIOR SEMINAR,"See the Barnard and Columbia Architecture Department's website for the course description: 
https://architecture.barnard.edu/architecture-department-course-descriptions",Ralph Ghoche,,,00354,,V3901-20271-001,,Architecture @Barnard,ARCH,https://doc.sis.columbia.edu/subj/ARCH/V3901-20271-001/,,,,4,,,20271ARCH3901V001,SEMINAR
ARCH UN3901,SENIOR SEMINAR,"See the Barnard and Columbia Architecture Department's website for the course description: 
https://architecture.barnard.edu/architecture-department-course-descriptions",Kadambari Baxi,,,00376,,V3901-20271-002,,Architecture @Barnard,ARCH,https://doc.sis.columbia.edu/subj/ARCH/V3901-20271-002/,,,,4,,,20271ARCH3901V002,SEMINAR
ARCH UN3998,INDEPENDENT STUDY,Prerequisites: Permission of program director in the semester prior to that of independent study.,Kadambari Baxi,,,00355,,V3998-20271-001,,Architecture @Barnard,ARCH,https://doc.sis.columbia.edu/subj/ARCH/V3998-20271-001/,,,,1-4,,,20271ARCH3998V001,INDEPENDENT
ARCH UN3998,INDEPENDENT STUDY,Prerequisites: Permission of program director in the semester prior to that of independent study.,Karen Fairbanks,,,00356,,V3998-20271-002,,Architecture @Barnard,ARCH,https://doc.sis.columbia.edu/subj/ARCH/V3998-20271-002/,,,,1-4,,,20271ARCH3998V002,INDEPENDENT
ARCH UN3998,INDEPENDENT STUDY,Prerequisites: Permission of program director in the semester prior to that of independent study.,Ralph Ghoche,,,00357,,V3998-20271-003,,Architecture @Barnard,ARCH,https://doc.sis.columbia.edu/subj/ARCH/V3998-20271-003/,,,,1-4,,,20271ARCH3998V003,INDEPENDENT
ARCH UN3998,INDEPENDENT STUDY,Prerequisites: Permission of program director in the semester prior to that of independent study.,Ignacio Gonzalez Galan,,,00358,,V3998-20271-004,,Architecture @Barnard,ARCH,https://doc.sis.columbia.edu/subj/ARCH/V3998-20271-004/,,,,1-4,,,20271ARCH3998V004,INDEPENDENT
ASCM BC3000,Outlaws & Tricksters of Arabic Literatur,"What is so fascinating about outlaws and tricksters? They can be alluring and terrifying, creative and destructive. They wear disguises, upend the plans of their fellow humans, and bend societies to their will. They are unsettled and unsettling. But this course suggests that there is no single figure of the trickster. Rather, the significance of writing about tricksters and outlaws varies from text to text and from place to place. In this course, we will explore texts, mostly from the pre-modern period, written in Arabic (and sometimes Persian and Sanskrit) that depict outlaws and tricksters. We will ask after what texts are doing in the world when they tell stories that seem to celebrate and delight in the subversive, the strange, and the sinister. To help us think through these questions, we will also read divergent theories about outlaws, tricksters, and other subversives. At the end of the course, we will read the award-winning Iraqi novel Frankenstein in Baghdad.",Matthew L Keegan,,,00696,,X3000-20271-001,TRICKSTERS IN ARABIC LIT,Asian and Middle East @Barnard,ASCM,https://doc.sis.columbia.edu/subj/ASCM/X3000-20271-001/,,,,4,,,20271ASCM3000X001,SEMINAR
ASST BC3999,INDEPENDENT STUDY,Prerequisites: Open to majors who have fulfilled basic major requirements or written permission of the staff member who will supervise the project. Specialized reading and research projects planned in consultation with members of the Asian and Middle Eastern Cultures teaching staff.,Rachel McDermott,,,00699,,X3999-20271-001,,Asian and Middle East @Barnard,ASST,https://doc.sis.columbia.edu/subj/ASST/X3999-20271-001/,,,,1-4,,,20271ASST3999X001,INDEPENDENT
ASST BC3999,INDEPENDENT STUDY,Prerequisites: Open to majors who have fulfilled basic major requirements or written permission of the staff member who will supervise the project. Specialized reading and research projects planned in consultation with members of the Asian and Middle Eastern Cultures teaching staff.,David L Moerman,,,00700,,X3999-20271-002,,Asian and Middle East @Barnard,ASST,https://doc.sis.columbia.edu/subj/ASST/X3999-20271-002/,,,,1-4,,,20271ASST3999X002,INDEPENDENT
ASST BC3999,INDEPENDENT STUDY,Prerequisites: Open to majors who have fulfilled basic major requirements or written permission of the staff member who will supervise the project. Specialized reading and research projects planned in consultation with members of the Asian and Middle Eastern Cultures teaching staff.,Nicholas A Bartlett,,,00701,,X3999-20271-003,,Asian and Middle East @Barnard,ASST,https://doc.sis.columbia.edu/subj/ASST/X3999-20271-003/,,,,1-4,,,20271ASST3999X003,INDEPENDENT
ASST BC3999,INDEPENDENT STUDY,Prerequisites: Open to majors who have fulfilled basic major requirements or written permission of the staff member who will supervise the project. Specialized reading and research projects planned in consultation with members of the Asian and Middle Eastern Cultures teaching staff.,Matthew L Keegan,,,00702,,X3999-20271-004,,Asian and Middle East @Barnard,ASST,https://doc.sis.columbia.edu/subj/ASST/X3999-20271-004/,,,,1-4,,,20271ASST3999X004,INDEPENDENT
ASST BC3999,INDEPENDENT STUDY,Prerequisites: Open to majors who have fulfilled basic major requirements or written permission of the staff member who will supervise the project. Specialized reading and research projects planned in consultation with members of the Asian and Middle Eastern Cultures teaching staff.,Lili Xia,,,00703,,X3999-20271-005,,Asian and Middle East @Barnard,ASST,https://doc.sis.columbia.edu/subj/ASST/X3999-20271-005/,,,,1-4,,,20271ASST3999X005,INDEPENDENT
ASST GU4600,JUDAISM & CHRISTIANITY S.ASIA,"An introduction to the indigenous traditions of Judaism and Christianity in the subcontinent, with attention to historical development, community diversity, cultural patterns, interactions with Hindus and Muslims, and contemporary controversies over caste and conversion.  Concluding classes focus on South Asian Jews and Christians in the diaspora, particularly Israel and New York.  An academic background in Judaism, or Christianity, or Hinduism / Indian history is highly recommended.",Rachel McDermott,,,00694,,W4600-20271-001,JUDAISM & CHRISTIANITY S.,Asian and Middle East @Barnard,ASST,https://doc.sis.columbia.edu/subj/ASST/W4600-20271-001/,,,,3,,,20271ASST4600W001,LECTURE
ASTR BC1754,STARS GALAXIES & COSMOLOGY,"Prerequisites: Recommended preparation: A working knowledge of high school algebra. Corequisites: Suggested parallel laboratory course: ASTR C 1904y. Examines the properties of stars, star formation, stellar evolution and nucleosynthesis, the Milky Way and other galaxies, and the cosmological origin and evolution of the universe. Students may not receive credit for both ASTR BC 1754 and ASTR C1404.",Faculty,,,00438,,X1754-20271-001,STARS GALAXIES & COSMOLOG,Physics and Astronomy @Barnard,ASTR,https://doc.sis.columbia.edu/subj/ASTR/X1754-20271-001/,,,,3,ASTR C1404,,20271ASTR1754X001,LECTURE
ASTR UN1904,ASTRONOMY LAB II,"Laboratory for ASTR UN1404. Projects include use of telescopes, laboratory experiments in the nature of light, spectroscopy, and the analysis of astronomical data. Lab 2 ASTR UN1904 - goes with ASTR BC1754 or ASTR UN1404 (or ASTR UN1836 or ASTR UN1420).",Faculty,,,00565,,W1904-20271-001,,Physics and Astronomy @Barnard,ASTR,https://doc.sis.columbia.edu/subj/ASTR/W1904-20271-001/,,,,1,"ASTR BC1754
ASTR UN1404
ASTR UN1404
ASTR UN1420
ASTR UN1836
ASTR UN1904",,20271ASTR1904W001,LABORATORY
BIOL BC1001,REVOLUTIONARY CONCEPTS IN BIOL,"Exploration of the major discoveries and ideas that have revolutionized the way we view organisms and understand life. This is an introductory survey course that explores basic concepts of molecular and cellular biology, genetics and evolution. Students will focus on biological concepts, biotechnology and bioethics, which inundate contemporary society.",Gabrielle Corradino,,,00363,,X1001-20271-001,REVOLUTIONARY CONCEPTS IN,Biological Sciences @Barnard,BIOL,https://doc.sis.columbia.edu/subj/BIOL/X1001-20271-001/,,,,3,,,20271BIOL1001X001,LECTURE
BIOL BC1502,INTRO CELL AND MOLECULAR BIOL,"Detailed introduction to cellular and subcellular biology: cell structures and functions, energy metabolism, biogenesis of cell components, biology of inheritance, molecular genetics, regulation of gene expression, and genes in development.",,,,00364,,X1502-20271-001,INTRO CELL AND MOLECULAR,Biological Sciences @Barnard,BIOL,https://doc.sis.columbia.edu/subj/BIOL/X1502-20271-001/,,,,3,,,20271BIOL1502X001,LECTURE
BIOL BC1502,INTRO CELL AND MOLECULAR BIOL,"Detailed introduction to cellular and subcellular biology: cell structures and functions, energy metabolism, biogenesis of cell components, biology of inheritance, molecular genetics, regulation of gene expression, and genes in development.",,,,00365,,X1502-20271-002,INTRO CELL AND MOLECULAR,Biological Sciences @Barnard,BIOL,https://doc.sis.columbia.edu/subj/BIOL/X1502-20271-002/,,,,3,,,20271BIOL1502X002,LECTURE
BIOL BC1502,INTRO CELL AND MOLECULAR BIOL,"Detailed introduction to cellular and subcellular biology: cell structures and functions, energy metabolism, biogenesis of cell components, biology of inheritance, molecular genetics, regulation of gene expression, and genes in development.",,,,00366,,X1502-20271-003,INTRO CELL AND MOLECULAR,Biological Sciences @Barnard,BIOL,https://doc.sis.columbia.edu/subj/BIOL/X1502-20271-003/,,,,3,,,20271BIOL1502X003,LECTURE
BIOL BC1502,INTRO CELL AND MOLECULAR BIOL,"Detailed introduction to cellular and subcellular biology: cell structures and functions, energy metabolism, biogenesis of cell components, biology of inheritance, molecular genetics, regulation of gene expression, and genes in development.",,,,00367,,X1502-20271-004,INTRO CELL AND MOLECULAR,Biological Sciences @Barnard,BIOL,https://doc.sis.columbia.edu/subj/BIOL/X1502-20271-004/,,,,3,,,20271BIOL1502X004,LECTURE
BIOL BC1503,INTRO LAB CELLULAR&MOLEC BIO,A laboratory-based introduction to cell and molecular biology. Both classic and modern approaches are used to investigate principles of heredity as well as the structure and function of cells and their molecular components. Lab exercises introduce practical techniques and data analysis.,,,,00368,,X1503-20271-001,INTRO LAB CELLULAR&MOLEC,Biological Sciences @Barnard,BIOL,https://doc.sis.columbia.edu/subj/BIOL/X1503-20271-001/,,,,2,,,20271BIOL1503X001,LABORATORY
BIOL BC1503,INTRO LAB CELLULAR&MOLEC BIO,A laboratory-based introduction to cell and molecular biology. Both classic and modern approaches are used to investigate principles of heredity as well as the structure and function of cells and their molecular components. Lab exercises introduce practical techniques and data analysis.,,,,00369,,X1503-20271-002,INTRO LAB CELLULAR&MOLEC,Biological Sciences @Barnard,BIOL,https://doc.sis.columbia.edu/subj/BIOL/X1503-20271-002/,,,,2,,,20271BIOL1503X002,LABORATORY
BIOL BC1503,INTRO LAB CELLULAR&MOLEC BIO,A laboratory-based introduction to cell and molecular biology. Both classic and modern approaches are used to investigate principles of heredity as well as the structure and function of cells and their molecular components. Lab exercises introduce practical techniques and data analysis.,,,,00370,,X1503-20271-003,INTRO LAB CELLULAR&MOLEC,Biological Sciences @Barnard,BIOL,https://doc.sis.columbia.edu/subj/BIOL/X1503-20271-003/,,,,2,,,20271BIOL1503X003,LABORATORY
BIOL BC1503,INTRO LAB CELLULAR&MOLEC BIO,A laboratory-based introduction to cell and molecular biology. Both classic and modern approaches are used to investigate principles of heredity as well as the structure and function of cells and their molecular components. Lab exercises introduce practical techniques and data analysis.,,,,00371,,X1503-20271-004,INTRO LAB CELLULAR&MOLEC,Biological Sciences @Barnard,BIOL,https://doc.sis.columbia.edu/subj/BIOL/X1503-20271-004/,,,,2,,,20271BIOL1503X004,LABORATORY
BIOL BC1503,INTRO LAB CELLULAR&MOLEC BIO,A laboratory-based introduction to cell and molecular biology. Both classic and modern approaches are used to investigate principles of heredity as well as the structure and function of cells and their molecular components. Lab exercises introduce practical techniques and data analysis.,,,,00372,,X1503-20271-005,INTRO LAB CELLULAR&MOLEC,Biological Sciences @Barnard,BIOL,https://doc.sis.columbia.edu/subj/BIOL/X1503-20271-005/,,,,2,,,20271BIOL1503X005,LABORATORY
BIOL BC1503,INTRO LAB CELLULAR&MOLEC BIO,A laboratory-based introduction to cell and molecular biology. Both classic and modern approaches are used to investigate principles of heredity as well as the structure and function of cells and their molecular components. Lab exercises introduce practical techniques and data analysis.,,,,00377,,X1503-20271-007,INTRO LAB CELLULAR&MOLEC,Biological Sciences @Barnard,BIOL,https://doc.sis.columbia.edu/subj/BIOL/X1503-20271-007/,,,,2,,,20271BIOL1503X007,LABORATORY
BIOL BC1503,INTRO LAB CELLULAR&MOLEC BIO,A laboratory-based introduction to cell and molecular biology. Both classic and modern approaches are used to investigate principles of heredity as well as the structure and function of cells and their molecular components. Lab exercises introduce practical techniques and data analysis.,,,,00378,,X1503-20271-008,INTRO LAB CELLULAR&MOLEC,Biological Sciences @Barnard,BIOL,https://doc.sis.columbia.edu/subj/BIOL/X1503-20271-008/,,,,2,,,20271BIOL1503X008,LABORATORY
BIOL BC1503,INTRO LAB CELLULAR&MOLEC BIO,A laboratory-based introduction to cell and molecular biology. Both classic and modern approaches are used to investigate principles of heredity as well as the structure and function of cells and their molecular components. Lab exercises introduce practical techniques and data analysis.,,,,00379,,X1503-20271-009,INTRO LAB CELLULAR&MOLEC,Biological Sciences @Barnard,BIOL,https://doc.sis.columbia.edu/subj/BIOL/X1503-20271-009/,,,,2,,,20271BIOL1503X009,LABORATORY
BIOL BC1503,INTRO LAB CELLULAR&MOLEC BIO,A laboratory-based introduction to cell and molecular biology. Both classic and modern approaches are used to investigate principles of heredity as well as the structure and function of cells and their molecular components. Lab exercises introduce practical techniques and data analysis.,,,,00380,,X1503-20271-010,INTRO LAB CELLULAR&MOLEC,Biological Sciences @Barnard,BIOL,https://doc.sis.columbia.edu/subj/BIOL/X1503-20271-010/,,,,2,,,20271BIOL1503X010,LABORATORY
BIOL BC1503,INTRO LAB CELLULAR&MOLEC BIO,A laboratory-based introduction to cell and molecular biology. Both classic and modern approaches are used to investigate principles of heredity as well as the structure and function of cells and their molecular components. Lab exercises introduce practical techniques and data analysis.,,,,00381,,X1503-20271-011,INTRO LAB CELLULAR&MOLEC,Biological Sciences @Barnard,BIOL,https://doc.sis.columbia.edu/subj/BIOL/X1503-20271-011/,,,,2,,,20271BIOL1503X011,LABORATORY
BIOL BC1503,INTRO LAB CELLULAR&MOLEC BIO,A laboratory-based introduction to cell and molecular biology. Both classic and modern approaches are used to investigate principles of heredity as well as the structure and function of cells and their molecular components. Lab exercises introduce practical techniques and data analysis.,,,,00382,,X1503-20271-012,INTRO LAB CELLULAR&MOLEC,Biological Sciences @Barnard,BIOL,https://doc.sis.columbia.edu/subj/BIOL/X1503-20271-012/,,,,2,,,20271BIOL1503X012,LABORATORY
BIOL BC1503,INTRO LAB CELLULAR&MOLEC BIO,A laboratory-based introduction to cell and molecular biology. Both classic and modern approaches are used to investigate principles of heredity as well as the structure and function of cells and their molecular components. Lab exercises introduce practical techniques and data analysis.,,,,00383,,X1503-20271-013,INTRO LAB CELLULAR&MOLEC,Biological Sciences @Barnard,BIOL,https://doc.sis.columbia.edu/subj/BIOL/X1503-20271-013/,,,,2,,,20271BIOL1503X013,LABORATORY
BIOL BC1503,INTRO LAB CELLULAR&MOLEC BIO,A laboratory-based introduction to cell and molecular biology. Both classic and modern approaches are used to investigate principles of heredity as well as the structure and function of cells and their molecular components. Lab exercises introduce practical techniques and data analysis.,,,,00384,,X1503-20271-014,INTRO LAB CELLULAR&MOLEC,Biological Sciences @Barnard,BIOL,https://doc.sis.columbia.edu/subj/BIOL/X1503-20271-014/,,,,2,,,20271BIOL1503X014,LABORATORY
BIOL BC1503,INTRO LAB CELLULAR&MOLEC BIO,A laboratory-based introduction to cell and molecular biology. Both classic and modern approaches are used to investigate principles of heredity as well as the structure and function of cells and their molecular components. Lab exercises introduce practical techniques and data analysis.,,,,00385,,X1503-20271-015,INTRO LAB CELLULAR&MOLEC,Biological Sciences @Barnard,BIOL,https://doc.sis.columbia.edu/subj/BIOL/X1503-20271-015/,,,,2,,,20271BIOL1503X015,LABORATORY
BIOL BC1503,INTRO LAB CELLULAR&MOLEC BIO,A laboratory-based introduction to cell and molecular biology. Both classic and modern approaches are used to investigate principles of heredity as well as the structure and function of cells and their molecular components. Lab exercises introduce practical techniques and data analysis.,,,,00386,,X1503-20271-016,INTRO LAB CELLULAR&MOLEC,Biological Sciences @Barnard,BIOL,https://doc.sis.columbia.edu/subj/BIOL/X1503-20271-016/,,,,2,,,20271BIOL1503X016,LABORATORY
BIOL BC1503,INTRO LAB CELLULAR&MOLEC BIO,A laboratory-based introduction to cell and molecular biology. Both classic and modern approaches are used to investigate principles of heredity as well as the structure and function of cells and their molecular components. Lab exercises introduce practical techniques and data analysis.,,,,00388,,X1503-20271-006,INTRO LAB CELLULAR&MOLEC,Biological Sciences @Barnard,BIOL,https://doc.sis.columbia.edu/subj/BIOL/X1503-20271-006/,,,,2,,,20271BIOL1503X006,LABORATORY
BIOL BC1513,BIOL BC 1503 RECITATION,A laboratory-based introduction to cell and molecular biology. Both classic and modern approaches are used to investigate principles of heredity as well as the structure and function of cells and their molecular components. Lab exercises introduce practical techniques and data analysis.,,,,00389,,X1513-20271-001,,Biological Sciences @Barnard,BIOL,https://doc.sis.columbia.edu/subj/BIOL/X1513-20271-001/,,,,0,,,20271BIOL1513X001,RECITATION
BIOL BC1599,SCIENCE JOURNAL CLUB,"Prerequisites: ) Limited to 16 students who are participating in the Science Pathways Scholars Program. Students in this seminar course will be introduced to the scientific literature by reading a mix of classic papers and papers that describe significant new developments in the field. Seminar periods will be devoted to oral reports, discussion of assigned reading, and student responses. Section 1: Limited to students in the Science Pathways Scholars Program. Section 2: Limited to first-year students who received a 4 or 5 on the AP and are currently enrolled in BIOL BC1500.",Sedelia Rodriguez,,,00390,,X1599-20271-001,,Biological Sciences @Barnard,BIOL,https://doc.sis.columbia.edu/subj/BIOL/X1599-20271-001/,,,Barnard College,1,BIOL BC1500,,20271BIOL1599X001,SEMINAR
BIOL BC2100,MOLECULAR & MENDELIAN GENETICS,"Mendelian and molecular genetics of both eukaryotes and prokaryotes, with an emphasis on human genetics. Topics include segregation, recombination and linkage maps, cytogenetics, gene structure and function, mutation, molecular aspects of gene expression and regulation, genetic components of cancer, and genome studies.",Brian Morton,,,00387,,X2100-20271-001,MOLECULAR & MENDELIAN GEN,Biological Sciences @Barnard,BIOL,https://doc.sis.columbia.edu/subj/BIOL/X2100-20271-001/,,,,3,,,20271BIOL2100X001,LECTURE
BIOL BC2240,PLANT EVOLUTION & DIVERSITY,"Prerequisites: BIOL BC1500, BIOL BC1501, BIOL BC1502, BIOL BC1503 or the equivalent. Survey of plant biology emphasizing evolutionary and ecological perspectives on mating and reproduction, physiology, anatomy, and morphology.",Hilary Callahan,,,00418,,X2240-20271-001,PLANT EVOLUTION & DIVERSI,Biological Sciences @Barnard,BIOL,https://doc.sis.columbia.edu/subj/BIOL/X2240-20271-001/,,,,3,"BIOL BC1500
BIOL BC1501
BIOL BC1502
BIOL BC1503",,20271BIOL2240X001,LECTURE
BIOL BC2280,ANIMAL BEHAVIOR,"Prerequisites: BIOL BC1500, BIOL BC1501, BIOL BC1502, BIOL BC1503 or equivalent. This introduction to animal behavior takes an integrative approach to understand the physiological and genetic basis of behavior, the ecological context of behavior, and the evolutionary consequences of behavior. This course focuses on the process of scientific research, including current research approaches in animal behavior and practical applications of these findings.",Alison Pischedda,,,00391,,X2280-20271-001,,Biological Sciences @Barnard,BIOL,https://doc.sis.columbia.edu/subj/BIOL/X2280-20271-001/,,,,3,"BIOL BC1500
BIOL BC1501
BIOL BC1502
BIOL BC1503",,20271BIOL2280X001,LECTURE
BIOL BC2342,Functional Human Anatomy,"Careers in health care require an in depth knowledge of the anatomy of the human body. However, anyone can gain from an appreciation of the complexity of their own body. With this class, students will gain an understanding of how anatomical form and function are intertwined from the microscopic to macroscopic levels. Though any anatomy course necessarily involves the memorization of structures, this course has a strong focus on the functions of those structures as applied to everyday life! Rather than rote memorization, students will work to understand the anatomical, biomechanical, and physiological principles that govern how we move, feel, and think.",Jordan Balaban,,,00419,,S2342-20271-001,,Biological Sciences @Barnard,BIOL,https://doc.sis.columbia.edu/subj/BIOL/S2342-20271-001/,,,,3,,,20271BIOL2342S001,LECTURE
BIOL BC2490,CODING IN BIOLOGY,An introduction to the basics of Python and R coding in the context of solving basic problems in molecular biology. Python will be used to write programs that analyze various features of DNA sequence data and R will be used to analyze output from RNA-seq experiments. No prior programming experience is necessary. The work will involve modifying existing code as well as developing simple programs from the ground up.,Brian Morton,,,00392,,X2490-20271-001,,Biological Sciences @Barnard,BIOL,https://doc.sis.columbia.edu/subj/BIOL/X2490-20271-001/,,,,3,,,20271BIOL2490X001,LECTURE
BIOL BC2500,Programming for Scientists,"Learning objectives:
  
This course will provide a comprehensive foundation in programming methodology for quantitative biology applications that can be readily applied to any programming language. It is recommended for students interested in establishing or expanding their computational biology skillset. After completing this course, students should be able to:
  
1. Understand and explain the role of numerical and statistical methods in biology
  
2. Execute numerical computations using a widely-used programming language
  
3. Recognize common programming motifs that can be readily applied to other widely used languages
  
4. Design and troubleshoot algorithms to analyze diverse biological data and implement them using functions and scripts
  
5. Apply statistical programming techniques to model biological systems
  
6. Generate and interpret diverse plots based on biological datasets
  
 
  
Course overview: 
  
Once a small subfield of biology, computational biology has evolved into a massive field of its own, with computational methods fast becoming a vital toolkit leveraged by biologists across the discipline. As the size and complexity of biological datasets grows, computational methods allow scientists to make sense of these data, scaling quantitative methods to extract meaningful insights that help us better understand ourselves and the living world around us. In this course, we will learn the basics of computer programming in R, a powerful programming language with wide use in the biological sciences. Topics will include a basic introduction to R and the RStudio environment, data types and control structures, reading and writing files in R, data processing and visualization, manipulating common biological datasets; and statistical testing and modeling in R.",Vincent D Fitzpatrick,,,00394,,X2500-20271-001,R for Scientists,Biological Sciences @Barnard,BIOL,https://doc.sis.columbia.edu/subj/BIOL/X2500-20271-001/,,,,3,,,20271BIOL2500X001,LECTURE
BIOL BC3000,Biological Chemistry,"The goal of this course is to gain an understanding of the chemical principles that govern biological systems. We will look at the structure and function of biomolecules (proteins, carbohydrates, nucleic acids, and lipids), with an emphasis on interactions between them, enzyme kinetics, and metabolic pathways. Key topics will include protein folding and function, enzyme mechanisms, bioenergetics, and the regulation of key metabolic cycles. In addition to lecture we will spend time examining case studies and selected articles from primary literature, and engaging in group discussions.",Kristin Presnell,,,00393,,X3000-20271-001,BIOLOGICAL CHEMISTRY,Biological Sciences @Barnard,BIOL,https://doc.sis.columbia.edu/subj/BIOL/X3000-20271-001/,,,,3,,,20271BIOL3000X001,LECTURE
BIOL BC3141,Advanced R in Biology,"This course serves as a continuation of BIOL2500 R for Scientists. The course will meet weekly. Students will explore a range of methods and resources used by contemporary computational biologists. These include advanced statistical modeling approaches, manipulating genomic and spatial data, and working in R outside of the RStudio environment (including git, bash, Shiny and high-performance computing). Students will have opportunities to explore diverse biological and statistical R packages in the context of homework assignments, and will analyze a dataset of their own choosing for a semester project.",Vincent D Fitzpatrick,,,00424,,X3141-20271-001,,Biological Sciences @Barnard,BIOL,https://doc.sis.columbia.edu/subj/BIOL/X3141-20271-001/,,,,3,OL2500,,20271BIOL3141X001,LABORATORY
BIOL BC3272,Marine Ecology Lab,"This laboratory-intensive course introduces students to the biological and ecological processes that shape marine ecosystems. Even in the heart of New York City, marine ecology can be discovered and studied firsthand through experiments, data analysis and field sampling in the Hudson River and coastal environments. Students will explore marine biodiversity, physiology, and ecological interactions and there is an emphasis on experimental design, microscopy, and quantitative methods. Students will prepare lab reports, engage in group projects, and develop skills in scientific communication. One field excursion outside of New York City will be available for participation, but not required.",Gabrielle Corradino,,,00395,,X3272-20271-001,,Biological Sciences @Barnard,BIOL,https://doc.sis.columbia.edu/subj/BIOL/X3272-20271-001/,,,,3,,,20271BIOL3272X001,LABORATORY
BIOL BC3320,MICROBIOLOGY,"Prerequisites: BIOL BC1500, BIOL BC1501, BIOL BC1502, BIOL BC1503 or the equivalent, and BIOL BC2100. Survey of the diversity, cellular organization, physiology, and genetics of the major microbial groups. Also includes aspects of applied microbiology and biotechnology, the function of microorganisms in the environment, and the role of microbes in human diseases.",Stephen L Sturley,,,00895,,X3320-20271-001,,Biological Sciences @Barnard,BIOL,https://doc.sis.columbia.edu/subj/BIOL/X3320-20271-001/,,,,3,"BIOL BC1500
BIOL BC1501
BIOL BC1502
BIOL BC1503
BIOL BC2100",,20271BIOL3320X001,LECTURE
BIOL BC3322,Seminar in Public Health Virology,"This is an advanced seminar course focusing on primary literature studying viruses and their impact on public health. Selected topics will emphasize evolution, transmission, surveillance, and treatment. The intellectual framework will progress from the cellular and molecular levels to the organismal and ecological. Host-pathogen interactions between viruses and humans will be a particular focus. The course is organized around presentation and critique of both current research as well as landmark discoveries in the field. Discussions will also integrate the interplay of laboratory science with ethics and policy.",Jj L Miranda,,,00396,,X3322-20271-001,Public Health Virology Se,Biological Sciences @Barnard,BIOL,https://doc.sis.columbia.edu/subj/BIOL/X3322-20271-001/,,,,4,,,20271BIOL3322X001,SEMINAR
BIOL BC3333,Ornithology,"You saw a bird today.
             You saw a bird yesterday.
             You will surely see a bird tomorrow. Without knowing you, or knowing what you do with your days, I know this for a fact about you.
  
            Unless they are under absolute confinement, chances are that every human being anywhere on the planet will see at least one bird every day. Birds are everywhere. They are mostly diurnal, they fly and they vocalize. Probably more so than any other kind of animal, this makes birds particularly conspicuous and appealing to humans.
  
            But when you saw a bird today, did you really 
see
 it? Did it register at all? Probably not—no more than a passing car or cloud or a stranger in the sidewalk. That’s a shame, because birds have shaped modern biology more than any other group, inspiring discoveries in ecology, evolution, and behavior. They also move billions of dollars each year through birdwatching.
  
            The overarching goal of this class is for you to start really 
seeing
 birds for the wondrous animals that they are and all that they have taught us about biology. This will include identifying and naming bird species, having the basic vocabulary to talk about birds, and relating your bird observations in the field to conceptual knowledge about their evolution and ecology.
  
            
Towards that goal, students will participate in a combination of lectures, readings, group discussions, written assignments, and group and solo outings to observe birds in Central Park. Topics addressed will include: evolutionary origins of birds; bird systematics and classification; the biology of feathers; bioacoustics and birdsong; the biology of migration; bird reproductive behavior; and bird conservation.",Rafael Marcondes,,,00397,,X3333-20271-001,,Biological Sciences @Barnard,BIOL,https://doc.sis.columbia.edu/subj/BIOL/X3333-20271-001/,,,,3,,,20271BIOL3333X001,LECTURE
BIOL BC3354,LABORATORY IN EMBRYOLOGY,"This lab course will explore the foundational methods of vertebrate embryology. Using both classical and modern experimental approaches, we will identify and manipulate developmental processes such as gastrulation, neurulation, and organogenesis. Students will investigate molecular regulation of patterning and the importance of tissue-tissue interactions during early development. Utilizing modern genetic tools and imaging techiniques, such as digital microscopy, students will have the opportunity to visualize embyrogenesis in real-time. 
  
Prerequisite: Two terms of introductory biology (BIOL BC1500,BC1502 or equivalent) AND one term of Genetics (BIOL BC2100 or equivalent) AND at least one upper level lab course at the cell and molecular level. OR permission from the instructor.",Rishita Shah,,,00398,,X3354-20271-001,,Biological Sciences @Barnard,BIOL,https://doc.sis.columbia.edu/subj/BIOL/X3354-20271-001/,,,,3,"BC1502
BIOL BC1500
BIOL BC2100",,20271BIOL3354X001,LABORATORY
BIOL BC3360,PHYSIOLOGY,"Prerequisites: BIOL BC1500, BIOL BC1501, BIOL BC1502, BIOL BC1503 or the equivalent. This course examines how mammals carry out basic functions like manipulating objects, sensing the external world, oxygenating tissues, and processing food. Emphasis is placed on (a) how the body regulates itself through the integrated action of multiple organ systems and (b) what goes awry in disease.",John Glendinning,,,00399,,X3360-20271-001,,Biological Sciences @Barnard,BIOL,https://doc.sis.columbia.edu/subj/BIOL/X3360-20271-001/,,,,3,"BIOL BC1500
BIOL BC1501
BIOL BC1502
BIOL BC1503",,20271BIOL3360X001,LECTURE
BIOL BC3361,LABORATORY IN PHYSIOLOGY,Prerequisites: Pre- (or co-) requisite is a physiology lecture class (e.g. BIOL BC3360). Enrollment limited to 16. Provides a hands-on introduction to the different physiological systems in vertebrates and invertebrates. Emphasizes the operation of a variety of physiological monitoring devices and the collection and analysis of physiological data.,John Glendinning,,,00563,,X3361-20271-001,,Biological Sciences @Barnard,BIOL,https://doc.sis.columbia.edu/subj/BIOL/X3361-20271-001/,,,,3,BIOL BC3360,,20271BIOL3361X001,LABORATORY
BIOL BC3590,SR SEM IN BIOLOGY,"Required for all majors who do not select the year-long Senior Thesis Research & Seminar (BIOL BC3593 & BC3594) to fulfill their senior capstone requirement. These seminars allow students to explore the primary literature in the Biological Sciences in greater depth than can be achieved in a lecture course. Attention will be focused on both theoretical and empirical work. Seminar periods are devoted to oral reports and discussion of assigned readings and student reports. Students will write one extensive literature review of a topic related to the central theme of the seminar section. 
Topics vary per semester and include, but are not limited to:
 Plant Development
, 
Animal Development & Evolution,
 Molecular Evolution, Microbiology & Global Change, Genomics, Comparative & Reproductive Endocrinology, and Data Intensive Approaches in Biology.",Hilary Callahan,,,00400,,X3590-20271-002,,Biological Sciences @Barnard,BIOL,https://doc.sis.columbia.edu/subj/BIOL/X3590-20271-002/,,,,4,"BC3594
BIOL BC3593",,20271BIOL3590X002,SEMINAR
BIOL BC3590,SR SEM IN BIOLOGY,"Required for all majors who do not select the year-long Senior Thesis Research & Seminar (BIOL BC3593 & BC3594) to fulfill their senior capstone requirement. These seminars allow students to explore the primary literature in the Biological Sciences in greater depth than can be achieved in a lecture course. Attention will be focused on both theoretical and empirical work. Seminar periods are devoted to oral reports and discussion of assigned readings and student reports. Students will write one extensive literature review of a topic related to the central theme of the seminar section. 
Topics vary per semester and include, but are not limited to:
 Plant Development
, 
Animal Development & Evolution,
 Molecular Evolution, Microbiology & Global Change, Genomics, Comparative & Reproductive Endocrinology, and Data Intensive Approaches in Biology.",Rishita Shah,,,00401,,X3590-20271-001,,Biological Sciences @Barnard,BIOL,https://doc.sis.columbia.edu/subj/BIOL/X3590-20271-001/,,,Barnard College,4,"BC3594
BIOL BC3593",,20271BIOL3590X001,SEMINAR
BIOL BC3592,GUIDED RESEARCH & SEMINAR,"This year-long course is open to junior and senior Biology majors and minors. Students will complete an independent research project in Biology under the guidance of a faculty mentor at Barnard or another local institution. Attendance at the weekly seminar is required. By the end of the year, students will write a scientific paper about their project and give a poster presentation about their research at the Barnard Biology Research Symposium.
  
Completion of this year-long course fulfills two upper-level laboratory requirements for the Biology major or minor. This course must be taken in sequence, beginning with BIOL BC3591 in the Fall and continuing with BIOL BC3592 in the Spring. Acceptance into this course requires confirmation of the research project by the course instructors. A Barnard internal mentor is required if the research project is not supervised by a Barnard faculty member. This course cannot be taken at the same time as BIOL BC3593-BIOL BC3594.",,,,00402,,X3592-20271-001,,Biological Sciences @Barnard,BIOL,https://doc.sis.columbia.edu/subj/BIOL/X3592-20271-001/,,,,4,"BIOL BC3591
BIOL BC3592
BIOL BC3593
BIOL BC3594",,20271BIOL3592X001,SEMINAR
BIOL BC3592,GUIDED RESEARCH & SEMINAR,"This year-long course is open to junior and senior Biology majors and minors. Students will complete an independent research project in Biology under the guidance of a faculty mentor at Barnard or another local institution. Attendance at the weekly seminar is required. By the end of the year, students will write a scientific paper about their project and give a poster presentation about their research at the Barnard Biology Research Symposium.
  
Completion of this year-long course fulfills two upper-level laboratory requirements for the Biology major or minor. This course must be taken in sequence, beginning with BIOL BC3591 in the Fall and continuing with BIOL BC3592 in the Spring. Acceptance into this course requires confirmation of the research project by the course instructors. A Barnard internal mentor is required if the research project is not supervised by a Barnard faculty member. This course cannot be taken at the same time as BIOL BC3593-BIOL BC3594.",,,,00403,,X3592-20271-002,,Biological Sciences @Barnard,BIOL,https://doc.sis.columbia.edu/subj/BIOL/X3592-20271-002/,,,,4,"BIOL BC3591
BIOL BC3592
BIOL BC3593
BIOL BC3594",,20271BIOL3592X002,SEMINAR
BIOL BC3594,SENIOR THESIS RESEARCH & SEMINAR,"This year-long course is open to senior Biology majors. Students will complete an independent research project in Biology under the guidance of a faculty mentor at Barnard or another local institution. Attendance at the weekly seminar is required. By the end of the year, students will write a scientific paper about their project and give an oral presentation about their research at the Barnard Biology Research Symposium.
  
Completion of this year-long course fulfills the senior capstone requirement for the Biology major. This course must be taken in sequence, beginning with BIOL BC3593 in the Fall and continuing with BIOL BC3594 in the Spring. Acceptance into this course requires confirmation of the research project by the course instructors. A Barnard internal mentor is required if the research project is not supervised by a Barnard faculty member. This course cannot be taken at the same time as BIOL BC3591-BIOL BC3592.",,,,00404,,X3594-20271-001,SR THESIS RESEARCH & SEMI,Biological Sciences @Barnard,BIOL,https://doc.sis.columbia.edu/subj/BIOL/X3594-20271-001/,,,Barnard College,4,"BIOL BC3591
BIOL BC3592
BIOL BC3593
BIOL BC3594",,20271BIOL3594X001,RESEARCH SEM
BIOL BC3594,SENIOR THESIS RESEARCH & SEMINAR,"This year-long course is open to senior Biology majors. Students will complete an independent research project in Biology under the guidance of a faculty mentor at Barnard or another local institution. Attendance at the weekly seminar is required. By the end of the year, students will write a scientific paper about their project and give an oral presentation about their research at the Barnard Biology Research Symposium.
  
Completion of this year-long course fulfills the senior capstone requirement for the Biology major. This course must be taken in sequence, beginning with BIOL BC3593 in the Fall and continuing with BIOL BC3594 in the Spring. Acceptance into this course requires confirmation of the research project by the course instructors. A Barnard internal mentor is required if the research project is not supervised by a Barnard faculty member. This course cannot be taken at the same time as BIOL BC3591-BIOL BC3592.",,,,00405,,X3594-20271-002,SR THESIS RESEARCH & SEMI,Biological Sciences @Barnard,BIOL,https://doc.sis.columbia.edu/subj/BIOL/X3594-20271-002/,,,,4,"BIOL BC3591
BIOL BC3592
BIOL BC3593
BIOL BC3594",,20271BIOL3594X002,RESEARCH SEM
BIOL BC3597,GUIDED RESEARCH,"Similar to BIOL BC3591-BIOL BC3592, this is a one-semester course that provides students with degree credit for unpaid research 
without 
a seminar component. You may enroll in BIOL BC3597 for between 1-4 credits per semester. As a rule of thumb, you should be spending approximately 3 hours per week per credit on your research project.
  
A 
Project Approval Form
 must be submitted to the department each semester that you enroll in this course. Your Barnard research mentor (if your lab is at Barnard) or internal adviser in the Biology Department (if your lab is elsewhere) must approve your planned research 
before
 you enroll in BIOL BC3597. You should sign up for your mentor's section. 
  
This course does not fulfill any Biology major requirements.  It is open to students beginning in their first year.",Rafael Marcondes,,,00406,,X3597-20271-001,,Biological Sciences @Barnard,BIOL,https://doc.sis.columbia.edu/subj/BIOL/X3597-20271-001/,,,,1-4,"BIOL BC3591
BIOL BC3592
BIOL BC3597
BIOL BC3597",,20271BIOL3597X001,INDEPENDENT
BIOL BC3597,GUIDED RESEARCH,"Similar to BIOL BC3591-BIOL BC3592, this is a one-semester course that provides students with degree credit for unpaid research 
without 
a seminar component. You may enroll in BIOL BC3597 for between 1-4 credits per semester. As a rule of thumb, you should be spending approximately 3 hours per week per credit on your research project.
  
A 
Project Approval Form
 must be submitted to the department each semester that you enroll in this course. Your Barnard research mentor (if your lab is at Barnard) or internal adviser in the Biology Department (if your lab is elsewhere) must approve your planned research 
before
 you enroll in BIOL BC3597. You should sign up for your mentor's section. 
  
This course does not fulfill any Biology major requirements.  It is open to students beginning in their first year.",Hilary Callahan,,,00407,,X3597-20271-002,,Biological Sciences @Barnard,BIOL,https://doc.sis.columbia.edu/subj/BIOL/X3597-20271-002/,,,,1-4,"BIOL BC3591
BIOL BC3592
BIOL BC3597
BIOL BC3597",,20271BIOL3597X002,INDEPENDENT
BIOL BC3597,GUIDED RESEARCH,"Similar to BIOL BC3591-BIOL BC3592, this is a one-semester course that provides students with degree credit for unpaid research 
without 
a seminar component. You may enroll in BIOL BC3597 for between 1-4 credits per semester. As a rule of thumb, you should be spending approximately 3 hours per week per credit on your research project.
  
A 
Project Approval Form
 must be submitted to the department each semester that you enroll in this course. Your Barnard research mentor (if your lab is at Barnard) or internal adviser in the Biology Department (if your lab is elsewhere) must approve your planned research 
before
 you enroll in BIOL BC3597. You should sign up for your mentor's section. 
  
This course does not fulfill any Biology major requirements.  It is open to students beginning in their first year.",John Glendinning,,,00408,,X3597-20271-003,,Biological Sciences @Barnard,BIOL,https://doc.sis.columbia.edu/subj/BIOL/X3597-20271-003/,,,,1-4,"BIOL BC3591
BIOL BC3592
BIOL BC3597
BIOL BC3597",,20271BIOL3597X003,INDEPENDENT
BIOL BC3597,GUIDED RESEARCH,"Similar to BIOL BC3591-BIOL BC3592, this is a one-semester course that provides students with degree credit for unpaid research 
without 
a seminar component. You may enroll in BIOL BC3597 for between 1-4 credits per semester. As a rule of thumb, you should be spending approximately 3 hours per week per credit on your research project.
  
A 
Project Approval Form
 must be submitted to the department each semester that you enroll in this course. Your Barnard research mentor (if your lab is at Barnard) or internal adviser in the Biology Department (if your lab is elsewhere) must approve your planned research 
before
 you enroll in BIOL BC3597. You should sign up for your mentor's section. 
  
This course does not fulfill any Biology major requirements.  It is open to students beginning in their first year.",Jordan Balaban,,,00409,,X3597-20271-004,,Biological Sciences @Barnard,BIOL,https://doc.sis.columbia.edu/subj/BIOL/X3597-20271-004/,,,,1-4,"BIOL BC3591
BIOL BC3592
BIOL BC3597
BIOL BC3597",,20271BIOL3597X004,INDEPENDENT
BIOL BC3597,GUIDED RESEARCH,"Similar to BIOL BC3591-BIOL BC3592, this is a one-semester course that provides students with degree credit for unpaid research 
without 
a seminar component. You may enroll in BIOL BC3597 for between 1-4 credits per semester. As a rule of thumb, you should be spending approximately 3 hours per week per credit on your research project.
  
A 
Project Approval Form
 must be submitted to the department each semester that you enroll in this course. Your Barnard research mentor (if your lab is at Barnard) or internal adviser in the Biology Department (if your lab is elsewhere) must approve your planned research 
before
 you enroll in BIOL BC3597. You should sign up for your mentor's section. 
  
This course does not fulfill any Biology major requirements.  It is open to students beginning in their first year.",Jj L Miranda,,,00410,,X3597-20271-005,,Biological Sciences @Barnard,BIOL,https://doc.sis.columbia.edu/subj/BIOL/X3597-20271-005/,,,,1-4,"BIOL BC3591
BIOL BC3592
BIOL BC3597
BIOL BC3597",,20271BIOL3597X005,INDEPENDENT
BIOL BC3597,GUIDED RESEARCH,"Similar to BIOL BC3591-BIOL BC3592, this is a one-semester course that provides students with degree credit for unpaid research 
without 
a seminar component. You may enroll in BIOL BC3597 for between 1-4 credits per semester. As a rule of thumb, you should be spending approximately 3 hours per week per credit on your research project.
  
A 
Project Approval Form
 must be submitted to the department each semester that you enroll in this course. Your Barnard research mentor (if your lab is at Barnard) or internal adviser in the Biology Department (if your lab is elsewhere) must approve your planned research 
before
 you enroll in BIOL BC3597. You should sign up for your mentor's section. 
  
This course does not fulfill any Biology major requirements.  It is open to students beginning in their first year.",Alison Pischedda,,,00411,,X3597-20271-006,,Biological Sciences @Barnard,BIOL,https://doc.sis.columbia.edu/subj/BIOL/X3597-20271-006/,,,,1-4,"BIOL BC3591
BIOL BC3592
BIOL BC3597
BIOL BC3597",,20271BIOL3597X006,INDEPENDENT
BIOL BC3597,GUIDED RESEARCH,"Similar to BIOL BC3591-BIOL BC3592, this is a one-semester course that provides students with degree credit for unpaid research 
without 
a seminar component. You may enroll in BIOL BC3597 for between 1-4 credits per semester. As a rule of thumb, you should be spending approximately 3 hours per week per credit on your research project.
  
A 
Project Approval Form
 must be submitted to the department each semester that you enroll in this course. Your Barnard research mentor (if your lab is at Barnard) or internal adviser in the Biology Department (if your lab is elsewhere) must approve your planned research 
before
 you enroll in BIOL BC3597. You should sign up for your mentor's section. 
  
This course does not fulfill any Biology major requirements.  It is open to students beginning in their first year.",Jonathan Snow,,,00412,,X3597-20271-007,,Biological Sciences @Barnard,BIOL,https://doc.sis.columbia.edu/subj/BIOL/X3597-20271-007/,,,,1-4,"BIOL BC3591
BIOL BC3592
BIOL BC3597
BIOL BC3597",,20271BIOL3597X007,INDEPENDENT
BIOL BC3597,GUIDED RESEARCH,"Similar to BIOL BC3591-BIOL BC3592, this is a one-semester course that provides students with degree credit for unpaid research 
without 
a seminar component. You may enroll in BIOL BC3597 for between 1-4 credits per semester. As a rule of thumb, you should be spending approximately 3 hours per week per credit on your research project.
  
A 
Project Approval Form
 must be submitted to the department each semester that you enroll in this course. Your Barnard research mentor (if your lab is at Barnard) or internal adviser in the Biology Department (if your lab is elsewhere) must approve your planned research 
before
 you enroll in BIOL BC3597. You should sign up for your mentor's section. 
  
This course does not fulfill any Biology major requirements.  It is open to students beginning in their first year.",Brian Morton,,,00413,,X3597-20271-008,,Biological Sciences @Barnard,BIOL,https://doc.sis.columbia.edu/subj/BIOL/X3597-20271-008/,,,,1-4,"BIOL BC3591
BIOL BC3592
BIOL BC3597
BIOL BC3597",,20271BIOL3597X008,INDEPENDENT
BIOL BC3597,GUIDED RESEARCH,"Similar to BIOL BC3591-BIOL BC3592, this is a one-semester course that provides students with degree credit for unpaid research 
without 
a seminar component. You may enroll in BIOL BC3597 for between 1-4 credits per semester. As a rule of thumb, you should be spending approximately 3 hours per week per credit on your research project.
  
A 
Project Approval Form
 must be submitted to the department each semester that you enroll in this course. Your Barnard research mentor (if your lab is at Barnard) or internal adviser in the Biology Department (if your lab is elsewhere) must approve your planned research 
before
 you enroll in BIOL BC3597. You should sign up for your mentor's section. 
  
This course does not fulfill any Biology major requirements.  It is open to students beginning in their first year.",Jennifer H Mansfield,,,00414,,X3597-20271-009,,Biological Sciences @Barnard,BIOL,https://doc.sis.columbia.edu/subj/BIOL/X3597-20271-009/,,,,1-4,"BIOL BC3591
BIOL BC3592
BIOL BC3597
BIOL BC3597",,20271BIOL3597X009,INDEPENDENT
BIOL BC3597,GUIDED RESEARCH,"Similar to BIOL BC3591-BIOL BC3592, this is a one-semester course that provides students with degree credit for unpaid research 
without 
a seminar component. You may enroll in BIOL BC3597 for between 1-4 credits per semester. As a rule of thumb, you should be spending approximately 3 hours per week per credit on your research project.
  
A 
Project Approval Form
 must be submitted to the department each semester that you enroll in this course. Your Barnard research mentor (if your lab is at Barnard) or internal adviser in the Biology Department (if your lab is elsewhere) must approve your planned research 
before
 you enroll in BIOL BC3597. You should sign up for your mentor's section. 
  
This course does not fulfill any Biology major requirements.  It is open to students beginning in their first year.",Gabrielle Corradino,,,00415,,X3597-20271-010,,Biological Sciences @Barnard,BIOL,https://doc.sis.columbia.edu/subj/BIOL/X3597-20271-010/,,,,1-4,"BIOL BC3591
BIOL BC3592
BIOL BC3597
BIOL BC3597",,20271BIOL3597X010,INDEPENDENT
BIOL BC3597,GUIDED RESEARCH,"Similar to BIOL BC3591-BIOL BC3592, this is a one-semester course that provides students with degree credit for unpaid research 
without 
a seminar component. You may enroll in BIOL BC3597 for between 1-4 credits per semester. As a rule of thumb, you should be spending approximately 3 hours per week per credit on your research project.
  
A 
Project Approval Form
 must be submitted to the department each semester that you enroll in this course. Your Barnard research mentor (if your lab is at Barnard) or internal adviser in the Biology Department (if your lab is elsewhere) must approve your planned research 
before
 you enroll in BIOL BC3597. You should sign up for your mentor's section. 
  
This course does not fulfill any Biology major requirements.  It is open to students beginning in their first year.",Jessica Goldstein,,,00416,,X3597-20271-011,,Biological Sciences @Barnard,BIOL,https://doc.sis.columbia.edu/subj/BIOL/X3597-20271-011/,,,,1-4,"BIOL BC3591
BIOL BC3592
BIOL BC3597
BIOL BC3597",,20271BIOL3597X011,INDEPENDENT
BIOL BC3597,GUIDED RESEARCH,"Similar to BIOL BC3591-BIOL BC3592, this is a one-semester course that provides students with degree credit for unpaid research 
without 
a seminar component. You may enroll in BIOL BC3597 for between 1-4 credits per semester. As a rule of thumb, you should be spending approximately 3 hours per week per credit on your research project.
  
A 
Project Approval Form
 must be submitted to the department each semester that you enroll in this course. Your Barnard research mentor (if your lab is at Barnard) or internal adviser in the Biology Department (if your lab is elsewhere) must approve your planned research 
before
 you enroll in BIOL BC3597. You should sign up for your mentor's section. 
  
This course does not fulfill any Biology major requirements.  It is open to students beginning in their first year.",Emlyn J Resetarits,,,00417,,X3597-20271-012,,Biological Sciences @Barnard,BIOL,https://doc.sis.columbia.edu/subj/BIOL/X3597-20271-012/,,,,1-4,"BIOL BC3591
BIOL BC3592
BIOL BC3597
BIOL BC3597",,20271BIOL3597X012,INDEPENDENT
BUSI GU4300,Corporate Finance and Valuation,"This course introduces the fundamental principles of corporate finance and their application to real-world business decisions. Students will examine how companies determine value, measure risk, and make financing choices, while developing the tools to analyze corporate investments and capital structures.
  
Intellectual Goals and Rationale
 The course addresses core questions that drive business decision-making:
  
  
How do we determine what a company or investment opportunity is worth?
  
How do we value financial securities in an uncertain world?
  
What is risk? How do we measure it, and how does it affect the cost of capital?
  
What is the appropriate balance between debt and equity?
 
  
Course Content and Learning Approach
 Through a combination of theoretical frameworks, case discussions, and Excel-based financial modeling, students will build the ability to analyze complex financial scenarios. Lectures provide the foundations of valuation and financing, while case work applies these tools to real business challenges.
  
Why This Course Matters
 Valuation, investment evaluation, and financing decisions are central to careers in finance, consulting, entrepreneurship, and management. The skills gained—financial modeling, risk assessment, and valuation analysis—are directly relevant to roles in investment banking, private equity, corporate development, consulting, and executive leadership.
  
Who Should Take This Course
 This introductory finance course is open to students from all academic backgrounds who seek to strengthen their financial literacy and analytical capabilities. It is particularly valuable for:
  
  
Students considering careers in finance, consulting, or general management
  
Entrepreneurs who need to understand funding and valuation
  
Students in other fields interested in how businesses create and measure value
  
Those planning to pursue graduate business education
 
  
Prerequisites
  
  
Economics:
 ECON UN1105 Principles of Economics
  
Statistics (one of the following):
  
   
STAT UN1001 Intro to Statistical Reasoning
   
STAT UN1101 Introduction to Statistics
   
STAT UN1201 Calc-Based Introduction to Statistics
   
PSYC UN1610 Introductory Statistics for Behavioral Science
  
  
 
  
Cours",Haran Segram,,,10207,,W4300-20271-001,Corporate Finance & Valua,Mendelson Center,BUSI,https://doc.sis.columbia.edu/subj/BUSI/W4300-20271-001/,,In-Person,"Columbia College
General Studies",3,"ECON UN1105
PSYC UN1610
STAT UN1001
STAT UN1101
STAT UN1201",,20271BUSI4300W001,LECTURE
BUSI GU4377,Investment Strategies,"This course provides a comprehensive introduction to modern investment analysis, integrating two distinct yet complementary approaches: fundamental value investing and quantitative investment strategies. The first half focuses on value investing, emphasizing the economic analysis and valuation of a firm's business operations to estimate its fundamental value. Students will learn to assess competitive advantages and barriers to entry, apply valuation frameworks beyond standard DCF models, and manage risk in concentrated portfolios. The methodology is grounded in identifying a 'margin of safety' by investing when a company's market value is significantly below its intrinsic worth.
  
The second half shifts to quantitative investment strategies, exploring the tools and techniques used in an environment of continuous financial innovation. Topics include hedging and risk management, single- and multi-period portfolio optimization, the use of factor models and Principal Component Analysis (PCA) for investment decisions, and the construction of systematic and volatility-based strategies. A hands-on approach is used to highlight the applications and limitations of these quantitative methods. Upon completion, students will have a rich and coherent view of investing that combines a sound understanding of business economics with robust quantitative and risk management techniques.
 
 We recommend that students take Corporate Finance (BUSI 4280 and ECON 4280) beforehand and Capital Markets (BUSI 3705) or Financial Economics (ECON 3025) concurrently.",,,,10208,,W4377-20271-001,,Mendelson Center,BUSI,https://doc.sis.columbia.edu/subj/BUSI/W4377-20271-001/,,In-Person,"Columbia College
Engineering:Undergraduate
General Studies",3,,,20271BUSI4377W001,LECTURE
BUSI GU4518,Foundations of Entrepreneurship,"Entrepreneurship is one of the most important economic activities shaping the United States. Entrepreneurial processes play a role in delivering new solutions to social problems, they are a strong determinant of wealth inequality and spatial disparities, and underlie technological progress. The class Foundations of Entrepreneurship provides any undergraduate student a comprehensive introduction to what entrepreneurship is and how it functions, including understanding how an idea evolves into a company, the role of key actors in an entrepreneurial ecosystem, and experiencing the entrepreneurial process. The class is valuable to any student in science, engineering, and liberal arts who would like to understand what determines whether promising inventions and solutions fulfill their potential impact. It is offered as part of the Mendelson Center’s special program in business management.
  
The content is delivered incorporating lecture-based content, case discussions of existing companies, and group work to develop an early-stage idea and pitch it to a panel of investors.
  
Foundations of Entrepreneurship is a prerequisite to future lab-based entrepreneurship classes for undergraduates, Launch Your Startup and Entrepreneurial Greenhouse.
 
  
  
Prerequisite or Corequisite:
 
ECON 1105W
 (Principles of Economics) 
AND
 one of the following Statistics courses:
  
  
  
STAT 1001W
 (Intro to Statistical Reasoning)
  
  
  
STAT 1101W
 (Introduction to Statistics)
  
  
  
STAT 1201W
 (Calc-Based Intro to Statistics)
  
  
  
PSYC 1610W
 (Statistics for Behavioral Scientists)",Michael Mauskapf,,,10206,,W4518-20271-001,Foundations of Entreprene,Mendelson Center,BUSI,https://doc.sis.columbia.edu/subj/BUSI/W4518-20271-001/,,In-Person,"Columbia College
Engineering:Undergraduate
General Studies",3,,,20271BUSI4518W001,LECTURE
BUSI UN3021,MARKETING MANAGEMENT,"Designed to provide students with an understanding of the fundamental marketing concepts and their application by business and non-business organizations. The goal is to expose students to these concepts as they are used in a wide variety of settings, including consumer goods firms, manufacturing and service industries, and small and large businesses. The course gives an overview of marketing strategy issues, elements of a market (company, customers, and competition), as well as the fundamental elements of the marketing mix (product, price, placement/distribution, and promotion).",Silvia Bellezza,,,10210,,W3021-20271-001,,Mendelson Center,BUSI,https://doc.sis.columbia.edu/subj/BUSI/W3021-20271-001/,,In-Person,"Columbia College
General Studies",3,,,20271BUSI3021W001,LECTURE
BUSI UN3701,STRATEGY FORMULATION,"This class is an introduction to strategic management and the decisions that firms make in their historical context. We look at the growth of the large multi-product firm in almost all countries in the world and the the process by which they internationalized their activities and, very often, were also forced to retreat from their international positions.  We treat strategies as relation to two broad goals of the class: to understand why some companies are financially much more successful than others; and to analyze how managers can devise a set of actions (the strategy) and design processes and structures that allow their company to obtain a competitive advantage. You will learn the analytical tools developed in universities, in consulting and industrial firms, and even in the military.   These tools include what companies do to outperform their rivals; to analyze the competitive moves of rival firms by game-theoretic concepts; and when it makes sense for companies to diversify and globalize their business. Applications will be to Walmart and Apple, European firms and to Asian firms, and developing country firms.",Len Sherman,,,10209,,W3701-20271-001,,Mendelson Center,BUSI,https://doc.sis.columbia.edu/subj/BUSI/W3701-20271-001/,,In-Person,"Columbia College
General Studies",3,,,20271BUSI3701W001,LECTURE
CHEM BC3230,ORGANIC CHEMISTRY I-LEC,"Prerequisites: CHEM BC2001 or equivalent. Credit will not be given for any course below the 3000 level after completing CHEM BC3230 or its equivalent. Corequisites: With lab, counts towards Lab Science requirement. Atomic and molecular structure; stereochemistry of organic molecules; introduction to organic reactions, reaction mechanisms, and synthesis.",Christian Rojas,,,00448,,X3230-20271-001,,Chemistry @Barnard,CHEM,https://doc.sis.columbia.edu/subj/CHEM/X3230-20271-001/,,,,3,"CHEM BC2001
CHEM BC3230",,20271CHEM3230X001,LECTURE
CHEM BC3232,Descriptive Inorganic Chemistry,"Prerequisites: CHEM BC2001.
  
This course explores the periodic table in ways that deepen appreciation of the chemistry of the elements. It extends tools introduced in general chemistry with a particular focus on the rich and varied chemistry of the transition metal elements. Requiring only general chemistry, this course is open to students with interests in the role that metal ions play in biology, biochemistry, neuroscience and environmental science.",,,,00449,,X3232-20271-001,DESCRIPTIVE INORG. CHEMIS,Chemistry @Barnard,CHEM,https://doc.sis.columbia.edu/subj/CHEM/X3232-20271-001/,,,,3,CHEM BC2001,,20271CHEM3232X001,LECTURE
CHEM BC3242,QUANTITATIVE ANALYSIS,"Prerequisites: CHEM BC3231, MATH UN1101, and permission of instructor.
  
Survey of topics appropriate for a student majoring in chemistry or biochemistry, including examinations of uncertainty analysis and data processing, use of basic laboratory equipment, complex equilibria (pH, solubility, etc.), advanced solution chemistry and chemical activity, and the theoretical foundations of modern techniques in electrochemistry, chromatography and analytical experimental techniques.",Angela L Paoletta,,,00450,,X3242-20271-001,,Chemistry @Barnard,CHEM,https://doc.sis.columbia.edu/subj/CHEM/X3242-20271-001/,,,,3,"CHEM BC3231
MATH UN1101",,20271CHEM3242X001,LECTURE
CHEM BC3252,THERMODYNAMICS-KINETICS,"Prerequisites: CHEM BC3231, PHYS BC2001, PHYS BC 2002, MATH UN1102 or MATH UN1201. Introduction to the laws of thermodynamics; application primarily to ideal systems. Free energy and equilibrium. Kinetics: rate laws and mechanisms, experimental techniques.",,,,00451,,X3252-20271-001,,Chemistry @Barnard,CHEM,https://doc.sis.columbia.edu/subj/CHEM/X3252-20271-001/,,,,3,"CHEM BC3231
MATH UN1102
MATH UN1201
PHYS BC2001",,20271CHEM3252X001,LECTURE
CHEM BC3271,INORGANIC CHEMISTRY,"Prerequisites: CHEM BC3231 or Permission of Instructor. Structure, bonding and spectroscopy in inorganic compounds: applications of group theory to chemistry; ligand field theory; vibrational and electronic spectroscopy of transition metal complexes; selected topics from coordination chemistry, organometallics, bioinorganic chemistry, solid state and materials chemistry, mineralogy, and biogeochemistry.",Michael Campbell,,,00452,,X3271-20271-001,,Chemistry @Barnard,CHEM,https://doc.sis.columbia.edu/subj/CHEM/X3271-20271-001/,,,,3,CHEM BC3231,,20271CHEM3271X001,LECTURE
CHEM BC3280,ADVANCED ORGANIC CHEMISTRY,"Prerequisites: One year of organic chemistry. Survey of topics in structural, mechanistic, and synthetic organic chemistry, including molecular orbital treatment of structure, bonding, and chemical reactivity; elucidation of organic reaction mechanisms; pericyclic reactions; stereoelectronic effects; reactive intermediates; asymmetric reactions; and natural product total synthesis.",,,,00453,,X3280-20271-001,ADVANCED ORGANIC CHEMISTR,Chemistry @Barnard,CHEM,https://doc.sis.columbia.edu/subj/CHEM/X3280-20271-001/,,,,3,,,20271CHEM3280X001,LECTURE
CHEM BC3282,BIOLOGICAL CHEMISTRY,"Prerequisites: (CHEM BC3230) and (CHEM BC3231) BIOL BC1502. Introduction to biochemical building blocks, macromolecules, and metabolism. Structures of amino acids, lipids, carbohydrates, nucleic acids. Protein structure and folding. Enzyme mechanisms, kinetics, allostery. Membranes and biosignaling. Catabolism and anabolism with emphasis on chemical intermediates, metabolic energy, catalysis by specific enzymes, regulation.",Lori Cobani,,,00454,,X3282-20271-001,,Chemistry @Barnard,CHEM,https://doc.sis.columbia.edu/subj/CHEM/X3282-20271-001/,,,,3,"BIOL BC1502
CHEM BC3230
CHEM BC3231",,20271CHEM3282X001,LECTURE
CHEM BC3283,BIOLOGICAL CHEMISTRY II,"Prerequisites: CHEM BC3282 or equivalent. Advanced topics in the field of biochemistry, including enzyme mechanisms, pharmaceutical drug design, and disease therapies. Emphasis will be placed on discussion of current scientific literature.",Christina Vizcarra,,,00455,,X3283-20271-001,,Chemistry @Barnard,CHEM,https://doc.sis.columbia.edu/subj/CHEM/X3283-20271-001/,,,,3,CHEM BC3282,,20271CHEM3283X001,LECTURE
CHEM BC3328,INTRO ORGANIC CHEMISTRY-LAB,"Prerequisites: (CHEM BC2001) General Chemistry I with lab. Corequisites: CHEM BC3230 Basic techniques of experimental organic chemistry. Principles and methods of separation, purification, and characterization of organic compounds. Selected organic reactions.",Meenakshi S Rao,,,00456,,X3328-20271-001,INTRO ORGANIC CHEMISTRY-L,Chemistry @Barnard,CHEM,https://doc.sis.columbia.edu/subj/CHEM/X3328-20271-001/,,,,2.5,"CHEM BC2001
CHEM BC3230",,20271CHEM3328X001,LABORATORY
CHEM BC3328,INTRO ORGANIC CHEMISTRY-LAB,"Prerequisites: (CHEM BC2001) General Chemistry I with lab. Corequisites: CHEM BC3230 Basic techniques of experimental organic chemistry. Principles and methods of separation, purification, and characterization of organic compounds. Selected organic reactions.",Meenakshi S Rao,,,00457,,X3328-20271-002,INTRO ORGANIC CHEMISTRY-L,Chemistry @Barnard,CHEM,https://doc.sis.columbia.edu/subj/CHEM/X3328-20271-002/,,,,2.5,"CHEM BC2001
CHEM BC3230",,20271CHEM3328X002,LABORATORY
CHEM BC3328,INTRO ORGANIC CHEMISTRY-LAB,"Prerequisites: (CHEM BC2001) General Chemistry I with lab. Corequisites: CHEM BC3230 Basic techniques of experimental organic chemistry. Principles and methods of separation, purification, and characterization of organic compounds. Selected organic reactions.",Meenakshi S Rao,,,00458,,X3328-20271-003,INTRO ORGANIC CHEMISTRY-L,Chemistry @Barnard,CHEM,https://doc.sis.columbia.edu/subj/CHEM/X3328-20271-003/,,,,2.5,"CHEM BC2001
CHEM BC3230",,20271CHEM3328X003,LABORATORY
CHEM BC3328,INTRO ORGANIC CHEMISTRY-LAB,"Prerequisites: (CHEM BC2001) General Chemistry I with lab. Corequisites: CHEM BC3230 Basic techniques of experimental organic chemistry. Principles and methods of separation, purification, and characterization of organic compounds. Selected organic reactions.",Meenakshi S Rao,,,00459,,X3328-20271-004,INTRO ORGANIC CHEMISTRY-L,Chemistry @Barnard,CHEM,https://doc.sis.columbia.edu/subj/CHEM/X3328-20271-004/,,,,2.5,"CHEM BC2001
CHEM BC3230",,20271CHEM3328X004,LABORATORY
CHEM BC3328,INTRO ORGANIC CHEMISTRY-LAB,"Prerequisites: (CHEM BC2001) General Chemistry I with lab. Corequisites: CHEM BC3230 Basic techniques of experimental organic chemistry. Principles and methods of separation, purification, and characterization of organic compounds. Selected organic reactions.",Meenakshi S Rao,,,00460,,X3328-20271-006,INTRO ORGANIC CHEMISTRY-L,Chemistry @Barnard,CHEM,https://doc.sis.columbia.edu/subj/CHEM/X3328-20271-006/,,,,2.5,"CHEM BC2001
CHEM BC3230",,20271CHEM3328X006,LABORATORY
CHEM BC3328,INTRO ORGANIC CHEMISTRY-LAB,"Prerequisites: (CHEM BC2001) General Chemistry I with lab. Corequisites: CHEM BC3230 Basic techniques of experimental organic chemistry. Principles and methods of separation, purification, and characterization of organic compounds. Selected organic reactions.",Meenakshi S Rao,,,00494,,X3328-20271-005,INTRO ORGANIC CHEMISTRY-L,Chemistry @Barnard,CHEM,https://doc.sis.columbia.edu/subj/CHEM/X3328-20271-005/,,,,2.5,"CHEM BC2001
CHEM BC3230",,20271CHEM3328X005,LABORATORY
CHEM BC3338,QUANTITATVE-INSTRMNTL TECH-LAB,"Prerequisites: CHEM BC3231 and CHEM BC3333 
  
Quantitative techniques in volumetric analysis, pH measurement, UV-Visible, absorption, and fluorescence spectroscopy, and chromatographic separations. Data analysis with spreadsheets.",Angela L Paoletta,,,00461,,X3338-20271-001,QUANTITATVE-INSTRMNTL TEC,Chemistry @Barnard,CHEM,https://doc.sis.columbia.edu/subj/CHEM/X3338-20271-001/,,,,3,"CHEM BC3231
CHEM BC3333",,20271CHEM3338X001,LECTURE
CHEM BC3338,QUANTITATVE-INSTRMNTL TECH-LAB,"Prerequisites: CHEM BC3231 and CHEM BC3333 
  
Quantitative techniques in volumetric analysis, pH measurement, UV-Visible, absorption, and fluorescence spectroscopy, and chromatographic separations. Data analysis with spreadsheets.",Angela L Paoletta,,,00462,,X3338-20271-002,QUANTITATVE-INSTRMNTL TEC,Chemistry @Barnard,CHEM,https://doc.sis.columbia.edu/subj/CHEM/X3338-20271-002/,,,,3,"CHEM BC3231
CHEM BC3333",,20271CHEM3338X002,LECTURE
CHEM BC3346,ADV SPECTROS CHEMISTRY - LECT,"Corequisites: CHEM BC3348 This course combines chemical synthesis, inorganic chemistry, physical chemistry, and nanoscience into experiments with an emphasis using spectroscopy to determine chemical structure and reactivity. you will gain experience with a range of instruments, techniques, calculations, and theories. Instrumentation will include UV-Visible, infrared, near-infrared, fluorescence, and Raman spectroscopy.",Marina Orman,,,00463,,X3346-20271-001,ADV SPECTROS CHEMISTRY -,Chemistry @Barnard,CHEM,https://doc.sis.columbia.edu/subj/CHEM/X3346-20271-001/,,,,0,CHEM BC3348,,20271CHEM3346X001,LECTURE
CHEM BC3348,"Advanced Spectroscopy, Measurement, and","Prerequisites: CHEM BC3333 or 3338 and CHEM BC3253 Corequisites: CHEM BC3271 This course combines chemical synthesis, inorganic chemistry, physical chemistry, and nanoscience into experiments with an emphasis using spectroscopy to determine chemical structure and reactivity. You will gain experience with a range of instruments, techniques, calculations, and theories. Instrumentation will include UV-Visible, infrared, near-infrared, fluorescence, and Raman spectroscopy.",Marina Orman,,,00464,,X3348-20271-001,Adv Spectroscopy Lab,Chemistry @Barnard,CHEM,https://doc.sis.columbia.edu/subj/CHEM/X3348-20271-001/,,,,3,"CHEM BC3253
CHEM BC3271
CHEM BC3333",,20271CHEM3348X001,LABORATORY
CHEM BC3348,"Advanced Spectroscopy, Measurement, and","Prerequisites: CHEM BC3333 or 3338 and CHEM BC3253 Corequisites: CHEM BC3271 This course combines chemical synthesis, inorganic chemistry, physical chemistry, and nanoscience into experiments with an emphasis using spectroscopy to determine chemical structure and reactivity. You will gain experience with a range of instruments, techniques, calculations, and theories. Instrumentation will include UV-Visible, infrared, near-infrared, fluorescence, and Raman spectroscopy.",,,,00465,,X3348-20271-002,Adv Spectroscopy Lab,Chemistry @Barnard,CHEM,https://doc.sis.columbia.edu/subj/CHEM/X3348-20271-002/,,,,3,"CHEM BC3253
CHEM BC3271
CHEM BC3333",,20271CHEM3348X002,LABORATORY
CHEM BC3355,BIOCHEMISTRY LAB TECHNIQUES,"Prerequisites: Organic II lab (CHEM BC3333, BC3335, or equivalent); Quantitative analysis lab (BC3338, BC3340, or equivalent); Biochemistry (CHEM BC3282y, CHEM C3501, or equivalent).
  
Theory and application of fundamental techniques for the isolation, synthesis and characterization of biological macromolecules including proteins, lipids, nucleotides and carbohydrates. Techniques include spectroscopic analysis, gel electrophoresis, chromatography, enzyme kinetics, immunoblotting, PCR, molecular cloning and cell culture, as well as modern laboratory instrumentation, such as UV-Vis, GC-MS and HPLC.",Rebecca Donegan,,,00466,,X3355-20271-001,BIOCHEMISTRY LAB TECHNIQU,Chemistry @Barnard,CHEM,https://doc.sis.columbia.edu/subj/CHEM/X3355-20271-001/,,,,5,"BC3335
BC3338
BC3340
CHEM BC3282
CHEM BC3333
CHEM C3501",,20271CHEM3355X001,LABORATORY
CHEM BC3597,PROBLEMS IN CHEMISTRY,"Prerequisites: CHEM BC3328 and permission of instructor. Individual research projects at Barnard or Columbia, culminating in a comprehensive written report.",Christian Rojas,,,00480,,X3597-20271-001,,Chemistry @Barnard,CHEM,https://doc.sis.columbia.edu/subj/CHEM/X3597-20271-001/,,,,2,CHEM BC3328,,20271CHEM3597X001,INDEPENDENT
CHEM BC3597,PROBLEMS IN CHEMISTRY,"Prerequisites: CHEM BC3328 and permission of instructor. Individual research projects at Barnard or Columbia, culminating in a comprehensive written report.",Marisa C Buzzeo,,,00481,,X3597-20271-002,,Chemistry @Barnard,CHEM,https://doc.sis.columbia.edu/subj/CHEM/X3597-20271-002/,,,,2,CHEM BC3328,,20271CHEM3597X002,INDEPENDENT
CHEM BC3597,PROBLEMS IN CHEMISTRY,"Prerequisites: CHEM BC3328 and permission of instructor. Individual research projects at Barnard or Columbia, culminating in a comprehensive written report.",Dina C Merrer,,,00482,,X3597-20271-003,,Chemistry @Barnard,CHEM,https://doc.sis.columbia.edu/subj/CHEM/X3597-20271-003/,,,,2,CHEM BC3328,,20271CHEM3597X003,INDEPENDENT
CHEM BC3597,PROBLEMS IN CHEMISTRY,"Prerequisites: CHEM BC3328 and permission of instructor. Individual research projects at Barnard or Columbia, culminating in a comprehensive written report.",Andrew C Crowther,,,00484,,X3597-20271-004,,Chemistry @Barnard,CHEM,https://doc.sis.columbia.edu/subj/CHEM/X3597-20271-004/,,,,2,CHEM BC3328,,20271CHEM3597X004,INDEPENDENT
CHEM BC3597,PROBLEMS IN CHEMISTRY,"Prerequisites: CHEM BC3328 and permission of instructor. Individual research projects at Barnard or Columbia, culminating in a comprehensive written report.",Michael Campbell,,,00485,,X3597-20271-005,,Chemistry @Barnard,CHEM,https://doc.sis.columbia.edu/subj/CHEM/X3597-20271-005/,,,,2,CHEM BC3328,,20271CHEM3597X005,INDEPENDENT
CHEM BC3597,PROBLEMS IN CHEMISTRY,"Prerequisites: CHEM BC3328 and permission of instructor. Individual research projects at Barnard or Columbia, culminating in a comprehensive written report.",Rachel Austin,,,00486,,X3597-20271-006,,Chemistry @Barnard,CHEM,https://doc.sis.columbia.edu/subj/CHEM/X3597-20271-006/,,,,2,CHEM BC3328,,20271CHEM3597X006,INDEPENDENT
CHEM BC3597,PROBLEMS IN CHEMISTRY,"Prerequisites: CHEM BC3328 and permission of instructor. Individual research projects at Barnard or Columbia, culminating in a comprehensive written report.",Christina Vizcarra,,,00487,,X3597-20271-007,,Chemistry @Barnard,CHEM,https://doc.sis.columbia.edu/subj/CHEM/X3597-20271-007/,,,,2,CHEM BC3328,,20271CHEM3597X007,INDEPENDENT
CHEM BC3597,PROBLEMS IN CHEMISTRY,"Prerequisites: CHEM BC3328 and permission of instructor. Individual research projects at Barnard or Columbia, culminating in a comprehensive written report.",Rebecca Donegan,,,00489,,X3597-20271-008,,Chemistry @Barnard,CHEM,https://doc.sis.columbia.edu/subj/CHEM/X3597-20271-008/,,,,2,CHEM BC3328,,20271CHEM3597X008,INDEPENDENT
CHEM BC3597,PROBLEMS IN CHEMISTRY,"Prerequisites: CHEM BC3328 and permission of instructor. Individual research projects at Barnard or Columbia, culminating in a comprehensive written report.",,,,00490,,X3597-20271-009,,Chemistry @Barnard,CHEM,https://doc.sis.columbia.edu/subj/CHEM/X3597-20271-009/,,,,2,CHEM BC3328,,20271CHEM3597X009,INDEPENDENT
CHEM BC3599,PROBLEMS IN CHEMISTRY,"Prerequisites: CHEM BC3328 and permission of instructor. Individual research projects at Barnard or Columbia, culminating in a comprehensive written report.",Christian Rojas,,,00492,,X3599-20271-001,,Chemistry @Barnard,CHEM,https://doc.sis.columbia.edu/subj/CHEM/X3599-20271-001/,,,,4,CHEM BC3328,,20271CHEM3599X001,INDEPENDENT
CHEM BC3599,PROBLEMS IN CHEMISTRY,"Prerequisites: CHEM BC3328 and permission of instructor. Individual research projects at Barnard or Columbia, culminating in a comprehensive written report.",Marisa C Buzzeo,,,00493,,X3599-20271-002,,Chemistry @Barnard,CHEM,https://doc.sis.columbia.edu/subj/CHEM/X3599-20271-002/,,,,4,CHEM BC3328,,20271CHEM3599X002,INDEPENDENT
CHEM BC3599,PROBLEMS IN CHEMISTRY,"Prerequisites: CHEM BC3328 and permission of instructor. Individual research projects at Barnard or Columbia, culminating in a comprehensive written report.",Dina C Merrer,,,00495,,X3599-20271-003,,Chemistry @Barnard,CHEM,https://doc.sis.columbia.edu/subj/CHEM/X3599-20271-003/,,,,4,CHEM BC3328,,20271CHEM3599X003,INDEPENDENT
CHEM BC3599,PROBLEMS IN CHEMISTRY,"Prerequisites: CHEM BC3328 and permission of instructor. Individual research projects at Barnard or Columbia, culminating in a comprehensive written report.",Andrew C Crowther,,,00496,,X3599-20271-004,,Chemistry @Barnard,CHEM,https://doc.sis.columbia.edu/subj/CHEM/X3599-20271-004/,,,,4,CHEM BC3328,,20271CHEM3599X004,INDEPENDENT
CHEM BC3599,PROBLEMS IN CHEMISTRY,"Prerequisites: CHEM BC3328 and permission of instructor. Individual research projects at Barnard or Columbia, culminating in a comprehensive written report.",Michael Campbell,,,00498,,X3599-20271-005,,Chemistry @Barnard,CHEM,https://doc.sis.columbia.edu/subj/CHEM/X3599-20271-005/,,,,4,CHEM BC3328,,20271CHEM3599X005,INDEPENDENT
CHEM BC3599,PROBLEMS IN CHEMISTRY,"Prerequisites: CHEM BC3328 and permission of instructor. Individual research projects at Barnard or Columbia, culminating in a comprehensive written report.",Rachel Austin,,,00499,,X3599-20271-006,,Chemistry @Barnard,CHEM,https://doc.sis.columbia.edu/subj/CHEM/X3599-20271-006/,,,,4,CHEM BC3328,,20271CHEM3599X006,INDEPENDENT
CHEM BC3599,PROBLEMS IN CHEMISTRY,"Prerequisites: CHEM BC3328 and permission of instructor. Individual research projects at Barnard or Columbia, culminating in a comprehensive written report.",Christina Vizcarra,,,00500,,X3599-20271-007,,Chemistry @Barnard,CHEM,https://doc.sis.columbia.edu/subj/CHEM/X3599-20271-007/,,,,4,CHEM BC3328,,20271CHEM3599X007,INDEPENDENT
CHEM BC3599,PROBLEMS IN CHEMISTRY,"Prerequisites: CHEM BC3328 and permission of instructor. Individual research projects at Barnard or Columbia, culminating in a comprehensive written report.",Rebecca Donegan,,,00501,,X3599-20271-008,,Chemistry @Barnard,CHEM,https://doc.sis.columbia.edu/subj/CHEM/X3599-20271-008/,,,,4,CHEM BC3328,,20271CHEM3599X008,INDEPENDENT
CHEM BC3599,PROBLEMS IN CHEMISTRY,"Prerequisites: CHEM BC3328 and permission of instructor. Individual research projects at Barnard or Columbia, culminating in a comprehensive written report.",,,,00502,,X3599-20271-009,,Chemistry @Barnard,CHEM,https://doc.sis.columbia.edu/subj/CHEM/X3599-20271-009/,,,,4,CHEM BC3328,,20271CHEM3599X009,INDEPENDENT
CHEM BC3701,Modern Library Resources for Scientific,"Guided exploration of chemistry research using modern library resources. Topics include: organization and evaluation of information, information ethics, the history of citation, and use of databases. Culminates in the creation of an online research guide on a specific chemistry topic, using a variety of carefully considered and annotated sources.",,,,00467,,X3701-20271-001,Library Science Research,Chemistry @Barnard,CHEM,https://doc.sis.columbia.edu/subj/CHEM/X3701-20271-001/,,,,1,,,20271CHEM3701X001,INDEPENDENT
CHEM BC3902,SENIOR HONORS THESIS SEM,Weekly seminar to accompany Senior Honors Thesis Lab (CHEM BC3903). Focus is on scientific presentation and writing skills and research conduct.,Jean Vadakkan,,,00468,,X3902-20271-001,,Chemistry @Barnard,CHEM,https://doc.sis.columbia.edu/subj/CHEM/X3902-20271-001/,,,,4,CHEM BC3903,,20271CHEM3902X001,INDEPENDENT
CHEM BC3902,SENIOR HONORS THESIS SEM,Weekly seminar to accompany Senior Honors Thesis Lab (CHEM BC3903). Focus is on scientific presentation and writing skills and research conduct.,Christina Vizcarra,,,00469,,X3902-20271-002,,Chemistry @Barnard,CHEM,https://doc.sis.columbia.edu/subj/CHEM/X3902-20271-002/,,,,4,CHEM BC3903,,20271CHEM3902X002,INDEPENDENT
CHEM BC3904,SENIOR HONORS THESIS LAB,"Corequisites: CHEM BC3902 Guided research in Chemistry or Biochemistry, under the sponsorship of a faculty member, leading to the senior thesis. A minimum of 8 hours of research per week, to be arranged.",,,,00470,,X3904-20271-009,,Chemistry @Barnard,CHEM,https://doc.sis.columbia.edu/subj/CHEM/X3904-20271-009/,,,,0,CHEM BC3902,,20271CHEM3904X009,LABORATORY
CHEM BC3904,SENIOR HONORS THESIS LAB,"Corequisites: CHEM BC3902 Guided research in Chemistry or Biochemistry, under the sponsorship of a faculty member, leading to the senior thesis. A minimum of 8 hours of research per week, to be arranged.",Rebecca Donegan,,,00471,,X3904-20271-008,,Chemistry @Barnard,CHEM,https://doc.sis.columbia.edu/subj/CHEM/X3904-20271-008/,,,,0,CHEM BC3902,,20271CHEM3904X008,LABORATORY
CHEM BC3904,SENIOR HONORS THESIS LAB,"Corequisites: CHEM BC3902 Guided research in Chemistry or Biochemistry, under the sponsorship of a faculty member, leading to the senior thesis. A minimum of 8 hours of research per week, to be arranged.",Christina Vizcarra,,,00472,,X3904-20271-007,,Chemistry @Barnard,CHEM,https://doc.sis.columbia.edu/subj/CHEM/X3904-20271-007/,,,,0,CHEM BC3902,,20271CHEM3904X007,LABORATORY
CHEM BC3904,SENIOR HONORS THESIS LAB,"Corequisites: CHEM BC3902 Guided research in Chemistry or Biochemistry, under the sponsorship of a faculty member, leading to the senior thesis. A minimum of 8 hours of research per week, to be arranged.",Rachel Austin,,,00473,,X3904-20271-006,,Chemistry @Barnard,CHEM,https://doc.sis.columbia.edu/subj/CHEM/X3904-20271-006/,,,,0,CHEM BC3902,,20271CHEM3904X006,LABORATORY
CHEM BC3904,SENIOR HONORS THESIS LAB,"Corequisites: CHEM BC3902 Guided research in Chemistry or Biochemistry, under the sponsorship of a faculty member, leading to the senior thesis. A minimum of 8 hours of research per week, to be arranged.",Michael Campbell,,,00474,,X3904-20271-005,,Chemistry @Barnard,CHEM,https://doc.sis.columbia.edu/subj/CHEM/X3904-20271-005/,,,,0,CHEM BC3902,,20271CHEM3904X005,LABORATORY
CHEM BC3904,SENIOR HONORS THESIS LAB,"Corequisites: CHEM BC3902 Guided research in Chemistry or Biochemistry, under the sponsorship of a faculty member, leading to the senior thesis. A minimum of 8 hours of research per week, to be arranged.",Andrew C Crowther,,,00475,,X3904-20271-004,,Chemistry @Barnard,CHEM,https://doc.sis.columbia.edu/subj/CHEM/X3904-20271-004/,,,,0,CHEM BC3902,,20271CHEM3904X004,LABORATORY
CHEM BC3904,SENIOR HONORS THESIS LAB,"Corequisites: CHEM BC3902 Guided research in Chemistry or Biochemistry, under the sponsorship of a faculty member, leading to the senior thesis. A minimum of 8 hours of research per week, to be arranged.",Dina C Merrer,,,00476,,X3904-20271-003,,Chemistry @Barnard,CHEM,https://doc.sis.columbia.edu/subj/CHEM/X3904-20271-003/,,,,0,CHEM BC3902,,20271CHEM3904X003,LABORATORY
CHEM BC3904,SENIOR HONORS THESIS LAB,"Corequisites: CHEM BC3902 Guided research in Chemistry or Biochemistry, under the sponsorship of a faculty member, leading to the senior thesis. A minimum of 8 hours of research per week, to be arranged.",Marisa C Buzzeo,,,00477,,X3904-20271-002,,Chemistry @Barnard,CHEM,https://doc.sis.columbia.edu/subj/CHEM/X3904-20271-002/,,,,0,CHEM BC3902,,20271CHEM3904X002,LABORATORY
CHEM BC3904,SENIOR HONORS THESIS LAB,"Corequisites: CHEM BC3902 Guided research in Chemistry or Biochemistry, under the sponsorship of a faculty member, leading to the senior thesis. A minimum of 8 hours of research per week, to be arranged.",Christian Rojas,,,00479,,X3904-20271-001,,Chemistry @Barnard,CHEM,https://doc.sis.columbia.edu/subj/CHEM/X3904-20271-001/,,,,0,CHEM BC3902,,20271CHEM3904X001,LABORATORY
CHNS BC1002,First-Year Chinese II,"First Year Chinese II (CHNX1002) is the continuation of First Year Chinese I (CHNSX1001). It is designed for students with some prior knowledge of Mandarin Chinese and either one semester or one year of college-level learning experience in Mandarin Chinese. Upon successful completion of First Year Chinese II, students are expected to reach Novice High to Intermediate Low proficiency. At this level, you will be able to understand, interpret, speak, and write about everyday topics such as greetings, dining, and exchanging personal information. In addition to language skills, you will gain an understanding of the cultural products, practices, and perspectives of the Chinese-speaking world and be able to relate them to your own cultural experiences. As a language course, it emphasizes immersion: Chinese will be the primary language spoken and heard in the classroom.",Danwei Li,,,00691,,X1002-20271-001,,Asian and Middle East @Barnard,CHNS,https://doc.sis.columbia.edu/subj/CHNS/X1002-20271-001/,,,,5,"NX1002
SX1001",,20271CHNS1002X001,LANGUAGE
CHNS BC2002,Second Year Chinese II,"Second Year Chinese II (CHNX2002) is the continuation of Second Year Chinese I (CHNSX2001). It is designed for students who have completed a rigorous three-semester college-level Mandarin course or its equivalent. This course aims to develop proficiency in listening, speaking, reading, and writing at the Intermediate High to Advanced Low levels according to the ACTFL guidelines. Students will engage with real-world scenarios relevant to studying abroad and gain a deeper understanding of modern Chinese society and culture. Emphasis is placed on narration, description, comparison, and the development of intercultural competence through comparative cultural analysis. Course materials include dialogues and narratives to support vocabulary, grammar, communication, and cultural learning.",Danwei Li,,,00692,,X2002-20271-001,,Asian and Middle East @Barnard,CHNS,https://doc.sis.columbia.edu/subj/CHNS/X2002-20271-001/,,,,5,"NX2002
SX2001",,20271CHNS2002X001,LANGUAGE
CLIA UN3660,MAFIA MOVIES,"Examines representations of the mafia in American and Italian film and literature. Special attention to questions of ethnic identity and immigration. Comparison of the different histories and myths of the mafia in the U.S. and Italy. Readings includes novels, historical studies, and film criticism. Limit 25",Nelson Moe,,,00707,,V3660-20271-001,,Italian @Barnard,CLIA,https://doc.sis.columbia.edu/subj/CLIA/V3660-20271-001/,,,,3,,,20271CLIA3660V001,LECTURE
CLSL BC2301,Dreaming Empire: Britain & Russia in 19C,"The course falls neatly into two halves, addressing the British and Russian empires as they were in the 19th century. The purpose of the course is to become familiar with imperial thinking, the thought (pro-empire, anti-empire, and simply permeated by empire, to put it in terms familiar to a contemporary audience) implicit in various literary works of the time. For the most part, the readings assigned are primary texts. These will be heavily supplemented during course meetings: the instructor will bring in various materials that would be obscure if assigned to students outside of class, but with live explanations in-class, will enrich their understanding of the primary readings.
  
Most readings are literary texts, though students will also read and receive guidance in secondary academic literature about those works. A few philosophical and historical texts from the time under examination will also be assigned.",John C Wright,,,00769,,X2301-20271-001,Dreaming Empire: Brit&Rus,Slavic Languages @Barnard,CLSL,https://doc.sis.columbia.edu/subj/CLSL/X2301-20271-001/,,,,3,,,20271CLSL2301X001,LECTURE
COGS UN3902,Senior Project Seminar,Discussion of senior research projects during the fall and spring terms that culminate in written and oral senior theses. Each project must be supervised by a cognitive scientist working at Barnard or Columbia.,John Morrison,,,00557,,W3902-20271-001,SENIOR PROJECT SEMINAR,Cognitive Science @Barnard,COGS,https://doc.sis.columbia.edu/subj/COGS/W3902-20271-001/,,,,1,,,20271COGS3902W001,SEMINAR
COGS UN3950,"Language, Meaning, and Mind","In little more than fifty years linguistics has shifted from philological description to a cognitive-biological quest to uncover the mind’s language faculty. This seminar traces that shift through the generative tradition, which treats language as an innate “mental organ” whose universal grammar lets children build a full syntax from sparse input. We follow Minimalism’s bold reduction: a single operation called Merge, plus a finite lexicon and two interfaces, one to articulation and one to thought, yields the “digital infinity” of human expression. Framing this architecture in evolutionary terms, we confront Darwin’s problem: did language emerge gradually for communication or erupt suddenly from pre-existing cognitive parts? Evidence from birdsong, primate calls, and gesture helps separate general performance limits from the species-specific competence that remains uniquely human. Students will practice minimalist analyses and weigh competing biolinguistic accounts, using language as a window onto the design and origin of the human mind.",Nikita Bezrukov,,,00558,,W3950-20271-001,"Language, Meaning, and Mi",Cognitive Science @Barnard,COGS,https://doc.sis.columbia.edu/subj/COGS/W3950-20271-001/,,,,4,,,20271COGS3950W001,SEMINAR
COMS BC1016,Introduction to Computational Thinking a,"This course and its co-requisite lab course will introduce students to the methods and tools used in data science to obtain insights from data. Students will learn how to analyze data arising from real-world phenomena while mastering critical concepts and skills in computer programming and statistical inference. The course will involve hands-on analysis of real-world datasets, including economic data, document collections, geographical data, and social networks. The course is ideal for students looking to increase their digital literacy and expand their use and understanding of computation and data analysis across disciplines. No prior programming or college-level math background is required.",Faculty,,,00799,,X1016-20271-001,INTRO COMP THINK AND DATA SCI,Computer Science @Barnard,COMS,https://doc.sis.columbia.edu/subj/COMS/X1016-20271-001/,,,,3,,,20271COMS1016X001,LECTURE
COMS BC1016,Introduction to Computational Thinking a,"This course and its co-requisite lab course will introduce students to the methods and tools used in data science to obtain insights from data. Students will learn how to analyze data arising from real-world phenomena while mastering critical concepts and skills in computer programming and statistical inference. The course will involve hands-on analysis of real-world datasets, including economic data, document collections, geographical data, and social networks. The course is ideal for students looking to increase their digital literacy and expand their use and understanding of computation and data analysis across disciplines. No prior programming or college-level math background is required.",Tiffany Tseng,,,00800,,X1016-20271-002,INTRO COMP THINK AND DATA SCI,Computer Science @Barnard,COMS,https://doc.sis.columbia.edu/subj/COMS/X1016-20271-002/,,,,3,,,20271COMS1016X002,LECTURE
COMS BC3160,COMPUTER GRAPHICS,"This undergraduate course introduces students to algorithms, data structures and mathematical principles used in computer graphics. Students will gain experience with OpenGL and graphics processing unit (GPU) programming and develop an understanding of the graphics pipeline. The topics covered include shading and illumination, sampling and reconstruction, ray tracing, graphics hardware, geometric and viewing transformations, rendering, modeling curves and surfaces and image-based methods. Near the end of the course, students will be introduced to topics in animation, global illumination and reflectance and modern concepts like neural rendering. Pre-Requisites: COMS W3157 Advanced Programming, Linear Algebra (COMS W3251, APMA E3101, APMA E2101, MATH UN2010, or MATH UN2015), and Calculus I or higher.
  
Please note: 
  
Due to significant overlap in content, only one of COMS BC3160 or COMS W4160 may be taken for credit.",Niall Williams,,,00802,,X3160-20271-001,,Computer Science @Barnard,COMS,https://doc.sis.columbia.edu/subj/COMS/X3160-20271-001/,,,,3,"APMA E2101
APMA E3101
COMS BC3160
COMS W3157
COMS W3251
COMS W4160
MATH UN2010
MATH UN2015",,20271COMS3160X001,LECTURE
COMS BC3262,INTRODUCTION TO CRYPTOGRAPHY,"This course is an introduction to modern cryptography, focusing on the complexity-theoretic foundations of secure computation and communication in adversarial environments, precise definitions, and provably secure protocols. Topics include private and public key encryption schemes, digital signatures, authentication, pseudorandom generators and functions, one-way functions, trapdoor functions, number theory and computational hardness, identification and zero knowledge protocols.",Eysa Lee,,,00803,,X3262-20271-001,INTRODUCTION TO CRYPTOGRA,Computer Science @Barnard,COMS,https://doc.sis.columbia.edu/subj/COMS/X3262-20271-001/,,,,3,,,20271COMS3262X001,LECTURE
COMS BC3411,HUMAN-CENTERED SOCIAL NETWORK ANALYSIS,"Social media platforms enable millions of people to contribute their own information to web-enabled systems. This course prepares students to grapple with and analyze this information as they explore questions at the intersection of computational systems and social behavior. Student projects focus on studying real-world challenges and opportunities in current social media platforms by analyzing the vast amounts of data people leave behind, applying both computational and qualitative techniques. Readings and discussions guide students in reasoning about the ethics of working with this kind of data and approaching it from a human-centered perspective. Students must be comfortable with programming in python.",Ahmer Arif,,,00896,,X3411-20271-001,HUMAN-CNTRD SOC NTWK ANAL,Computer Science @Barnard,COMS,https://doc.sis.columbia.edu/subj/COMS/X3411-20271-001/,,,,4,,,20271COMS3411X001,SEMINAR
COMS BC3430,Computational Sound,"In this course, we explore the variety of roles that computation can play in the analysis, creation, and performance of music. We start with the fundamentals of sound in the digital domain, covering issues of representation and audio synthesis. We then move through various synthesis techniques including the additive, subtractive, frequency modulation (FM), and amplitude modulation (AM) synthesis. After covering some core DSP techniques, we put these concepts into performative practice by exploring “live coding”. In the space of live coding, we examine various programming language designs to understand how various domain specific languages (DSLs) support live coding. For the third module, we turn our focus to automated composition and analysis, addressing challenges in music information retrieval, generative art, and autonomous improvisation systems. All the while, we continue to develop our fluency in live coding by putting new topics to practice.",Mark Santolucito,,,00805,,X3430-20271-001,COMPUTATIONAL SOUND,Computer Science @Barnard,COMS,https://doc.sis.columbia.edu/subj/COMS/X3430-20271-001/,,,,3,,,20271COMS3430X001,LECTURE
COMS BC3707,LARGE LANGUAGE MODELS: FOUNDATIONS AND E,"Large Language Models (LLMs) such as GPT-3, ChatGPT, LLaMA are models that are trained on large amounts of data and are adaptable to a wide range of tasks. They are the basis of most state-of-the-art systems in Natural Language Processing. While the potential of these technologies for social good is large, the risks are also comparable. In this course, the students will learn the fundamentals about the modeling, theory and ethical aspects of LLMs and their applications, while gaining experience working with them. The course will be structured as a seminar, where one class is dedicated to instructor-led lecture and one to studentled discussion of papers around topics covered in the lecture. Each paper discussion will be structured as a panel of 3-4 students, each with an assigned role. Each panel role covers one aspect of critically assessing an academic/industry paper. Everyone in the class should participate by commenting and asking questions from the panel. The class is project-based, meaning there will be a semester-long project focused on evaluating LLMs and/or building LLMs around a topic/problem/task you care about, with an end of semester final paper. The projects will be done by groups of 3-4 students.
  
Prerequisite(s): COMS W3134 or W3136 or W3137 (or equivalent). Background in probability/statistics and linear algebra is also required and experience with Python programming is strongly encouraged. Some previous or concurrent exposure to NLP, AI or machine learning is beneficial, but not required.",Smaranda Muresan,,,00806,,X3707-20271-001,LLM FOUNDATIONS AND ETHIC,Computer Science @Barnard,COMS,https://doc.sis.columbia.edu/subj/COMS/X3707-20271-001/,,,,3,"COMS W3134
W3136
W3137",,20271COMS3707X001,SEMINAR
COMS BC3892,SENIOR THESIS SEMINAR,"Computer Science majors at Barnard can choose to pursue a year-long senior research thesis for their senior experience. A senior thesis is intended to be a substantial piece of work in which the student engages in independent and original research. They should register for two semesters of research projects in CS through their faculty advisor’s home department (Barnard or Columbia), each for at least 3 credits (one in Fall and one in the Spring). They should additionally register for this course. The main goal is to provide students with a venue to discuss their senior thesis projects with each other. In the seminar, students learn how to communicate and present their work. They also become more familiar with other students’ areas of research and other types of research projects that fall under the umbrella of computer science. The seminar sometimes also features guest speakers in various areas of CS; students participate and engage in discussion with the speaker, further developing their research communication skills. The instructor of this course functions as a secondary advisor for the students’ projects. At the end of the academic year, the students present their projects to the CS community at Barnard.",Tiffany Tseng,,,00894,,X3892-20271-001,,Computer Science @Barnard,COMS,https://doc.sis.columbia.edu/subj/COMS/X3892-20271-001/,,,,1,,,20271COMS3892X001,SEMINAR
COMS BC3930,Creative Embedded Systems,"Ubiquitous computing is creating new canvases and opportunities for creative ideas.
 This class explores the use of microprocessors, distributed sensor networks, IoT,
 and intermedia systems for the purposes of creative expression. The course is delivered
 in a mixed lecture and lab format that introduces the fundamental concepts
 and theory behind embedded systems as well as issues particular to their creative
 employment. The key objective of the course is for students to conceive of and
 implement creative uses of computation.",Mark Santolucito,,,00807,,X3930-20271-001,CREATIVE EMBEDDED SYSTEMS,Computer Science @Barnard,COMS,https://doc.sis.columbia.edu/subj/COMS/X3930-20271-001/,,,,3,,,20271COMS3930X001,LECTURE
COMS BC3997,NEW DIRECTIONS IN COMPUTING,"This is an undergraduate seminar for special topics in computing arranged as the need and availability arises. Topics are usually offered on a one-time basis.  Participation requires permission of the instructor.  Since the content of this course changes each time it is offered, it may be repeated for credit.",Murad Megjhani,,,00808,,X3997-20271-001,AI & MEDICAL APPLICATIONS,Computer Science @Barnard,COMS,https://doc.sis.columbia.edu/subj/COMS/X3997-20271-001/,,,,1-3,,,20271COMS3997X001,SEMINAR
CPLT BC2088,INTRODUCTION TO ANIMAL STUDIES,"The course introduces students to animal studies, a multidisciplinary field that investigates relations
 between human and nonhuman animals across historical periods, political regimes, cultural contexts, and
 institutional settings. Beginning with the foundational concepts of animal studies and moving toward
 contemporary debates, the course traces how animals have been mediated through philosophy, science,
 and law, as well as cultural artifacts. Through readings of classic and contemporary texts—from Aristotle,
 Descartes, and Bentham to Peter Singer, Carol J. Adams, and Donna J. Haraway—the course examines
 how ideas concerning animal nature, moral worth, legal status, and political inclusion are produced,
 contested, and transformed.",Hana Worthen,,,00732,,X2088-20271-001,INTRO TO ANIMAL STUDIES,Comparative Literature and Society @Barnard,CPLT,https://doc.sis.columbia.edu/subj/CPLT/X2088-20271-001/,,,,3,,,20271CPLT2088X001,LECTURE
CPLT BC3000,GLOBAL LONG-FORM PHOTOGRAPHY: HISTORY AN,"This course explores the photographic essay as a distinct visual language. We will examine how photographic artists and photojournalists use sequences of images to construct narratives that communicate complex ideas about the past. In an age when nearly everyone carries a camera to capture the present, many photographers have turned their lenses toward the past to illuminate personal histories and collective memories. Through weekly seminars, we will explore how contemporary photographers around the world challenge national narratives and reimagine history. We will consider how photography—often seen as the medium most bound to the present—can evoke what is absent or lost. Focusing on artists from Asia, Africa, Latin America, North America, and the Middle East, we will explore how their work engages collective memory in relation to dictatorship, state violence, and contested histories. Finally, we will investigate how artists have used re-enactment, commemoration, re-imaging, and inclusive archiving to engage with history and memory through visual practice.",Diana Matar,,,00733,,X3000-20271-001,GLOBAL LONG-FORM PHOTOGRA,Comparative Literature and Society @Barnard,CPLT,https://doc.sis.columbia.edu/subj/CPLT/X3000-20271-001/,,,,4,,,20271CPLT3000X001,SEMINAR
CPLT BC3107,Translating the Animal,"Through readings in language philosophy, translation studies, and critical animal studies, 
Translating the Animal
 explores how translation, language, and reason have historically worked together to maintain speciesism, preventing human animals from perceiving their commonalities with, and attunement to, sentient nonhuman beings.",Hana Worthen,,,00734,,X3107-20271-001,TRANSLATING THE ANIMAL,Comparative Literature and Society @Barnard,CPLT,https://doc.sis.columbia.edu/subj/CPLT/X3107-20271-001/,,,,4,,,20271CPLT3107X001,SEMINAR
CPLT BC3143,TOPICS COMPARATIVE LIT,"The objective of this class is to examine a given topic and relate it to a number of literary texts. Students will examine a variety of literary genres and to an equally wide variety of cultural, linguistic, and historical contexts.",Daniella Gitlin,,,00735,,X3143-20271-001,LITERATURE AND WAR,Comparative Literature and Society @Barnard,CPLT,https://doc.sis.columbia.edu/subj/CPLT/X3143-20271-001/,,,,3,,,20271CPLT3143X001,LECTURE
CPLT BC3200,THE VISUAL AND VERBAL ARTS,"Analysis and discussion of the relation of literature to painting, photography, and film. Emphasis on artistic and literary concepts concerning the visual dimension of narrative and poetic texts from Homer to Burroughs. Explores the role of description, illustration, and montage in realist and modern literature.",Erk Grimm,,,00736,,X3200-20271-001,THE VISUAL AND VERBAL ART,Comparative Literature and Society @Barnard,CPLT,https://doc.sis.columbia.edu/subj/CPLT/X3200-20271-001/,,,,3,,,20271CPLT3200X001,LECTURE
CPLT BC3510,ADVANCED WORKSHOP TRANSLA,"Maurice Blanchot once described translators as the “hidden masters of culture.” Indeed, though our labor and craft often go unrecognized in the age of Google Translate, translators play an essential role as tastemakers, bridge-builders, advocates, and diplomats, not to mention the most intimate readers and re-writers of literature. In this workshop, we will explore translation as a praxis of writing, reading, and revision. Together, we will also interrogate translation's complex and often fraught role in cultural production. What ethical questions does translation raise? Who gets to translate, and what gets translated? What is the place of the translator in the text? What can translation teach us about language, literature, and ourselves? Readings will include selections from translation theory, method texts, and literary translations across genres, from poetry and prose to essay and memoir. Students will workshop original translations into English and complete brief writing and translation exercises throughout.",Daniella Gitlin,,,00737,,X3510-20271-001,,Comparative Literature and Society @Barnard,CPLT,https://doc.sis.columbia.edu/subj/CPLT/X3510-20271-001/,,,,4,,,20271CPLT3510X001,WORKSHOP
CPLT BC3552,The Arabic Novel,"The novel in Arabic literature has often been the place where every attempt to look within ends up involving the need to contend with or measure the self against the European, the dominant culture. This took various forms. From early moments of easy-going and confident cosmopolitan travellers, such as Ahmad Faris al-Shidyaq, to later author, such as Tayeb Salih, mapping the existential fault lines between west and east. For this reason, and as well as being a modern phenomenon, the Arabic novel has also been a tool for translation, for bridging gaps and exposing what al-Shidyaq—the man credited with being the father of the modern Arabic novel, and himself a great translator—called ‘disjunction’. We will begin with his satirical, deeply inventive and erudite novel, published in 1855, Leg Over Leg. It is a book with an insatiable appetite for definitions and comparisons, with Words that had been lost or fell out of use (the author had an abiding interest in dictionaries that anticipates Jorge Louis Borges) and with locating and often subverting moments of connection and disconnection. We will then follow along a trajectory to the present, where we will read, in English translation, novels written in Arabic, from Egypt, Syria, Sudan, Morocco and Palestine. We will read them chronologically, starting with Leg Over Leg (1855) and finishing with Minor Detail, a novel that was only published last year.  Obviously, this does not claim to be a comprehensive survey; for that we would need several years and even then, we would fall short. Instead, the hope is that it will be a thrilling journey through some of the most facinating fiction ever written. Obviously, this does not claim to be a comprehensive survey; for that we would need several years and even then, we would fall short. Instead, the hope is that it will be a thrilling journey through some of the most fascinating fiction ever written.",Hisham Matar,,,00738,,X3552-20271-001,,Comparative Literature and Society @Barnard,CPLT,https://doc.sis.columbia.edu/subj/CPLT/X3552-20271-001/,,,,4,,,20271CPLT3552X001,SEMINAR
CPLT BC3997,SENIOR SEMINAR IN COMP LI,Designed for students writing a senior thesis and doing advanced research on two central literary fields in the students major. The course of study and reading material will be determined by the instructor(s) in consultation with students(s).,Emily Sun,,,00740,,X3997-20271-001,,Comparative Literature and Society @Barnard,CPLT,https://doc.sis.columbia.edu/subj/CPLT/X3997-20271-001/,,,,4,,,20271CPLT3997X001,RESEARCH SEM
DNCE BC1136,BALLET I,"This course is designed for the absolute beginner or the student returning to ballet class after a lengthy hiatus and is intended to familiarize the student with the classical ballet terminology, to foster independence in this particular vocabulary, to introduce the historical context of the Western art form and conventions of a ballet class. Learning the physical practice of this centuries-old craft will give the student basic classical ballet terminology as well as gaining an anatomical understanding of the body.",Vincent McCloskey,,,00136,,X1136-20271-001,,Dance @Barnard,DNCE,https://doc.sis.columbia.edu/subj/DNCE/X1136-20271-001/,,,,2,,,20271DNCE1136X001,STUDIO
DNCE BC1136,BALLET I,"This course is designed for the absolute beginner or the student returning to ballet class after a lengthy hiatus and is intended to familiarize the student with the classical ballet terminology, to foster independence in this particular vocabulary, to introduce the historical context of the Western art form and conventions of a ballet class. Learning the physical practice of this centuries-old craft will give the student basic classical ballet terminology as well as gaining an anatomical understanding of the body.",Juan Rodriguez,,,00137,,X1136-20271-002,,Dance @Barnard,DNCE,https://doc.sis.columbia.edu/subj/DNCE/X1136-20271-002/,,,,2,,,20271DNCE1136X002,STUDIO
DNCE BC1138,BALLET II,"This course is designed for the student with prior beginning ballet study, knowledge of the basic ballet vocabulary and the ability to process a combination with relative proficiency. During this semester you will be introduced to an expanded vocabulary, with focused attention will increase your technical ability, work with dynamics and speed, may work with a partner to analyze a movement combination or may be asked to produce and present a combination in class.",Vincent McCloskey,,,00139,,X1138-20271-001,,Dance @Barnard,DNCE,https://doc.sis.columbia.edu/subj/DNCE/X1138-20271-001/,,,,2,,,20271DNCE1138X001,STUDIO
DNCE BC1138,BALLET II,"This course is designed for the student with prior beginning ballet study, knowledge of the basic ballet vocabulary and the ability to process a combination with relative proficiency. During this semester you will be introduced to an expanded vocabulary, with focused attention will increase your technical ability, work with dynamics and speed, may work with a partner to analyze a movement combination or may be asked to produce and present a combination in class.",Juan Rodriguez,,,00140,,X1138-20271-002,,Dance @Barnard,DNCE,https://doc.sis.columbia.edu/subj/DNCE/X1138-20271-002/,,,,2,,,20271DNCE1138X002,STUDIO
DNCE BC1250,HIP HOP DANCE & CULTURE I,"This course introduces students to urban dance styles, focusing on the foundations and origins of hip-hop dance, street dance culture, and the physical vocabularies of hip-hop and freestyle dance. Classes are geared to condition the body for the rigors of hip-hop technique by developing strength, coordination, flexibility, stamina, and rhythmic awareness while developing an appreciation of choreographic movement and structures. Compositional elements of hip-hop will be introduced and students may compose brief movement sequences.",Kelly Peters,,,00142,,X1250-20271-001,,Dance @Barnard,DNCE,https://doc.sis.columbia.edu/subj/DNCE/X1250-20271-001/,,,,2,,,20271DNCE1250X001,STUDIO
DNCE BC1331,MODERN I,"This course is designed for movers with little or no experience with dance, or who are unfamiliar with modern dance styles. It is intended to introduce modern dance techniques, terminology, and historical context, as well as improve anatomical and spatial awareness, and foster physical confidence moving to music. Students of this course will also cultivate comfort with watching, interpreting, and discussing modern dance.",Caroline Fermin,,,00143,,X1331-20271-001,,Dance @Barnard,DNCE,https://doc.sis.columbia.edu/subj/DNCE/X1331-20271-001/,,,,2,,,20271DNCE1331X001,STUDIO
DNCE BC1331,MODERN I,"This course is designed for movers with little or no experience with dance, or who are unfamiliar with modern dance styles. It is intended to introduce modern dance techniques, terminology, and historical context, as well as improve anatomical and spatial awareness, and foster physical confidence moving to music. Students of this course will also cultivate comfort with watching, interpreting, and discussing modern dance.",Vincent McCloskey,,,00144,,X1331-20271-002,,Dance @Barnard,DNCE,https://doc.sis.columbia.edu/subj/DNCE/X1331-20271-002/,,,,2,,,20271DNCE1331X002,STUDIO
DNCE BC1331,MODERN I,"This course is designed for movers with little or no experience with dance, or who are unfamiliar with modern dance styles. It is intended to introduce modern dance techniques, terminology, and historical context, as well as improve anatomical and spatial awareness, and foster physical confidence moving to music. Students of this course will also cultivate comfort with watching, interpreting, and discussing modern dance.",Caroline Fermin,,,00145,,X1331-20271-003,,Dance @Barnard,DNCE,https://doc.sis.columbia.edu/subj/DNCE/X1331-20271-003/,,,,2,,,20271DNCE1331X003,STUDIO
DNCE BC1333,MODERN II,"This course is designed for movers with some experience with dance, or who are unfamiliar with modern dance styles. It is intended to introduce modern dance techniques, terminology, and historical context, as well as improve anatomical and spatial awareness, and foster physical confidence moving to music. Students of this course will also cultivate comfort with watching, interpreting, and discussing modern dance.",Caitlin Trainor,,,00147,,X1333-20271-001,,Dance @Barnard,DNCE,https://doc.sis.columbia.edu/subj/DNCE/X1333-20271-001/,,,,2,,,20271DNCE1333X001,STUDIO
DNCE BC1333,MODERN II,"This course is designed for movers with some experience with dance, or who are unfamiliar with modern dance styles. It is intended to introduce modern dance techniques, terminology, and historical context, as well as improve anatomical and spatial awareness, and foster physical confidence moving to music. Students of this course will also cultivate comfort with watching, interpreting, and discussing modern dance.",Caroline Fermin,,,00148,,X1333-20271-002,,Dance @Barnard,DNCE,https://doc.sis.columbia.edu/subj/DNCE/X1333-20271-002/,,,,2,,,20271DNCE1333X002,STUDIO
DNCE BC1820,Yoga for Dancers,"The study of yoga in practice and philosophy to deepen and complement dance training and performance.
 
  
Yoga is a broad term for different components. The study of  Yoga has 8 limbs or branches, one of which is an Asana (posture) practice. This yoga for dancers course focuses on Asana, Pranayama (breathing) and Meditation and reading to inform understanding of an ancient pratice and philosophy. 
Based on the principles and practices of Hatha yoga, one of the Asana yoga practices, students will  learn to integrate approaches to breathing and alignment to inform their movement practice and will learn the anatomy and histories behind the ancient practice.",Gabri Christa,,,00149,,X1820-20271-001,YOGA FOR DANCERS,Dance @Barnard,DNCE,https://doc.sis.columbia.edu/subj/DNCE/X1820-20271-001/,,,,2,,,20271DNCE1820X001,STUDIO
DNCE BC2138,BALLET III,"This course is designed for intermediate dancers who are interested in maintaining their established ballet technique as well as advancing their knowledge and familiarity with the classical vocabulary. Students of Ballet III should have completed two semesters of Ballet II or it’s equivalent, or one semester of Ballet III or its equivalent, and have a firm mental and physical understanding of barre exercises (plié, battement tendu, battement dégagé, rond de jambe à terre, battement fondu, frappé, and grand battement), as well as general center concepts such as adagio, waltz, pirouettes, and petit allegro (including changement, glissade, jeté, and assemblé). This is a graded, semester long, two credit course.",Antonio Carmena,,,00150,,X2138-20271-002,,Dance @Barnard,DNCE,https://doc.sis.columbia.edu/subj/DNCE/X2138-20271-002/,,,,2,,,20271DNCE2138X002,STUDIO
DNCE BC2140,BALLET IV,"This course is designed for advanced intermediate dancers who are interested in maintaining their established ballet technique as well as advancing their knowledge and familiarity with the classical vocabulary. Students of Ballet IV should have completed two semesters of Ballet III or its equivalent, or one semester of Ballet IV or its equivalent, and have a firm mental and physical understanding of ballet technical exercises. These include all barre exercises (plié, battement tendu, battement dégagé, rond de jambe à terre, battement fondu, battement frappé, and grand battement), as well as center exercises including adagio, waltz, pirouettes, petit allegro, and grand allegro. Focus of this class will be on how to practice ballet safely, efficiently, musically, and joyfully.",Cynthia Anderson,,,00151,,X2140-20271-001,,Dance @Barnard,DNCE,https://doc.sis.columbia.edu/subj/DNCE/X2140-20271-001/,,,,2,,,20271DNCE2140X001,STUDIO
DNCE BC2140,BALLET IV,"This course is designed for advanced intermediate dancers who are interested in maintaining their established ballet technique as well as advancing their knowledge and familiarity with the classical vocabulary. Students of Ballet IV should have completed two semesters of Ballet III or its equivalent, or one semester of Ballet IV or its equivalent, and have a firm mental and physical understanding of ballet technical exercises. These include all barre exercises (plié, battement tendu, battement dégagé, rond de jambe à terre, battement fondu, battement frappé, and grand battement), as well as center exercises including adagio, waltz, pirouettes, petit allegro, and grand allegro. Focus of this class will be on how to practice ballet safely, efficiently, musically, and joyfully.",Juan Rodriguez,,,00152,,X2140-20271-002,,Dance @Barnard,DNCE,https://doc.sis.columbia.edu/subj/DNCE/X2140-20271-002/,,,,2,,,20271DNCE2140X002,STUDIO
DNCE BC2249,JAZZ DANCE II,"In This JAZZ ll Level Course, 
You will develop a solid understanding within your body that demonstrates advanced  fundamentals, rhythm, technique, connectivity and phrasing necessary to communicate each movement. You will  learn new phrases and dynamic material while continuously applying technical information. We will delve deeper into technique preparing your body to perform more efficiently and effectively at a higher rate while reducing the risk of  injury.
  
Prerequisites: DNCE BC1247, BC1248 or permission of instructor.",Ehizoje J Azeke,,,00153,,X2249-20271-001,,Dance @Barnard,DNCE,https://doc.sis.columbia.edu/subj/DNCE/X2249-20271-001/,,,,2,"BC1248
DNCE BC1247",,20271DNCE2249X001,STUDIO
DNCE BC2250,HIP HOP DANCE & CULTURE II,"Prerequisites: Intermediate level of dance or permission of the instructor. This Course introduces intermediate level students to urban dance styles, focusing on foundations and origins of hip-hop dance, street dance culture, and the physical vocabularies of hip-hop and freestyle dance. Classes are geared to condition the body for the rigors of hip-hop technique by developing strength, coordination, flexibility, stamina, and rhythmic awareness, while developing an appreciation of choreographic movement and structures. Compositional elements of hip-hop will be introduced and students may compose brief movement sequences. The course meets twice weekly and is held in the dance studio. Prerequisite: Intermediate level of a dance form or permission of the instructor.",Kelly Peters,,,00420,,X2250-20271-001,HIP HOP DANCE &CULTURE II,Dance @Barnard,DNCE,https://doc.sis.columbia.edu/subj/DNCE/X2250-20271-001/,,,,2,,,20271DNCE2250X001,STUDIO
DNCE BC2252,AFRICAN DANCE I,"In West Africa, dance is part of daily life. It is used to mark occasions such a birth, death, harvest, and  marriage. It is also used to unite the community in times of crisis. West African dance is not as much a strict  technique as it is a movement coming from the spirit and the rhythm of the drum and the energy of the  people. While there are certain steps that go with specific rhythms, it leaves space for the individual  interpretation and improvisations which is an important element. Dancing is more about the communication  between dancer and drummer. The movement of West African dance tends to be energetic and big. It is very  expressive, and the energy is outward. 
  
Some African dance steps are taken directly from daily activities such as planting or hunting. Most, however,  are an expression of joy or release of the spirit. Dancing is done by communicating with a drummer to create  positive energy. It is a way to enjoy oneself and each other. In African dance, the name of the dance is the  same as the name of the rhythm played by the drummer. The individual steps that make up the dance do not  have names. In this course, we are going to be learning various West African dances such as Sikko, Socco,  Kuku, Mandiany, Farakorroba, Sunu, Soli, Lamba, Mandjo, Diambadong, Doundounba, Kaolask,  Thieboudjeune, Niarry---gorong, Ekongkong, Wolossodong, Zaouly, Ngorong, Niakka, Maraka, Djansa and  Lengeng/Kutiro.",Maguette Camara,,,00154,,X2252-20271-001,,Dance @Barnard,DNCE,https://doc.sis.columbia.edu/subj/DNCE/X2252-20271-001/,,,,2,,,20271DNCE2252X001,STUDIO
DNCE BC2252,AFRICAN DANCE I,"In West Africa, dance is part of daily life. It is used to mark occasions such a birth, death, harvest, and  marriage. It is also used to unite the community in times of crisis. West African dance is not as much a strict  technique as it is a movement coming from the spirit and the rhythm of the drum and the energy of the  people. While there are certain steps that go with specific rhythms, it leaves space for the individual  interpretation and improvisations which is an important element. Dancing is more about the communication  between dancer and drummer. The movement of West African dance tends to be energetic and big. It is very  expressive, and the energy is outward. 
  
Some African dance steps are taken directly from daily activities such as planting or hunting. Most, however,  are an expression of joy or release of the spirit. Dancing is done by communicating with a drummer to create  positive energy. It is a way to enjoy oneself and each other. In African dance, the name of the dance is the  same as the name of the rhythm played by the drummer. The individual steps that make up the dance do not  have names. In this course, we are going to be learning various West African dances such as Sikko, Socco,  Kuku, Mandiany, Farakorroba, Sunu, Soli, Lamba, Mandjo, Diambadong, Doundounba, Kaolask,  Thieboudjeune, Niarry---gorong, Ekongkong, Wolossodong, Zaouly, Ngorong, Niakka, Maraka, Djansa and  Lengeng/Kutiro.",Maguette Camara,,,00155,,X2252-20271-002,,Dance @Barnard,DNCE,https://doc.sis.columbia.edu/subj/DNCE/X2252-20271-002/,,,,2,,,20271DNCE2252X002,STUDIO
DNCE BC2253,AFRICAN DANCE II,"Prerequisites: DNCE BC2252 or permission of instructor.
  
In West Africa, dance is part of daily life. It is used to mark occasions such a birth,  death, harvest, and marriage. It is also used to unite the community in times of  crisis. West African dance is not as much a strict technique as it is a movement  coming from the spirit and the rhythm of the drum and the energy of the people.  While there are certain steps that go with specific rhythms, it leaves space for the  individual interpretation and improvisations which is an important element. Dancing  is more about the communication between dancer and drummer. The movement of  West African dance tends to be energetic and big. It is very expressive, and the  energy is outward. 
  
Some African dance steps are taken directly from daily activities such as planting or  hunting. Most, however, are an expression of joy or release of the spirit. Dancing is  done by communicating with a drummer to create positive energy. It is a way to  enjoy oneself and each other. 
  
In African dance, the name of the dance is the same as the name of the rhythm  played by the drummer. The individual steps that make up the dance do not have  names. 
  
In this course, we are going to be learning various West African dances such as  Sikko, Socco, Kuku, Mandiany, Farakorroba, Sunu, Soli, Lamba, Mandjo,  Diambadong, Doundounba, Kaolask, Thieboudjeune, Niarry-gorong, Ekongkong,  Wolossodong, Zaouly, Ngorong, Niakka, Maraka, Djansa and Lengeng/Kutiro.",Maguette Camara,,,00156,,X2253-20271-001,,Dance @Barnard,DNCE,https://doc.sis.columbia.edu/subj/DNCE/X2253-20271-001/,,,,2,DNCE BC2252,,20271DNCE2253X001,STUDIO
DNCE BC2255,AFRO-CUBAN DANCE,"This course introduces students to the African-based dances of Cuba, including dances for the Orisha, Rumba, and the immensely joyful “Rueda de Casino” style of Salsa. In addition to learning rhythms, songs, and dances, we will have an ongoing, informal discussion about the historical and contemporary significance of Afro-Cuban dance performance, making connections to personal experience through practice and ongoing reflection. We engage Afro-Cuban music and dance as a living and evolving tradition, where culture, artistry, and history are intimately bound.",Rebecca Bliss,,,00157,,X2255-20271-001,,Dance @Barnard,DNCE,https://doc.sis.columbia.edu/subj/DNCE/X2255-20271-001/,,,,2,,,20271DNCE2255X001,STUDIO
DNCE BC2256,Advanced Explorations in AfroCuban Dance,"An upper-level exploration of Afro-Cuban Dance focused on performance. Building on the foundation of Afro-Cuban Dance: Orisha, Rumba, Salsa, this course is a deeper dive into aesthetic principles, cultural themes, and improvisation as performance in the African dance context. Students explore multiple distinct dances and learn to engage the storytelling and cultural significance of each dance through improvisation with the drums. The course culminates with final, in-class presentations. Open to experienced movers and students who have completed Afro-Cuban Dance: Orisha, Rumba, Salsa. Permission of instructor required.",Rebecca Bliss,,,00158,,X2256-20271-001,Advanced AfroCuban Dance,Dance @Barnard,DNCE,https://doc.sis.columbia.edu/subj/DNCE/X2256-20271-001/,,,,2,,,20271DNCE2256X001,STUDIO
DNCE BC2260,HIP HOP DANCE & CULTURE III (ADVANCED),"Advanced technique and repertory in hip hop. Classes are geared to condition the body for the rigors of hip-hop technique by developing strength, coordination, flexibility, stamina, and rhythmic awareness, while developing an appreciation of choreographic movement and structures. Compositional elements of hip-hop will be introduced and students may compose brief movement sequences. The course meets twice weekly and is held in the dance studio.",Bo Park Park,,,00159,,X2260-20271-001,HIP HOP DANCE & CULTURE 3,Dance @Barnard,DNCE,https://doc.sis.columbia.edu/subj/DNCE/X2260-20271-001/,,,,2,,,20271DNCE2260X001,STUDIO
DNCE BC2333,MODERN III,"Modern III continues training in contemporary/modern technique for the beginning-intermediate  level dancer, emphasizing alignment and musicality while expanding on the dancer’s physical and  intellectual understanding of articulation, phrasing, dynamics, performance and focus. Our class  will incorporate relevant principals from classical modern techniques along with contemporary  aesthetics, improvisation and reflection. Our class aims to create a space that is in support of your  artistic development, aesthetic fluency, and creative explorations as a dancer.
  
Prerequisites: 
  Intermediate experience in ballet and/or contemporary modern",Caroline Fermin,,,00160,,X2333-20271-001,,Dance @Barnard,DNCE,https://doc.sis.columbia.edu/subj/DNCE/X2333-20271-001/,,,,2,,,20271DNCE2333X001,STUDIO
DNCE BC2333,MODERN III,"Modern III continues training in contemporary/modern technique for the beginning-intermediate  level dancer, emphasizing alignment and musicality while expanding on the dancer’s physical and  intellectual understanding of articulation, phrasing, dynamics, performance and focus. Our class  will incorporate relevant principals from classical modern techniques along with contemporary  aesthetics, improvisation and reflection. Our class aims to create a space that is in support of your  artistic development, aesthetic fluency, and creative explorations as a dancer.
  
Prerequisites: 
  Intermediate experience in ballet and/or contemporary modern",Tamisha Guy,,,00161,,X2333-20271-002,,Dance @Barnard,DNCE,https://doc.sis.columbia.edu/subj/DNCE/X2333-20271-002/,,,,2,,,20271DNCE2333X002,STUDIO
DNCE BC2335,MODERN IV,"Modern IV is a contemporary technique class for the intermediate to advanced-intermediate level  dancer, emphasizing alignment and musicality while expanding on the dancer’s physical and  intellectual understanding of articulation, phrasing, dynamics, performance, and focus. Our class  will incorporate relevant principles from classical modern techniques with contemporary  aesthetics, improvisation, and reflection.",Francesca Dominguez,,,00162,,X2335-20271-001,,Dance @Barnard,DNCE,https://doc.sis.columbia.edu/subj/DNCE/X2335-20271-001/,,,,2,,,20271DNCE2335X001,STUDIO
DNCE BC2335,MODERN IV,"Modern IV is a contemporary technique class for the intermediate to advanced-intermediate level  dancer, emphasizing alignment and musicality while expanding on the dancer’s physical and  intellectual understanding of articulation, phrasing, dynamics, performance, and focus. Our class  will incorporate relevant principles from classical modern techniques with contemporary  aesthetics, improvisation, and reflection.",Jodi Melnick,,,00163,,X2335-20271-002,,Dance @Barnard,DNCE,https://doc.sis.columbia.edu/subj/DNCE/X2335-20271-002/,,,,2,,,20271DNCE2335X002,STUDIO
DNCE BC2340,Contemporary Caribbean Dance,"Course Description:
 
  
This intermediate Contemporary Caribbean Dance class draws from different Caribbean dance styles. This Caribbean fusion class explains different cultural dances, focusing on African Diaspora principles and practices such as syncopation in body and in music.
  
Based on many of the dance of the Caribbean Islands, students learn to identify dances and rhythms that draw from traditions, such as Arara, Palo, Salsa, Rumba, Tambu, Tumba, Merengue, Reaggaton, Cha Cha Cha, Zouk and Afro Dance, as well as more contemporary styles such as “Technica Cubana” and learn to apply them in contemporary combinations.  The course is designed for students who have some dance training and are looking to widen their understanding of different dances and learn to use different body parts that are not traditionally used in modern dance but are recognizable in Jazz, hip hop and current offerings in popular",Gabri Christa,,,00165,,X2340-20271-001,Contemporary Caribbean Da,Dance @Barnard,DNCE,https://doc.sis.columbia.edu/subj/DNCE/X2340-20271-001/,,,,2,,,20271DNCE2340X001,STUDIO
DNCE BC2447,TAP II,"Tap II is an intermediate level tap class for students who have at least 2 years of tap dance training. We will cover tap technique, proper use of the body to enhance sound quality and style, a variety of musical genres and structures,classic tap dance routines, and improvisation.
  
The prerequisite for Intermediate Level Tap is previous experience in intermediate level tap classes. Students on this level are assumed to have mastered tap basics, be comfortable with intermediate level technique, and must be ready to learn at a slightly accelerated pace.",Dormeshia Sunbry-Edwards,,,00166,,X2447-20271-001,,Dance @Barnard,DNCE,https://doc.sis.columbia.edu/subj/DNCE/X2447-20271-001/,,,,2,,,20271DNCE2447X001,STUDIO
DNCE BC2452,PILATES FOR DANCERS,"Pilates for Dancers is a full-body, low impact exercise class based on the work of Joseph Pilates, including movement concepts from Rudolf von Laban and Irmgard Bartenieff. We’ll work on a yoga or Pilates mat doing exercises and movement sequences that build strength, flexibility, coordination and clarity in the body. The class is suitable for dancers, athletes and movement enthusiasts. A Pilates ring is highly recommended. A limited number of Pilates rings will be available in class.
  
This course may not be appropriate for those with spine, neck, and shoulder injuries.  If you have any of these types of injuries, kindly present a doctor’s note clearing you for participation in the class.",Allison Easter,,,00167,,X2452-20271-001,,Dance @Barnard,DNCE,https://doc.sis.columbia.edu/subj/DNCE/X2452-20271-001/,,,,2,,,20271DNCE2452X001,STUDIO
DNCE BC2455,FELDENKRAIS FOR DANCERS,"Through guided practice-based lessons in Awareness Through MovementÒ (ATM), students develop sensory awareness of habitual neuromuscular patterns resulting in increased movement efficiency, improved skill acquisition, and greater strength, coordination, and flexibility. Applicable to all dance styles and activities.",Carol Teitelbaum,,,00168,,X2455-20271-001,,Dance @Barnard,DNCE,https://doc.sis.columbia.edu/subj/DNCE/X2455-20271-001/,,,,2,,,20271DNCE2455X001,STUDIO
DNCE BC2456,Moving with the Voice,"Moving with the Voice is an interdisciplinary creative exploration using the voice, improvised and created music, dance, and theater.  Students will explore extended vocal techniques, gesture, character and musical structures (e.g. hockets, rounds, rhythms, deconstructions) within both a solo and ensemble framework, composing their own soundscapes and creating their own voice/movement/theater work through improvisation, individual assignments and in-class assignments. Certain assignments will be inspired by the work of Meredith Monk or the percussion show Stomp. The course is suitable for students interested in music, dance and theater, and also for those interested in improving their public speaking skills.
 
 Open to all levels of experience. A willingness to sing is required.",Allison Easter,,,00169,,X2456-20271-001,,Dance @Barnard,DNCE,https://doc.sis.columbia.edu/subj/DNCE/X2456-20271-001/,,,,2,,,20271DNCE2456X001,STUDIO
DNCE BC2501,BIOMECHANICS FOR THE DANCER,"Prerequisites: Basic knowledge of dance techniques in ballet or modern. The purpose of this course is to introduce students to the fundamentals of biomechanics as it relates to various dance forms. As biomechanics is a branch of physics, the course will include basic mathematical concepts, and some knowledge of geometry and trigonometry is recommended. The course will explore applicable functional human anatomy and will cover the application of biomechanical principles to both qualitative and quantitative description of human movement. Additionally, it will provide an understanding of how biomechanics can be applied in terms of physical ability and wellness, giving students the opportunity to apply the knowledge to themselves.",Kynaston Schultz,,,00170,,X2501-20271-001,BIOMECHANICS FOR THE DANC,Dance @Barnard,DNCE,https://doc.sis.columbia.edu/subj/DNCE/X2501-20271-001/,,,,3,,,20271DNCE2501X001,LECTURE
DNCE BC2563,DANCE COMPOSITION: FORM,"An exploration of choreography that employs text, song, vocal work, narrative and principles of artistic direction in solo and group contexts.",Gabri Christa,,,00171,,X2563-20271-001,,Dance @Barnard,DNCE,https://doc.sis.columbia.edu/subj/DNCE/X2563-20271-001/,,,,3,,,20271DNCE2563X001,LECTURE
DNCE BC2565,WORLD DANCE HISTORY,"Investigates the multicultural perspectives of dance in major areas of culture, including African, Asian, Hispanic, Indian, Middle Eastern, as well as dance history of the Americas through reading, writing, viewing, and discussion of a wide range of resources. These include film, original documents, demonstration, and performance.",Seth S Williams,,,00172,,X2565-20271-001,,Dance @Barnard,DNCE,https://doc.sis.columbia.edu/subj/DNCE/X2565-20271-001/,,,,3,,,20271DNCE2565X001,LECTURE
DNCE BC2570,DANCE IN NEW YORK CITY,"Study of the cultural roots and historical contexts of specific communities using New York Citys dance scene as a laboratory. Students observe the social environments in which various modes of dance works are created while researching the history of dance in New York City. Course includes attendance at weekly events, lecture-demonstrations, and performances.",Siobhan F Burke,,,00173,,X2570-20271-001,,Dance @Barnard,DNCE,https://doc.sis.columbia.edu/subj/DNCE/X2570-20271-001/,,,,3,,,20271DNCE2570X001,LECTURE
DNCE BC3000,FROM PAGE TO STAGE: DANCE & LITERATURE,"This course explores how dance and other forms of embodied performance adapt literature, as well as how dance serves as inspiration for the written word. What is retained, what is lost, and what is enhanced when moving bodies enliven literature, or when literature seeks to capture the motions of dance? How does choreography transform the constituent parts of literature, from characters and plot to the rhythms of language? How do words and movement collaborate to tell the stories of such disparate figures as lovers, monsters, migrants, and robots, and in modes that range from the pastoral to the autobiographical to the comic? To answer these and other questions, we will read short fiction, plays, and poems, focused largely on the nineteenth and twentieth centuries; and watch numerous genres of dance, including ballet, experimental dance, dance-theater, musical theater, hip hop, silent film, and puppetry. To explore the conceptual relationship of body and text, students will gain introductory exposure to theories of narrative, performance, adaptation, and more. ""Page to Stage"" welcomes, and is geared toward, students from any disciplinary background.",Seth S Williams,,,00174,,X3000-20271-001,FROM PAGE TO STAGE: DANCE,Dance @Barnard,DNCE,https://doc.sis.columbia.edu/subj/DNCE/X3000-20271-001/,,,,3,,,20271DNCE3000X001,LECTURE
DNCE BC3139,BALLET V,"This course is for the intermediate advanced dancer. Material presented will focus on healthy anatomical alignment in barre work, extended combinations in the center, fostering personal artistic expression, and integrating improvisation in combinations with the ballet vocabulary. Clarification, analysis and repetition are fundamental elements for a sound technique of any dancer and are the foundation of this course. Center work will include attention to shaping adagio work, multiple turns in the large poses, batterie, and extended grand allegro.",Unity Phelan,,,00175,,X3139-20271-001,,Dance @Barnard,DNCE,https://doc.sis.columbia.edu/subj/DNCE/X3139-20271-001/,,,,2,,,20271DNCE3139X001,STUDIO
DNCE BC3139,BALLET V,"This course is for the intermediate advanced dancer. Material presented will focus on healthy anatomical alignment in barre work, extended combinations in the center, fostering personal artistic expression, and integrating improvisation in combinations with the ballet vocabulary. Clarification, analysis and repetition are fundamental elements for a sound technique of any dancer and are the foundation of this course. Center work will include attention to shaping adagio work, multiple turns in the large poses, batterie, and extended grand allegro.",Cynthia Anderson,,,00176,,X3139-20271-002,,Dance @Barnard,DNCE,https://doc.sis.columbia.edu/subj/DNCE/X3139-20271-002/,,,,2,,,20271DNCE3139X002,STUDIO
DNCE BC3139,BALLET V,"This course is for the intermediate advanced dancer. Material presented will focus on healthy anatomical alignment in barre work, extended combinations in the center, fostering personal artistic expression, and integrating improvisation in combinations with the ballet vocabulary. Clarification, analysis and repetition are fundamental elements for a sound technique of any dancer and are the foundation of this course. Center work will include attention to shaping adagio work, multiple turns in the large poses, batterie, and extended grand allegro.",Marjorie Folkman,,,00885,,X3139-20271-003,,Dance @Barnard,DNCE,https://doc.sis.columbia.edu/subj/DNCE/X3139-20271-003/,,,,2,,,20271DNCE3139X003,STUDIO
DNCE BC3141,BALLET VI,"This course is for the advanced dancer. Material presented will focus on healthy anatomical alignment in barre work, extended combinations in the center, fostering personal artistic expression, and integrating improvisation in combinations with the ballet vocabulary. Clarification, analysis and repetition are fundamental elements for a sound technique of any dancer and are the foundation of this course. Center work will include attention to shaping adagio work, multiple turns in the large poses, batterie, and extended grand allegro.",Antonio Carmena,,,00177,,X3141-20271-001,,Dance @Barnard,DNCE,https://doc.sis.columbia.edu/subj/DNCE/X3141-20271-001/,,,,2,,,20271DNCE3141X001,STUDIO
DNCE BC3141,BALLET VI,"This course is for the advanced dancer. Material presented will focus on healthy anatomical alignment in barre work, extended combinations in the center, fostering personal artistic expression, and integrating improvisation in combinations with the ballet vocabulary. Clarification, analysis and repetition are fundamental elements for a sound technique of any dancer and are the foundation of this course. Center work will include attention to shaping adagio work, multiple turns in the large poses, batterie, and extended grand allegro.",Ashley Tuttle,,,00178,,X3141-20271-002,,Dance @Barnard,DNCE,https://doc.sis.columbia.edu/subj/DNCE/X3141-20271-002/,,,,2,,,20271DNCE3141X002,STUDIO
DNCE BC3143,CLASSIC VARIATIONS,"Variations
 class is a course for the intermediate to advanced dancer.  As in all other ballet classes, there will be a focus on correct physical alignment, proper technique and musicality.  The added challenges in this course will be the pointe shoe technique, creative choreographic choices, and musical phrasing. The class will include variations based on works ranging from Petipa to Balanchine to today’s choreographers.  Dancers will explore personalizing already known works, pushing the boundaries of the pointe shoe, examining how choreography has evolved and developing the stamina required to execute a full variation. Learning material rapidly while paying attention to the stylistic demands of each choreographer’s works and being able to shift from one stylistic choice to another is simply expected.",Ashley Tuttle,,,00179,,X3143-20271-001,,Dance @Barnard,DNCE,https://doc.sis.columbia.edu/subj/DNCE/X3143-20271-001/,,,,2,,,20271DNCE3143X001,STUDIO
DNCE BC3249,JAZZ DANCE III,"In This JAZZ llI Level Course, 
You will develop a solid understanding within your body that demonstrates advanced  fundamentals, rhythm, technique, connectivity and phrasing necessary to communicate each movement. You will  learn new phrases and dynamic material while continuously applying technical information. We will delve deeper into  technique preparing your body to perform more efficiently and effectively at a higher rate while reducing the risk of  injury.
  
Prerequisites: DNCE BC2248 DNCD BC 2249 or permission of instructor.",Ehizoje J Azeke,,,00180,,X3249-20271-001,,Dance @Barnard,DNCE,https://doc.sis.columbia.edu/subj/DNCE/X3249-20271-001/,,,,2,DNCE BC2248,,20271DNCE3249X001,STUDIO
DNCE BC3250,FLAMENCO,"The study of contemporary flamenco dance technique with special emphasis on improvisation and performance. Through video and reading assignments and attendance at live performances, students will also develop a context for understanding flamenco art, pedagogy, and culture.",Nelida Tirado,,,00181,,X3250-20271-001,,Dance @Barnard,DNCE,https://doc.sis.columbia.edu/subj/DNCE/X3250-20271-001/,,,,2,,,20271DNCE3250X001,STUDIO
DNCE BC3333,MODERN V,"This contemporary technique class invites students into an embodied practice focusing on a daily physical experimentation and challenge. Emphasis will be placed on corporeal ways to explore questions around propelling, listening, connecting, healing, and action. This course offers a chance for students to use their sensatorial experience to reflect on individual pathways/ desires for expression while, challenging the body to take risks and practice as their movement knowledge expands. Emphasis on sensation, initiation, and weight will be introduced in a floor or standing warm-up that will expand to a standing exploration of the transition between form and space. A focus will be to continue our development of a strong-grounded technique with healthy placement that moves with ease in and out of the floor. We will continue to develop our true embodied relationship to environment, people, and time.",Lisa Boudreau,,,00182,,X3333-20271-001,,Dance @Barnard,DNCE,https://doc.sis.columbia.edu/subj/DNCE/X3333-20271-001/,,,,2,,,20271DNCE3333X001,STUDIO
DNCE BC3334,IMPROVISATION,,Caitlin Trainor,,,00183,,X3334-20271-001,,Dance @Barnard,DNCE,https://doc.sis.columbia.edu/subj/DNCE/X3334-20271-001/,,,,2,,,20271DNCE3334X001,STUDIO
DNCE BC3336,MODERN VI,"This contemporary technique class invites students into an embodied practice focusing on a daily physical experimentation and challenge. Emphasis will be placed on corporeal ways to explore questions around propelling, listening, connecting, healing, and action. This course offers a chance for students to use their sensatorial experience to reflect on individual pathways/ desires for expression while, challenging the body to take risks and practice as their movement knowledge expands. Emphasis on sensation, initiation, and weight will be introduced in a floor or standing warm-up that will expand to a standing exploration of the transition between form and space. A focus will be to continue our development of a strong-grounded technique with healthy placement that moves with ease in and out of the floor. We will continue to develop our true embodied relationship to environment, people, and time.",Francesca Dominguez,,,00184,,X3336-20271-001,,Dance @Barnard,DNCE,https://doc.sis.columbia.edu/subj/DNCE/X3336-20271-001/,,,,2,,,20271DNCE3336X001,STUDIO
DNCE BC3336,MODERN VI,"This contemporary technique class invites students into an embodied practice focusing on a daily physical experimentation and challenge. Emphasis will be placed on corporeal ways to explore questions around propelling, listening, connecting, healing, and action. This course offers a chance for students to use their sensatorial experience to reflect on individual pathways/ desires for expression while, challenging the body to take risks and practice as their movement knowledge expands. Emphasis on sensation, initiation, and weight will be introduced in a floor or standing warm-up that will expand to a standing exploration of the transition between form and space. A focus will be to continue our development of a strong-grounded technique with healthy placement that moves with ease in and out of the floor. We will continue to develop our true embodied relationship to environment, people, and time.",Tamisha Guy,,,00185,,X3336-20271-002,,Dance @Barnard,DNCE,https://doc.sis.columbia.edu/subj/DNCE/X3336-20271-002/,,,,2,,,20271DNCE3336X002,STUDIO
DNCE BC3447,TAP III,"Prerequisites: DNCE BC2447, BC2448, or permission of instructor.
  
Tap III is an advanced level tap class for students who have 5 or more years of tap dance training. We will cover tap technique, proper use of the body to enhance sound quality and style, a variety of musical genres and structures, and improvisation.",Dormeshia Sunbry-Edwards,,,00186,,X3447-20271-001,,Dance @Barnard,DNCE,https://doc.sis.columbia.edu/subj/DNCE/X3447-20271-001/,,,,2,"BC2448
DNCE BC2447",,20271DNCE3447X001,STUDIO
DNCE BC3566,COMPOSITION:SITE/EXPERIMENTAL,,Caroline Fermin,,,00187,,X3566-20271-001,COMPOSITION:SITE/EXPERIME,Dance @Barnard,DNCE,https://doc.sis.columbia.edu/subj/DNCE/X3566-20271-001/,,,,3,,,20271DNCE3566X001,LECTURE
DNCE BC3585,DEVISING IMMERSIVE PERFORMANCE,"This course is designed as a workshop in both immersive devising and performance skills, revolving around the creation and execution of an immersive experience. Through a collaborative devising process, students will explore possibilities of environmental, site-specific, experiential, and ambulatory design. Students will develop compositional structures and strategies for creating content, create and develop embodied characters, as well as design and physically navigate the particular architecture of a performance environment. Students will also hone skills specific to interactive performance such as maneuvering audience, gaze, breath work, and choice making and improvisation within the parameters of storytelling.",Elisa R Davis,,,00188,,X3585-20271-001,DEVISING IMMERSIVE PERFOR,Dance @Barnard,DNCE,https://doc.sis.columbia.edu/subj/DNCE/X3585-20271-001/,,,,3,,,20271DNCE3585X001,WORKSHOP
DNCE BC3593,SR PROJECT:REPERTORY FOR DANCE,Independent study for preparing and performing repertory works in production to be presented in concert.,Marjorie Folkman,,,00189,,X3593-20271-001,SR PROJECT:REPERTORY FOR,Dance @Barnard,DNCE,https://doc.sis.columbia.edu/subj/DNCE/X3593-20271-001/,,,,3,,,20271DNCE3593X001,INDEPENDENT
DNCE BC3593,SR PROJECT:REPERTORY FOR DANCE,Independent study for preparing and performing repertory works in production to be presented in concert.,Vincent McCloskey,,,00855,,X3593-20271-002,SR PROJECT:REPERTORY FOR,Dance @Barnard,DNCE,https://doc.sis.columbia.edu/subj/DNCE/X3593-20271-002/,,,,3,,,20271DNCE3593X002,INDEPENDENT
DNCE BC3601,REHEARSAL & PERFRMNCE IN DANCE,,,,,00190,,X3601-20271-001,REHEARSAL & PERFRMNCE IN,Dance @Barnard,DNCE,https://doc.sis.columbia.edu/subj/DNCE/X3601-20271-001/,,,,1-3,,,20271DNCE3601X001,STUDIO
DNCE BC3601,REHEARSAL & PERFRMNCE IN DANCE,,,,,00191,,X3601-20271-002,REHEARSAL & PERFRMNCE IN,Dance @Barnard,DNCE,https://doc.sis.columbia.edu/subj/DNCE/X3601-20271-002/,,,,1-3,,,20271DNCE3601X002,STUDIO
DNCE BC3601,REHEARSAL & PERFRMNCE IN DANCE,,,,,00192,,X3601-20271-003,REHEARSAL & PERFRMNCE IN,Dance @Barnard,DNCE,https://doc.sis.columbia.edu/subj/DNCE/X3601-20271-003/,,,,1-3,,,20271DNCE3601X003,STUDIO
DNCE BC3601,REHEARSAL & PERFRMNCE IN DANCE,,,,,00193,,X3601-20271-004,REHEARSAL & PERFRMNCE IN,Dance @Barnard,DNCE,https://doc.sis.columbia.edu/subj/DNCE/X3601-20271-004/,,,,1-3,,,20271DNCE3601X004,STUDIO
EAAS BC2345,Introduction to Korean Society: Explorin,"This introductory lecture course introduces students with little or no prior knowledge of Korea or the
 Korean language to Korean society by exploring cultural codes—shared symbols, values, and practices
 that shape everyday life—through the lens of media and literature. By engaging with short stories, films,
 TV shows, music, and other cultural texts, students will examine how these cultural codes influence
 Korean social norms, identities, and global representations.
 The course focuses on six key cultural codes—food, language, family structure, religion, economic
 development, and the two Koreas—as reflected in Korean literature, film, drama, and YouTube content.
 Through these themes, students will gain a foundational yet comprehensive understanding of Korean society. At the same time, they will strengthen their critical and analytical skills in interpreting culture, cultivating a deeper awareness of how meaning is constructed and communicated across different media. 
  
Upon successful completion of this course, students will be able to:  
 Define and explain the concept of cultural codes in the context of Korean society. 
 Identify major themes in Korean media and literature that reflect cultural values.
 Critically analyze how historical and social changes are represented through cultural texts.
 Develop comparative perspectives on Korean culture and their own cultural backgrounds.
 Communicate ideas effectively in written and oral formats.",Hwanhee Kim,,,00884,,X2345-20271-001,Introduction to Korean So,Asian and Middle East @Barnard,EAAS,https://doc.sis.columbia.edu/subj/EAAS/X2345-20271-001/,,,,3,,,20271EAAS2345X001,LECTURE
EAAS BC3840,Beyond the Great Wall: Nomadic Empires a,"Since Antiquity, the Great Wall has become both a geographical and socio-cultural fault line between steppe nomads and the Chinese. More than a physical and territorial boundary, the Great Wall also functions as a powerful conceptual metaphor, symbolizing the gap between insiders and outsiders. The intellectual discourses of “frontier” and “border” embodied by the Wall have kept alive well into modern China.
 The course follows a broadly chronological order from the Xiongnu Empire through the Mongols to modern times. Additionally, it incorporates thematic explorations such as nomadic culture, Sinitic concepts of unity, ethno-cultural diversity, multi-linguistic empires, and so on. We will make use of Chinese literature and art on the one hand, and primary sources from Central Asia on the other, to develop a comprehensive and comparative understanding of both sides of the Great Wall. As such, we ask how the nomads served as agents of change in Eurasian and even world history, and in turn, we problematize some enduring challenges faced by the Chinese state from the past to the present.
 Listed as a Global Core, this course assumes no background of Chinese or Central Asian language and literature. Students are expected to engage thoughtfully and critically with course materials, including primary sources translated into English and secondary scholarship. Readings will include classical texts from Sinitic culture as well as diverse literary sources on nomadic peoples, such as The Secret History of the Mongols and travelogues by Marco Polo. These primary texts will be examined alongside secondary scholarship, with visual and material objects integrated to complement the written texts.",Lili Xia,,,00879,,X3840-20271-001,Beyond the Great Wall: No,Asian and Middle East @Barnard,EAAS,https://doc.sis.columbia.edu/subj/EAAS/X3840-20271-001/,,,,4,,,20271EAAS3840X001,SEMINAR
EAAS GU4231,"Love, Labor, and Leisure in Contemporary","This course takes an anthropological perspective on life in China today with special attention to the legacies of the country’s socialist past. We start with a brief look at the ideological and institutional frameworks employed by the Communist Party to organize the daily life of its citizens in the decades leading into the People’s Republic. We will then read about how economic and social reforms instituted since the 1980s, in particular changes to the work unit and household registration system, have resulted in dramatically different opportunities and expectations for Chinese citizens attempting to navigate career opportunities, search for romantic partners, move through communal and private spaces and engage in consumptive activities. Exploring the experiences of rural peasants, urban workers, and laborers who move between countryside and city as well as between nations, we will examine how class, gender, and sexuality come to be refigured as China integrates into the global market economy. Scholarly texts will be supplemented with political speeches, short work of fiction and essays, and films.",Nicholas A Bartlett,,,00705,,W4231-20271-001,"Love, Labor in Contemp Ch",Asian and Middle East @Barnard,EAAS,https://doc.sis.columbia.edu/subj/EAAS/W4231-20271-001/,,,,3-4,,,20271EAAS4231W001,SEMINAR
EAAS GU4370,Literati Culture in Pre-Modern China,"Premodern Chinese literati have long been regarded as active historical agents who shaped “This Culture of Ours”—a metonym for civilization in the premodern Sinitic context—while they also fed from, partook in, and influenced popular and foreign cultures. Besides “literary writings” like poetry and prose, literati also engaged in calligraphy, painting, and antiquarianism under the umbrella term of “literary or cultural arts.” In turn, the creation and appreciation of artwork were intrinsic to the aesthetic life of literati community and further established their self-identity. At the same time, social exclusivity, (self-)doubt and identity crises, along with the looming threat of cultural decline, have continually haunted this literati community throughout the ages.
  
Covering the long trajectory of imperial China, this course reveals the birth and development of literati culture. In particular, we take an interdisciplinary approach, introducing intellectual and poetic discourses, socio-historical contexts, literary criticism, visual and material culture, to envision a “common ground” for their civil world. Textual, visual sources plus material objects are meant to have conversations with each other in this course. Important issues include historical transformations of the elite class, cultural geography in different eras, materiality and visuality of elite calligraphy and painting, literati self-expression through aesthetic practice, the roles of the court and literati in producing and preserving art, as well as other relevant issues such as gender studies, vernacular literature, and commodity society.
  
This course is cross-listed in AMEC and CPLT. For undergraduates, no background in Chinese language is required in this course, and all reading materials—either translation of primary sources or secondary scholarship—are accessible in English.",Lili Xia,,,00883,,W4370-20271-001,Literati Cult. Pre-Mod. C,Asian and Middle East @Barnard,EAAS,https://doc.sis.columbia.edu/subj/EAAS/W4370-20271-001/,,,,4,,,20271EAAS4370W001,SEMINAR
EAAS UN2844,"CULTURE, MENTAL HEALTH, AND HEALING IN E","Why do certain mental illnesses only appear in specific regions of the world? What processes of translation, adaption, and “indigenization” take place when psychiatric diagnostic categories, pharmaceutical regimens, and psychodynamic treatments developed in the West travel to China, Japan and South Korea? How do contemporary East Asian therapeutic modalities destabilize biomedical assumptions about the origins and treatment of mental illness?
  
This course employs anthropological analysis to explore the paradoxes of “culture-bound syndromes”, examine how biomedical psychiatric practices have been received and transformed, and discuss the ways in which shamanistic rituals and Traditional Chinese Medicine clinical encounters understand their objects of intervention. Focusing on East Asia with a particular emphasis on China, we will employ interpretive and political economic anthropological analyses to explore experiences of people struggling with illness, the practices of health practitioners who treat them, and the broader social and historical contexts that shape these interactions.",Nicholas A Bartlett,,,00704,,V2844-20271-001,"CULTURE,MENTAL HEALTH,E A",Asian and Middle East @Barnard,EAAS,https://doc.sis.columbia.edu/subj/EAAS/V2844-20271-001/,,,,4,,,20271EAAS2844V001,LECTURE
ECHS BC2590,MEASURING HISTORY,"This course examines big themes in economic and social history-population history and human well-being, inequality and poverty, and gender differences. Using these themes, it adopts a hands-on data-driven approach to introduce tools and concepts of empirical reasoning. Datasets related to each theme create opportunities for learning by doing.",Alan Dye,,,00598,,X2590-20271-001,,Economics @Barnard,ECHS,https://doc.sis.columbia.edu/subj/ECHS/X2590-20271-001/,,,,4,,,20271ECHS2590X001,LECTURE
ECHS BC3067,RESEARCH SEM ECONOMIC HIST II,Must be supervised by a faculty member approved by te program adviser. This is the 2nd semester of a two-semester course sequence.,Alan Dye,,,00599,,X3067-20271-001,RESEARCH SEM ECONOMIC HIS,Economics @Barnard,ECHS,https://doc.sis.columbia.edu/subj/ECHS/X3067-20271-001/,,,,4,,,20271ECHS3067X001,RESEARCH SEM
ECON BC1003,INTRO TO ECONOMIC REASONING,"Covers basic elements of microeconomic and marcoeconomic reasoning at an introductory level. Topics include Individual Constraints and Preferences, Production by Firms, Market Transactions, Competition, The Distribution of Income, Technological Progress and Growth, Unemployment and Inflation, the Role of Government in the Economy. Note: Students cannot get credit for ECON BC1003 if they have taken the Columbia introductory course ECON W1105 Principles of Economics.",Rajiv Sethi,,,00596,,X1003-20271-002,INTRO TO ECONOMIC REASONI,Economics @Barnard,ECON,https://doc.sis.columbia.edu/subj/ECON/X1003-20271-002/,,,,4,"ECON BC1003
ECON W1105",,20271ECON1003X002,LECTURE
ECON BC1003,INTRO TO ECONOMIC REASONING,"Covers basic elements of microeconomic and marcoeconomic reasoning at an introductory level. Topics include Individual Constraints and Preferences, Production by Firms, Market Transactions, Competition, The Distribution of Income, Technological Progress and Growth, Unemployment and Inflation, the Role of Government in the Economy. Note: Students cannot get credit for ECON BC1003 if they have taken the Columbia introductory course ECON W1105 Principles of Economics.",Alan Dye,,,00597,,X1003-20271-003,INTRO TO ECONOMIC REASONI,Economics @Barnard,ECON,https://doc.sis.columbia.edu/subj/ECON/X1003-20271-003/,,,,4,"ECON BC1003
ECON W1105",,20271ECON1003X003,LECTURE
ECON BC1007,MATH METHODS FOR ECONOMICS,"Covers basic mathematical methods required for intermediate theory courses and upper level electives in economics, with a strong emphasis on applications. Topics include simultaneous equations, functions, partial differentiation, optimization of functions of more than one variable, constrained optimization, and financial mathematics. This course satisfies the Calculus requirement for the Barnard Economics major. NOTE: students who have previously taken Intermediate Micro Theory (ECON BC3035 or the equivalent) are *not* allowed to take Math Methods for Economics.",Mulu Gebreyohannes,,,00590,,X1007-20271-001,MATH METHODS FOR ECONOMIC,Economics @Barnard,ECON,https://doc.sis.columbia.edu/subj/ECON/X1007-20271-001/,,,,4,ECON BC3035,,20271ECON1007X001,LECTURE
ECON BC1007,MATH METHODS FOR ECONOMICS,"Covers basic mathematical methods required for intermediate theory courses and upper level electives in economics, with a strong emphasis on applications. Topics include simultaneous equations, functions, partial differentiation, optimization of functions of more than one variable, constrained optimization, and financial mathematics. This course satisfies the Calculus requirement for the Barnard Economics major. NOTE: students who have previously taken Intermediate Micro Theory (ECON BC3035 or the equivalent) are *not* allowed to take Math Methods for Economics.",Mulu Gebreyohannes,,,00811,,X1007-20271-002,MATH METHODS FOR ECONOMIC,Economics @Barnard,ECON,https://doc.sis.columbia.edu/subj/ECON/X1007-20271-002/,,,,4,ECON BC3035,,20271ECON1007X002,LECTURE
ECON BC2010,THE ECONOMICS OF GENDER,"Examination of gender differences in the U.S. and other advanced industrial economies. Topics include the division of labor between home and market, the relationship between labor force participation and family structure, the gender earnings gap, occupational segregation, discrimination, and historical, racial, and ethnic group comparisons.",Ashley Wong,,,00742,,X2010-20271-001,,Economics @Barnard,ECON,https://doc.sis.columbia.edu/subj/ECON/X2010-20271-001/,,,,3,,,20271ECON2010X001,LECTURE
ECON BC2411,STATISTICS FOR ECONOMICS,Elementary computational methods in statistics. Basic techniques in regression analysis of econometric models. One-hour weekly recitation sessions to complement lectures.,Faculty,,,00741,,X2411-20271-002,,Economics @Barnard,ECON,https://doc.sis.columbia.edu/subj/ECON/X2411-20271-002/,,,,4,,,20271ECON2411X002,LECTURE
ECON BC3013,ECONOMIC HISTORY-UNITED STATES,"Prerequisites: ECON BC3035 or ECON BC3033, or permission of the instructor. Economic transformation of the United States from a small, open agrarian society in the late colonial era to the leading industrial economy of the 20th century. Emphasis is given to the quantitative, institutional, and spatial dimensions of economic growth, and the relationship between the changing structures of the economy and state.",David Weiman,,,00600,,X3013-20271-001,ECONOMIC HISTORY-UNITED S,Economics @Barnard,ECON,https://doc.sis.columbia.edu/subj/ECON/X3013-20271-001/,,,,3,"ECON BC3033
ECON BC3035",,20271ECON3013X001,LECTURE
ECON BC3018,ECONOMETRICS,"Prerequisites: ECON BC3033 or ECON BC3035, and ECON BC2411 or STAT W1111 or STAT W1211, or permission of the instructor. Specification, estimation and evaluation of economic relationships using economic theory, data, and statistical inference; testable implications of economic theories; econometric analysis of topics such as consumption, investment, wages and unemployment, and financial markets.",Anja Tolonen,,,00749,,X3018-20271-001,,Economics @Barnard,ECON,https://doc.sis.columbia.edu/subj/ECON/X3018-20271-001/,,,,4,"ECON BC2411
ECON BC3033
ECON BC3035
STAT W1111
STAT W1211",,20271ECON3018X001,LECTURE
ECON BC3019,LABOR ECONOMICS,"Prerequisites: ECON BC3035, or permission of the instructor. Factors affecting the allocation and remuneration of labor; population structure; unionization and monopsony; education and training, mobility and information; sex and race discrimination; unemployment; and public policy.",John Park,,,00762,,X3019-20271-001,,Economics @Barnard,ECON,https://doc.sis.columbia.edu/subj/ECON/X3019-20271-001/,,,,3,ECON BC3035,,20271ECON3019X001,LECTURE
ECON BC3024,MIGRATION & ECONOMIC CHANGE,"Prerequisites: (Econ BC 3035) or (Econ BC 3033) This course examines a wide variety of topics about migration and its relationship to economic development, globalization, and social and economic mobility. At its core, this course reflects a key reality: that the movement of people--within regions, within countries, and across borders--is both the result of and impetus for economic change.",Ashley Timmer,,,00753,,X3024-20271-001,MIGRATION & ECONOMIC CHAN,Economics @Barnard,ECON,https://doc.sis.columbia.edu/subj/ECON/X3024-20271-001/,,,,3,,,20271ECON3024X001,LECTURE
ECON BC3033,INTERMEDIATE MACROECONOMICS,"Prerequisites: An introductory course in economics and a functioning knowledge of high school algebra and analytical geometry or permission of the instructor. Systematic exposition of current macroeconomic theories of unemployment, inflation, and international financial adjustments.",Martina Jasova,,,00588,,X3033-20271-001,INTERMEDIATE MACROECONOMI,Economics @Barnard,ECON,https://doc.sis.columbia.edu/subj/ECON/X3033-20271-001/,,,,4,,,20271ECON3033X001,LECTURE
ECON BC3033,INTERMEDIATE MACROECONOMICS,"Prerequisites: An introductory course in economics and a functioning knowledge of high school algebra and analytical geometry or permission of the instructor. Systematic exposition of current macroeconomic theories of unemployment, inflation, and international financial adjustments.",Sarah M Gertler,,,00744,,X3033-20271-002,INTERMEDIATE MACROECONOMI,Economics @Barnard,ECON,https://doc.sis.columbia.edu/subj/ECON/X3033-20271-002/,,,,4,,,20271ECON3033X002,LECTURE
ECON BC3035,INTERMEDIATE MICROECONOMICS,"Prerequisites: An introductory course in microeconomics or a combined macro/micro principles course (ECON BC1003 or ECON W1105, or the equivalent) and one semester of calculus or ECON BC1007, or permission of the instructor. Preferences and demand; production, cost, and supply; behavior of markets in partial equilibrium; resource allocation in general equilibrium; pricing of goods and services under alternative market structures; implications of individual decision-making for labor supply; income distribution, welfare, and public policy. Emphasis on problem solving.",John Park,,,00756,,X3035-20271-002,INTERMEDIATE MICROECONOMI,Economics @Barnard,ECON,https://doc.sis.columbia.edu/subj/ECON/X3035-20271-002/,,,,4,"ECON BC1003
ECON BC1007
ECON W1105",,20271ECON3035X002,LECTURE
ECON BC3038,INTERNATIONAL MONEY & FINANCE,Prerequisites: ECON BC3033. Introduction to balance of payments and exchange rate theory; capital mobility and expectations; internal and external adjustment under fixed and flexible exchange rates; international financial markets; capital mobility and expectations; international policy coordination and optimum currency areas; history of the international monetary system.,Sarah M Gertler,,,00745,,X3038-20271-001,INTERNATIONAL MONEY & FIN,Economics @Barnard,ECON,https://doc.sis.columbia.edu/subj/ECON/X3038-20271-001/,,,,3,ECON BC3033,,20271ECON3038X001,LECTURE
ECON BC3041,THEORETICL FOUNDTNS-POLIT ECON,"Prerequisites: An introductory course in economics or permission of the instructor. Intellectual origins of the main schools of thought in political economy. Study of the founding texts in classical political economy, Marxian economics, neoclassicism, and Keynesianism.",Faculty,,,00601,,X3041-20271-001,THEORETICL FOUNDTNS-POLIT,Economics @Barnard,ECON,https://doc.sis.columbia.edu/subj/ECON/X3041-20271-001/,,,,3,,,20271ECON3041X001,LECTURE
ECON BC3041,THEORETICL FOUNDTNS-POLIT ECON,"Prerequisites: An introductory course in economics or permission of the instructor. Intellectual origins of the main schools of thought in political economy. Study of the founding texts in classical political economy, Marxian economics, neoclassicism, and Keynesianism.",Faculty,,,00602,,X3041-20271-002,THEORETICL FOUNDTNS-POLIT,Economics @Barnard,ECON,https://doc.sis.columbia.edu/subj/ECON/X3041-20271-002/,,,,3,,,20271ECON3041X002,LECTURE
ECON BC3048,Introduction to Behavioral Economics,This course reviews the assumption of rationality in microeconomic theory and presents evidence (primarily from experimental psychology and economics) of how judgement and decision-making systematically deviate from what rationality predicts.,John Park,,,00759,,X3048-20271-001,INTRO TO BEHAVIORAL ECON,Economics @Barnard,ECON,https://doc.sis.columbia.edu/subj/ECON/X3048-20271-001/,,,,3,,,20271ECON3048X001,LECTURE
ECON BC3050,Health Economics,"Health economics is an expansive and growing field within the larger microeconomic literature.  From examining the impact of Medicaid on health care utilization to the public health consequences of marijuana legalization, health economics offers a variety of profound economic insights and policy recommendations.  This course uses many familiar concepts from microeconomic theory and econometrics in order to better understand health and healthcare—with students engaging economic models describing the demand for health, addiction, medical care, health insurance, and risky behaviors in addition to interpreting important empirical evidence within these spaces.",Morgan C Jr. Williams,,,00746,,X3050-20271-001,HEALTH ECONOMICS,Economics @Barnard,ECON,https://doc.sis.columbia.edu/subj/ECON/X3050-20271-001/,,,,3,,,20271ECON3050X001,LECTURE
ECON BC3062,SENIOR THESIS II,Permission of the instructor and the completion of all courses (except for the senior requirement) required for the economics department majors. Exceptions to these prerequisites may be granted by the chair of the department only. Tutorials and conferences on the research for and writing of the senior thesis. This is the 2nd semester of a two-semester course sequence.,Linda Bell,,,00591,,X3062-20271-001,,Economics @Barnard,ECON,https://doc.sis.columbia.edu/subj/ECON/X3062-20271-001/,,,,4,,,20271ECON3062X001,SEMINAR
ECON BC3062,SENIOR THESIS II,Permission of the instructor and the completion of all courses (except for the senior requirement) required for the economics department majors. Exceptions to these prerequisites may be granted by the chair of the department only. Tutorials and conferences on the research for and writing of the senior thesis. This is the 2nd semester of a two-semester course sequence.,Randall Reback,,,00592,,X3062-20271-002,,Economics @Barnard,ECON,https://doc.sis.columbia.edu/subj/ECON/X3062-20271-002/,,,,4,,,20271ECON3062X002,SEMINAR
ECON BC3062,SENIOR THESIS II,Permission of the instructor and the completion of all courses (except for the senior requirement) required for the economics department majors. Exceptions to these prerequisites may be granted by the chair of the department only. Tutorials and conferences on the research for and writing of the senior thesis. This is the 2nd semester of a two-semester course sequence.,Sharon Harrison,,,00810,,X3062-20271-003,,Economics @Barnard,ECON,https://doc.sis.columbia.edu/subj/ECON/X3062-20271-003/,,,,4,,,20271ECON3062X003,SEMINAR
ECON BC3063,SENIOR SEMINAR,Prerequisites: Permission of the instructor and the completion of all courses (except for the senior requirement) required for the economics department majors.  Exceptions to these prerequisites may be granted by the chair of the department only. Seminar sections are limited to 16 students. A topic in economic theory or policy of the instructors choice. See department for current topics and for senior requirement preference forms.,Martina Jasova,,,00564,,X3063-20271-001,EMPIRICAL MACRO FINANCE,Economics @Barnard,ECON,https://doc.sis.columbia.edu/subj/ECON/X3063-20271-001/,,,,4,,,20271ECON3063X001,SEMINAR
ECON BC3063,SENIOR SEMINAR,Prerequisites: Permission of the instructor and the completion of all courses (except for the senior requirement) required for the economics department majors.  Exceptions to these prerequisites may be granted by the chair of the department only. Seminar sections are limited to 16 students. A topic in economic theory or policy of the instructors choice. See department for current topics and for senior requirement preference forms.,Randall Reback,,,00739,,X3063-20271-003,SR SEM: AMERCN WELL-BEING,Economics @Barnard,ECON,https://doc.sis.columbia.edu/subj/ECON/X3063-20271-003/,,,,4,,,20271ECON3063X003,SEMINAR
ECON BC3063,SENIOR SEMINAR,Prerequisites: Permission of the instructor and the completion of all courses (except for the senior requirement) required for the economics department majors.  Exceptions to these prerequisites may be granted by the chair of the department only. Seminar sections are limited to 16 students. A topic in economic theory or policy of the instructors choice. See department for current topics and for senior requirement preference forms.,Ashley Wong,,,00743,,X3063-20271-004,SR SEM: WOMN-LDRSHP&INNOV,Economics @Barnard,ECON,https://doc.sis.columbia.edu/subj/ECON/X3063-20271-004/,,,,4,,,20271ECON3063X004,SEMINAR
ECON BC3063,SENIOR SEMINAR,Prerequisites: Permission of the instructor and the completion of all courses (except for the senior requirement) required for the economics department majors.  Exceptions to these prerequisites may be granted by the chair of the department only. Seminar sections are limited to 16 students. A topic in economic theory or policy of the instructors choice. See department for current topics and for senior requirement preference forms.,Anja Tolonen,,,00750,,X3063-20271-005,SR SEM:WOM CHLDRN DEVECON,Economics @Barnard,ECON,https://doc.sis.columbia.edu/subj/ECON/X3063-20271-005/,,,,4,,,20271ECON3063X005,SEMINAR
ECON BC3068,Advanced Econometrics: An Introduction t,"Claims of causality are nearly ubiquitous in scholarly work spanning the social sciences, journalistic products from media outlets, policy circles, and other social spaces.  However, many of these claims are often subject to some of the well-documented econometric concerns of bias—including omitted variable bias, simultaneity, and other confounding influences.  This course will introduce students to the fundamental concepts of causal inference and expose them to several contemporary econometric tools employed in an effort to make some of the aforementioned claims more credible.  With randomized controlled trials (RCTs) serving as the gold standard for empirical work, students will learn how many econometric techniques and “natural” experiments attempt to emulate the best characteristics of well-executed RCTs.
  
In addition to problem sets and an in-class midterm exam, students will carry out a group research project on a topic of their choosing (in consultation with the professor) in order to demonstrate their proficiency in several key course concepts.  This project remains critical to learning the scholastic (and practical) challenges in making rigorous causal claims, navigating the logistics of group collaboration, and learning how to critically evaluate empirical work.",Morgan C Jr. Williams,,,00747,,X3068-20271-001,Adv Econometrics: Causal,Economics @Barnard,ECON,https://doc.sis.columbia.edu/subj/ECON/X3068-20271-001/,,,,3,,,20271ECON3068X001,LECTURE
ECON UN2261,ACCOUNTING & FINANCE FOR ECONOMICS,"The purpose of this course is to provide a basic introduction to accounting, including the
 foundations of accounting concepts, the underlying mechanics, and the overall perspective required
 to become intelligent users of accounting information. The course will focus on the main
 financial statements, the nature of accrual measurement, and the information perspective. In addition,
 we will explore some accounting methods in detail, such as revenue recognition, assets,
 liabilities, and equity.
 The overarching perspective is that accounting reports provide information that is useful for
 a variety of purposes. In the course, I will also provide insights into how the financial markets
 use accounting information to evaluate executives, predict future stock returns, assess firms’
 riskiness, and allocate society’s resources to their most productive uses.",Faculty,,,00766,,W2261-20271-001,ACCOUNTING & FINANCE FOR,Economics @Barnard,ECON,https://doc.sis.columbia.edu/subj/ECON/W2261-20271-001/,,,,3,,,20271ECON2261W001,LECTURE
ECON UN3025,FINANCIAL ECONOMICS,"Prerequisites: ECON UN3211 and ECON UN3213 and STAT UN1201 Institutional nature and economic function of financial markets. Emphasis on both domestic and international markets (debt, stock, foreign exchange, eurobond, eurocurrency, futures, options, and others). Principles of security pricing and portfolio management; the Capital Asset Pricing Model and the Efficient Markets Hypothesis.",Jose Cao-Alvira,,,00764,,V3025-20271-001,,Economics @Barnard,ECON,https://doc.sis.columbia.edu/subj/ECON/V3025-20271-001/,,,,3,"ECON UN3211
ECON UN3213
STAT UN1201",,20271ECON3025V001,LECTURE
EDUC BC1510,FOUNDATIONS OF EDUCATION,"Introduction to the psychological, philosophical, sociological, and historical foundations of education as way to understand what education is, how education has become what it is, and to envision what education should be.",,,,00748,,X1510-20271-002,,Education @Barnard,EDUC,https://doc.sis.columbia.edu/subj/EDUC/X1510-20271-002/,,,,3,,,20271EDUC1510X002,LECTURE
EDUC BC1510,FOUNDATIONS OF EDUCATION,"Introduction to the psychological, philosophical, sociological, and historical foundations of education as way to understand what education is, how education has become what it is, and to envision what education should be.",Rachel Throop,,,00752,,X1510-20271-001,,Education @Barnard,EDUC,https://doc.sis.columbia.edu/subj/EDUC/X1510-20271-001/,,,,3,,,20271EDUC1510X001,LECTURE
EDUC BC3025,INCLUSIVE APPROACHES TO TEACHING LITERAC,"This seminar engages students in an exploration of how schools prepare students to be literate across multiple subject areas. Engaging students with theory and practice, we will look at how students learn to read and write, considering approaches for literacy instruction from early childhood through adolescence. Understanding that schools are required to meet the needs of diverse learners, we will explore literacy instruction for K-12 students with special needs, multilingual learners, and students from diverse cultural backgrounds. This course requires 60 hours of clinical experience (fieldwork).",Lisa Edstrom,,,00771,,X3025-20271-001,LITERACY: THEORY & PRACTI,Education @Barnard,EDUC,https://doc.sis.columbia.edu/subj/EDUC/X3025-20271-001/,,,,6,,,20271EDUC3025X001,SEMINAR
EDUC BC3030,Critical Pedagogies,"This course explores education as a process through which critical consciousness and epistemic justice combat oppression in communities. Students will connect seminal work by critical pedagogues, such as Paolo Freire and bell hooks, to systemic educational challenges and lived experience. As a class, we will investigate power dynamics and structural inequalities at the systemic, institutional, interpersonal and individual levels. Students will problem-pose, dialogue and create pedagogical tools through praxis, by integrating the theory learned in the class to educational practice.",Fawziah Qadir,,,00773,,X3030-20271-001,CRITICAL PEDAGOGIES,Education @Barnard,EDUC,https://doc.sis.columbia.edu/subj/EDUC/X3030-20271-001/,,,,4,,,20271EDUC3030X001,SEMINAR
EDUC BC3033,"Ethnographies of Youth Confinement, Cons","Being young can often mean being (or feeling) powerless, particularly within the large
 institutions that structure youth’s lives. Couple this with experiences of marginalization due to
 race, class, gender, or other social identities, and young people may experience profound
 constraints in their choices or pathways. At the same time, youth – both individually and in
 groups – often develop strategies to resist these sources of literal and figurative confinement to
 seek out dignity, joy, and justice. Using sociological and ethnographic texts as our foundation,
 this course will explore the way experiences of confinement and constraint show up in the lives
 of young people, particularly as they move through educational institutions – and how youth
 work to resist those forms of subordination.
  
 In the first half of the semester, we will focus on policing and prisons and examine the ways
 schools play a role in funneling youth into different forms of confinement. In the second half of
 the semester, we will investigate college and college preparatory contexts in an effort to
 understand the ways they may constrain opportunities by creating or foreclosing particular
 pathways for students’ futures. Throughout the semester, we will emphasize the role of socially
 constructed identity categories – race, gender, class, in particular, as well as the category of
 youth itself – in these processes of confinement and constraint. We will also highlight youth and
 community practices of resistance against these social and institutional forces. Along the way,
 we will consider (and practice) the affordances and limitations of ethnography as a mode of
 social research for studying confinement, constraint, and practices of resistance in educational
 contexts.
  
LEARNING OBJECTIVES
 Through this course, students will:
  
● Use a range of sociological, ethnographic, and multimodal texts to analyze youth’s
 experiences of confinement, constraint, and resistance (expansively defined) and the
 ways they play out in different institutional, educational, and social contexts.
 ● Explore the methodological approach of ethnography – its affordances, challenges, and
 some of the major dilemmas in the field – and practice it by conducting a series of
 scaffolded ethnographic projects.
 ● Write for multiple purposes, including exploratory and dialogic writing shared with peers",Nora M Gross,,,00776,,X3033-20271-001,Youth Constraint & Resist,Education @Barnard,EDUC,https://doc.sis.columbia.edu/subj/EDUC/X3033-20271-001/,,,,4,,,20271EDUC3033X001,SEMINAR
EDUC BC3042,"GENDER, SEXUALITY, AND SCHOOL","Broadly, this course explores the relationship between gender, sexuality, and schooling across national contexts. We begin by considering theoretical perspectives, exploring the ways in which gender and sexuality have been studied and understood in the interdisciplinary field of education. Next, we consider the ways in which the subjective experience of gender and sexuality in schools is often overlooked or inadequately theorized. Exploring the ways that race, class, citizenship, religion and other categories of identity intersect with gender and sexuality, we give primacy to the contention that subjectivity is historically complex, and does not adhere to the analytically distinct identity categories we might try to impose on it.",Ileana Jimenez,,,00772,,X3042-20271-001,GENDER SEXUALITY AND SCHOOL,Education @Barnard,EDUC,https://doc.sis.columbia.edu/subj/EDUC/X3042-20271-001/,,,,4,,,20271EDUC3042X001,SEMINAR
EDUC BC3043,"Making Change: Activism, Social Movement","Summer and 
Semester version:
  
Making Change: Activism, Social Movements and Education will look at the ways people power has pushed for change in the United States educational landscape. We will study historical and current social political education movements to answer questions such as: What does education/teacher activism look like? Who engages in educational social activism, and why? What do different models for organizing look like, past to present? We will learn from the examples of the Freedom Schools, the Chicago Teachers Union, the Tucson Unified School District fight for ethnics studies, BLM at Schools, Teacher Activist Groups and more. We will engage in readings, watch documentaries and hear from education activist guest lecturers.
  
Learning Outcomes: 
  
  
You will explore the historical relationships between and across social movements in education and its social contexts. 
  
You will reflect on major educational justice movements from across the country and analyze its impact and importance. 
  
You will evaluate the changing role of education and schools in our society and propose actions that could be taken to improve education and schools in the future.",Fawziah Qadir,,,00779,,X3043-20271-001,Activism and Education,Education @Barnard,EDUC,https://doc.sis.columbia.edu/subj/EDUC/X3043-20271-001/,,,,4,,,20271EDUC3043X001,SEMINAR
EDUC BC3045,COMPLICATING CLASS:  EDUCATION AND THE L,"In this course, we start from the premise that a failure to understand what social class is and how social class matters in daily life stops us from having conversations about the possibilities and limitations of schooling and, as such, prevents us from doing what we can to improve the schooling experiences of poor and working-class students. Throughout the semester, we will work to “complicate class”, reconsidering what class is, why class matters, and how we can best think about the relationship between social class and schooling. You will develop a language for talking about class, considering the affordances and constraints of various conceptions of class. You will also leave with critical questions about the possibilities and limitations of relying on schools as a solution to social problems. Recognizing restraints, we will conclude by reflecting on how we might work toward creating more equitable learning environments for poor and working-class students.",Rachel Throop,,,00774,,X3045-20271-001,EDUCATION & LIMITS EQUITY,Education @Barnard,EDUC,https://doc.sis.columbia.edu/subj/EDUC/X3045-20271-001/,,,,4,,,20271EDUC3045X001,SEMINAR
EDUC BC3052,MATH & THE CITY,"Prerequisites: the instructors permission. In partnership with NYC public school teachers, students will have opportunities to engage in mathematical learning, lesson study, curriculum development, and implementation, with a focus on using the City as a resource. Students will explore implications for working with diverse populations. Non-math majors, pre-service elementary students and first-year students welcome. Fieldwork and field trips required. Note: Students in the Childhood Urban Teaching Program may use this course as a pedagogical elective.",Ishrat Ahmed,,,00777,,X3052-20271-001,,Education @Barnard,EDUC,https://doc.sis.columbia.edu/subj/EDUC/X3052-20271-001/,,,,4,,,20271EDUC3052X001,SEMINAR
EDUC BC3055,ARTS AND HUMANITIES IN THE CITY:CRITICAL,"Using the theme of “Arts and Humanities in the City”, this seminar will build participants’ knowledge of critical literacy, digital storytelling methods, and ways to use New York City as a resource for teaching the Arts (Dance, Theatre, Music, and Visual Arts), Social Studies, and English Language Arts in grades K-12. Critical literacy is an approach to teaching and learning that focuses on developing students’ abilities to read, analyze, understand, question, and critique hidden perspectives and socially-constructed power relations embedded in what it means to be literate in a content area.",Faculty,,,00778,,X3055-20271-001,ARTS & HUMANITIES IN THE CITY,Education @Barnard,EDUC,https://doc.sis.columbia.edu/subj/EDUC/X3055-20271-001/,,,,4,,,20271EDUC3055X001,SEMINAR
EDUC BC3063,STUDENT TEACHING/URBAN SCHOOLS,"Prerequisites: completion of EDUC BC2052 or EDUC BC2062 and EDUC BC2055, with grades of B or better. NYCDOE Fingerprinting. Corequisites: EDUC BC3064. Enrollment limited. Supervised student teaching in elementary schools includes creating lesson plans, involving students in active learning, using cooperative methods, developmentally appropriate assessment, and meeting the needs of diverse learners in urban schools. Teaching skills developed through weekly individual and/or group supervision meetings (to be scheduled at the beginning of the semester), conferences, and portfolio design. Requires 100 hours of teaching at two different grade levels, full-time for one semester. Note: Students are only permitted to leave their student teaching placements early twice a week, once for EDUC BC3064 and one other day for one additional course having a start time of 2 pm or later. Students are only permitted to take one additional course while enrolled in EDUC BC3063 and EDUC BC3064.",Lisa Edstrom,,,00780,,X3063-20271-001,STUDENT TEACHING/URBAN SC,Education @Barnard,EDUC,https://doc.sis.columbia.edu/subj/EDUC/X3063-20271-001/,,,,6,"EDUC BC2052
EDUC BC2055
EDUC BC2062
EDUC BC3063
EDUC BC3064
EDUC BC3064
EDUC BC3064",,20271EDUC3063X001,STUDENT TEAC
EDUC BC3065,SECONDARY STU TCHNG URB SCHLS,"Prerequisites: Completion of EDUC BC2052 or EDUC BC2062 and EDUC BC2055, with grades of B or better. NYCDOE Fingerprinting required. Corequisites: EDUC BC3064. Enrollment limited. Supervised student teaching in secondary schools includes creating lesson plans, involving students in active learning, using cooperative methods, developmentally appropriate assessment, and meeting the needs of diverse learners in urban schools. Teaching skills developed through weekly individual and/or group supervision meetings (to be scheduled at the beginning of the semester), conferences, and portfolio design. Requires 100 hours of teaching at two different grade levels, full-time for one semester. Note: Students are only permitted to leave their student teaching placements early twice a week, once for EDUC BC3064 and one other day for one additional course having a start time of 2 pm or later. Students are only permitted to take one additional course while enrolled in EDUC BC3064 and EDUC BC3065.",,,,00781,,X3065-20271-001,SECONDARY STU TCHNG URB S,Education @Barnard,EDUC,https://doc.sis.columbia.edu/subj/EDUC/X3065-20271-001/,,,,6,"EDUC BC2052
EDUC BC2055
EDUC BC2062
EDUC BC3064
EDUC BC3064
EDUC BC3064
EDUC BC3065",,20271EDUC3065X001,STUDENT TEAC
EDUC BC3089,Senior Research Seminar: Inquiry,"This is the second semester of a year-long senior capstone experience for Educational Studies majors. Over the course of the year, you will design and carry-out an inquiry project, and you will report on this project through an appropriate medium, for a specific purpose and audience.",Nora M Gross,,,00782,,X3089-20271-001,SENIOR RESEARCH SEMINAR I,Education @Barnard,EDUC,https://doc.sis.columbia.edu/subj/EDUC/X3089-20271-001/,,,,4,,,20271EDUC3089X001,SEMINAR
EESC BC1002,ENVIRNMNTL SCI II: Envir & Human Health,"Course focuses on understanding how the Environment Impacts Human Health.  Air quality and water quality from both natural and anthropogenic sources can have a wide array of adverse health effects.  We will examine a wide array of contaminants, their health effects, and potential solutions.",Mike Z He,,,00128,,X1002-20271-001,ENV SCI II: Env & Human H,Environmental Sciences @Barnard,EESC,https://doc.sis.columbia.edu/subj/EESC/X1002-20271-001/,,,,3,,,20271EESC1002X001,LECTURE
EESC BC1012,ENVIRONMENTL SCIENCE LAB,,,,,00555,,X1012-20271-001,,Environmental Sciences @Barnard,EESC,https://doc.sis.columbia.edu/subj/EESC/X1012-20271-001/,,,,0,,,20271EESC1012X001,LABORATORY
EESC BC3017,ENVIRONMENTAL DATA ANALYSIS,"Prerequisites: One year of college science or EESC V2100 or permission of the instructor. Acquisition, analysis, interpretation, and presentation of environmental data, assessment of spatial and temporal variability. Focus on water quality issues and storm surges. Uses existing and student-generated data sets. Basic principles of statistics and GIS, uses standard software packages including EXCEL and ArcGIS. Includes a half-day field trip on a Saturday or Sunday. General Education Requirement: Quantitative and Deductive Reasoning (QUA).",,,,00423,,X3017-20271-001,ENVIRONMENTAL DATA ANALYS,Environmental Sciences @Barnard,EESC,https://doc.sis.columbia.edu/subj/EESC/X3017-20271-001/,,,,3,EESC V2100,,20271EESC3017X001,LECTURE
EESC BC3026,"BIRD,PLANT &LAND-USE DYNAMICS","Prerequisites: Enrollment limited to 16 students. One year of college-level science. Primarily for Environmental Majors, Concentrators and Minors. This class looks at the response of wildlife (birds and plants) to climate change and land-use issues from the end of the last glaciation to the present. Case study topics are: (1) land-use and climate change over time: a paleoenvironmental perspective, (2) environmental transformations: impact of invasive plants and birds and pathogens on local environments and (3) migration of Neotropical songbirds between their wintering and breeding grounds: land-use, crisis and conservation. We visit wildlife refuges along a rural-suburban-urban gradient in order to observe and measure the role refuges play in conservation.  Format: lecture, student presentations, short labs, data collection/analysis and field trips (some on a weekend day in April in place of the week day meeting).",Terryanne Maenza-Gmelch,,,00134,,X3026-20271-001,"BIRD,PLANT &LAND-USE DYNA",Environmental Sciences @Barnard,EESC,https://doc.sis.columbia.edu/subj/EESC/X3026-20271-001/,,,,3,,,20271EESC3026X001,LECTURE
EESC BC3029,Bermuda: Case Studies in Environmental S,"This course focuses on the ecology, geology, and sustainability of Bermuda. Students will explore the local flora, fauna, geology and hydrology of various habitats in the context of environmental change brought on by issues such as rising global temperatures, invasive species, and development.  Students will also look into sustainability issues, such as energy, drinking water, solid waste, and wastewater issues, some of which the country addresses in unique ways. The course will also contrast some of these topics with those in the NYC area and other subtropical and tropical islands.
  
Classes will meet during the spring semester at Barnard in preparation for a field trip to Bermuda for five days during spring break. 
  
Students and faculty will use the Bermuda Institute of Ocean Sciences (BIOS) field station for both lodging and laboratory facilities.  BIOS will provide bus and boat-based transportation.  
  
The excursions to caves, volcanic and pink sand beaches, outcrops, rare plant habitats and bird conservation areas in addition to engagement with the local experts at BIOS will provide an authentic opportunity to study the natural history of and environmental threats to an offshore island compared to our local environment in NYC.  
  
Students will take detailed field notes in Bermuda. After returning from the trip, they will focus on one or two aspects of the field trip and research related issues in depth. Topics will include:  transportation, energy acquisition, electricity generation, wind energy, solar power, carbon capture and storage, drinking water, waste management, sewage treatment and disposal, biological conservation, ecological restoration, social & environmental justice, economy, and food supply. Students are also encouraged to compare issues in Bermuda with NYC and other islands. 
  
The final products of the semester will be a detailed field journal, a mini research project  with an annotated bibliography and a poster summarizing the results.",Terryanne Maenza-Gmelch,,,00135,,X3029-20271-001,Bermuda:  Env Susdev,Environmental Sciences @Barnard,EESC,https://doc.sis.columbia.edu/subj/EESC/X3029-20271-001/,,,,3,,,20271EESC3029X001,LECTURE
EESC BC3040,ENVIRONMENTAL LAW,"Process-oriented introduction to the law and its use in environmental policy and decision-making. Origins and structure of the U.S. legal system. Emphasis on litigation process and specific cases that elucidate the common law and toxic torts, environmental administrative law, and environmental regulation through application and testing of statutory law in the courts. Emphasis also on the development of legal literacy, research skills, and writing.",Dana Neacsu,,,00146,,X3040-20271-001,,Environmental Sciences @Barnard,EESC,https://doc.sis.columbia.edu/subj/EESC/X3040-20271-001/,,,,3,,,20271EESC3040X001,LECTURE
EESC BC3050,BIG DATA WITH PYTHON,"Big Data is changing how we interact with and understand the environment. Yet analyzing Big Data requires new tools and methods. Students will learn to use Python programming to analyze and visualize large environmental and earths systems data sets in ways that Excel is not equipped to do. This will include both time series and spatial analyses with programming occurring interactively during class and assignments designed to strengthen methods and results. Students will learn to write code in Python, plot, map, sub-select, clean, organize, and perform statistical analyses on large global scale data sets, using the data in analysis, and take any data set no matter how large or complicated.",Brian Mailloux,,,00194,,X3050-20271-001,,Environmental Sciences @Barnard,EESC,https://doc.sis.columbia.edu/subj/EESC/X3050-20271-001/,,,,3,,,20271EESC3050X001,LECTURE
EESC BC3800,ENVIR SCIENCE SENIOR SEMINAR,"Guided, independent, in-depth research culminating in the senior thesis in the spring. Includes discussion about scientific presentations and posters, data analysis, library research methods and scientific writing. Students review work in progress and share results through oral reports. Weekly seminar to review work in progress and share results through oral and written reports.",,,,00195,,X3800-20271-001,ENVIR SCIENCE SENIOR SEMI,Environmental Sciences @Barnard,EESC,https://doc.sis.columbia.edu/subj/EESC/X3800-20271-001/,,,,3,,,20271EESC3800X001,SEMINAR
EESC BC3800,ENVIR SCIENCE SENIOR SEMINAR,"Guided, independent, in-depth research culminating in the senior thesis in the spring. Includes discussion about scientific presentations and posters, data analysis, library research methods and scientific writing. Students review work in progress and share results through oral reports. Weekly seminar to review work in progress and share results through oral and written reports.",Logan Brenner,,,00196,,X3800-20271-002,ENVIR SCIENCE SENIOR SEMI,Environmental Sciences @Barnard,EESC,https://doc.sis.columbia.edu/subj/EESC/X3800-20271-002/,,,,3,,,20271EESC3800X002,SEMINAR
EESC BC3800,ENVIR SCIENCE SENIOR SEMINAR,"Guided, independent, in-depth research culminating in the senior thesis in the spring. Includes discussion about scientific presentations and posters, data analysis, library research methods and scientific writing. Students review work in progress and share results through oral reports. Weekly seminar to review work in progress and share results through oral and written reports.",Logan Brenner,,,00197,,X3800-20271-003,ENVIR SCIENCE SENIOR SEMI,Environmental Sciences @Barnard,EESC,https://doc.sis.columbia.edu/subj/EESC/X3800-20271-003/,,,,3,,,20271EESC3800X003,SEMINAR
EHPS GR6101,EUROPEAN STUDIES COLL II,,Tsveta A Petrova,,,10167,,G6101-20271-001,,Modern European Studies,EHPS,https://doc.sis.columbia.edu/subj/EHPS/G6101-20271-001/,,In-Person,,4,,,20271EHPS6101G001,COLLOQUIA
ENFL BC3275,Nonhuman Intelligence,"What does it mean to be intelligent? Recent years have seen rapid advances in artificial  intelligence technology that enables computers and machines to simulate human learning,  comprehension, problem solving, creativity and autonomy. At the same time, we have  become more aware of other forms of intelligence—some which have been with us all along.  Through a selection of fiction and nonfiction texts and films, students will deepen their  understanding of the multifaceted nature of intelligence and the fascinating, uncanny, and  multiple ways of existing on, off, and in the earth.",Margaret J McLagan,,,00878,,X3275-20271-001,,Film @Barnard,ENFL,https://doc.sis.columbia.edu/subj/ENFL/X3275-20271-001/,,,,4,,,20271ENFL3275X001,SEMINAR
ENGL BC1045,Ghost Stories,"What are ghosts? Why are we haunted by them? And why are we so drawn to telling stories about these hauntings? In this class, we will read ghost stories from the 17th century through the present day; in the process, we will examine what these stories reveal about our own preoccupations, fears, and desires. Writers and readers turn to ghost stories for horror and suspense, for sure, but also because they’re a powerful medium for reckoning with history and memory—with the past’s hold over the present—particularly when it comes to violence, loss, oppression, and trauma. Ghost stories engage with issues of race, class, gender, and sexuality; with social otherness; with marginalization. Ghost stories stage problems of justice, vengeance, and guilt. Ghost stories trouble the nature of the body, and the meaning of (and boundaries between) life and death. Ghost stories lend themselves both to fear and to laughter, both to questions and to answers. While exploring all of these topics and themes, we will also consider the trope of storytelling itself, which figures prominently in so many works of the genre. What is wrapped up in the gesture of telling a story, and in the ways, contexts, and reasons in and for which these stories get told? Readings (subject to change) include works by Shakespeare, Charles Dickens, Edith Wharton, Henry James, Shirley Jackson, Helen Oyeyemi, Maxine Hong Kingston, Toni Morrison, Oscar Wilde, and others.",Penelope Usher,,,00262,,X1045-20271-001,GHOST STORIES,English @Barnard,ENGL,https://doc.sis.columbia.edu/subj/ENGL/X1045-20271-001/,,,,3,,,20271ENGL1045X001,LECTURE
ENGL BC1246,INTIMATE COMPANIONS: READING AND WRITING,"This First-Year course will engage with literary expressions of the universally interesting topic of relationships. Tony Tanner in his 
Adultery in the Novel
 characterizes marriage as “the structure which supports all structure.” Contemporary critics have seen marriage as essential to maintaining the “family values” of the bourgeoisie; feminists and Marxists have challenged the economic assumptions of patriarchally-defined marriage. Folklorists have treated marriage as the endpoint of the search for a safe domestic space. We will touch on this subject, but will also turn to writing about other indispensable relationships that, increasingly, fill our lives. Animals and botanicals—and our relationship with nature—have become so obviously  Important in the past ten years that they deserve to underpin our core values, too.
  
Starting with classic fairy tales and moving on to short fictions, contemporary American poetry, an affectionate study of the psyches of trees, and brief essays on animals we live with, this course will deliver an exportable cluster of ideas that may change our lives.",Margaret R Ellsberg,,,00267,,X1246-20271-001,INTIMATE COMPANIONS,English @Barnard,ENGL,https://doc.sis.columbia.edu/subj/ENGL/X1246-20271-001/,,,,3,,,20271ENGL1246X001,LECTURE
ENGL BC3104,THE ART OF THE ESSAY,"Essay writing above the first-year level. Reading and writing various types of essays to develop one's natural writing voice and craft thoughtful, sophisticated and personal essays.",Margaret R Ellsberg,,,00270,,X3104-20271-001,,English @Barnard,ENGL,https://doc.sis.columbia.edu/subj/ENGL/X3104-20271-001/,,,,3,,,20271ENGL3104X001,WORKSHOP
ENGL BC3104,THE ART OF THE ESSAY,"Essay writing above the first-year level. Reading and writing various types of essays to develop one's natural writing voice and craft thoughtful, sophisticated and personal essays.",Vrinda Condillac,,,00271,,X3104-20271-002,,English @Barnard,ENGL,https://doc.sis.columbia.edu/subj/ENGL/X3104-20271-002/,,,,3,,,20271ENGL3104X002,WORKSHOP
ENGL BC3104,THE ART OF THE ESSAY,"Essay writing above the first-year level. Reading and writing various types of essays to develop one's natural writing voice and craft thoughtful, sophisticated and personal essays.",Shelly Fredman,,,00272,,X3104-20271-003,,English @Barnard,ENGL,https://doc.sis.columbia.edu/subj/ENGL/X3104-20271-003/,,,,3,,,20271ENGL3104X003,WORKSHOP
ENGL BC3106,FICTION & PERSONAL NARRATIVE,"Writing sample required to apply to the course. Please send a writing sample of up to 5 pages of prose (double spaced) to 
awatson@barnard.edu
. 
  
Spring 2026: Fiction and Personal Narrative: Crafting the Narrative ""I""
  
In this workshop, we will practice taking creative risks, writing fiction and nonfiction. We will examine four key craft areas: voice, characterization, imagery, and arrangement, both in contemporary published writing and in the writing of the people in this class. In small and large group workshops, we will consider each writer’s work with care and attention to the writer’s vision. By discussing each work-in-progress on its own terms, we will help our fellow writers deepen the meaning and impact of their work. Through risk-taking, and building a creative community, we will also grow and deepen our personal relationships to craft. Model readings will be contemporary short stories or personal essays, mostly written in the first person, including work by Kali Fajardo-Anstine, Tony Tulathimutte, K-Ming Chang, Cleyvis Natera, Melissa Febos, Ling Ma, and Deesha Philyaw.",Alexandra P Watson,,,00274,,X3106-20271-001,FICTION & PERSONAL NARRAT,English @Barnard,ENGL,https://doc.sis.columbia.edu/subj/ENGL/X3106-20271-001/,,,,3,,,20271ENGL3106X001,WORKSHOP
ENGL BC3108,INTRODUCTION TO FICTION WRITING,"Writing sample required to apply. Instructions and the application form can be found here: 
https://english.barnard.edu/english/creative-writing-courses
.
 The most exciting, and the most terrifying, aspect of writing fiction is that there are no rules that cannot, under certain conditions, be broken. Good fiction makes and lives by its own rules. In this course, we will discuss common tenets of fiction writing—regarding character, plot, point-of-view, and more—and also examine cases in which writers break rules for the better. This course involves attentive reading of stories by various authors, discussions of craft, in-class writing, and workshops of student fiction. Readings may include Shirley Hazzard, Elias Khoury, James Wood, Elena Ferrante, Federico Garcia Lorca, and Sylvia Townsend Warner, among others.",Cleyvis Natera,,,00276,,X3108-20271-001,INTRO TO FICTION WRITING,English @Barnard,ENGL,https://doc.sis.columbia.edu/subj/ENGL/X3108-20271-001/,,,,3,,,20271ENGL3108X001,WORKSHOP
ENGL BC3110,INTRODUCTION TO POETRY WRITING,"Writing sample and application required to apply. Instructions and the application form can be found under 
Applying to Creative Writing Courses on the English Department website.
.
  
Varied assignments in poetry designed to explore the resources of language through imitation, allusion, free association, revision, and other techniques. For a more detailed, instructor-specific description, 
please see our Course Offerings packet
. If you are a Columbia student, please note that you will need to submit an access request to view the document containing instructor-specific course descriptions. All requests will be approved within 24 business hours.",Angel Nafis,,,00277,,X3110-20271-001,INTRODUCTION TO POETRY WR,English @Barnard,ENGL,https://doc.sis.columbia.edu/subj/ENGL/X3110-20271-001/,,,,3,,,20271ENGL3110X001,WORKSHOP
ENGL BC3114,PLAYWRITING II,"Writing sample required to apply. Instructions and the application form can be found here: 
https://english.barnard.edu/english/creative-writing-courses
. What makes a play alive? Often a playwright is surprised into their strongest work. The practices of experimentation and analysis, curiosity and audacity lead to new possibilities. Students will read and respond to plays, identifying elements and strategies, and each week bring in fragments and scenes written in response to weekly prompts. By the middle of the semester, students will choose the piece that feels the most viable and develop it into what in most cases will be a thirty page play. NOTE: Playwriting I (ENGL BC3113) is NOT a prerequisite, and students need not have written a play before.",Kathleen Tolan,,,00279,,X3114-20271-001,,English @Barnard,ENGL,https://doc.sis.columbia.edu/subj/ENGL/X3114-20271-001/,,,,3,ENGL BC3113,,20271ENGL3114X001,WORKSHOP
ENGL BC3116,STORY WRITING II,"Writing sample required to apply. Instructions and the application form can be found here: 
https://english.barnard.edu/english/creative-writing-courses
. 
  
Spring 2026
Story Writing II is an advanced workshop in writing, with emphasis on the short story. Some experience in the writing of fiction is required. Each week we will read and analyze a variety of published short stories with an eye for craft and authorial decisions that might be applied to our own work. Writers we will read may include: Jean Stafford, Yiyun Li, Bryan Washington, Garth Greenwell, Lorrie Moore, Jamel Brinkley, Ling Ma, Cesar Aira, Mavis Gallant, and more. Exercises and in-depth workshop letters will push students to think more deeply about their own choices and the many layers that make up each work. Conference hours to be arranged.",Nellie G Hermann,,,00280,,X3116-20271-001,,English @Barnard,ENGL,https://doc.sis.columbia.edu/subj/ENGL/X3116-20271-001/,,,,3,,,20271ENGL3116X001,WORKSHOP
ENGL BC3117,FICTION WRITING,"Writing sample and application required to apply. Instructions and the application form can be found under 
Applying to Creative Writing Courses on the English Department website.
  
Assignments designed to examine form and structure in fiction. For a more detailed, instructor-specific description, 
please see our Course Offerings packet.
 If you are a Columbia student, please note that you will need to submit an access request to view the document containing instructor-specific course descriptions. All requests will be approved within 24 business hours.",Sarah Wang,,,00281,,X3117-20271-001,,English @Barnard,ENGL,https://doc.sis.columbia.edu/subj/ENGL/X3117-20271-001/,,,,3,,,20271ENGL3117X001,WORKSHOP
ENGL BC3117,FICTION WRITING,"Writing sample and application required to apply. Instructions and the application form can be found under 
Applying to Creative Writing Courses on the English Department website.
  
Assignments designed to examine form and structure in fiction. For a more detailed, instructor-specific description, 
please see our Course Offerings packet.
 If you are a Columbia student, please note that you will need to submit an access request to view the document containing instructor-specific course descriptions. All requests will be approved within 24 business hours.",Gina Apostol,,,00282,,X3117-20271-002,,English @Barnard,ENGL,https://doc.sis.columbia.edu/subj/ENGL/X3117-20271-002/,,,,3,,,20271ENGL3117X002,WORKSHOP
ENGL BC3118,ADVANCED POETRY WRITING,"Writing sample and application required to apply. Instructions and the application form can be found 
under Applying to Creative Writing Courses on the English Department website.
  
Weekly workshops designed to generate and critique new poetry. Readings in traditional and contemporary poetry will be included. For a more detailed, instructor-specific description, 
please see our Course Offerings packet.
 If you are a Columbia student, please note that you will need to submit an access request to view the document containing instructor-specific course descriptions. All requests will be approved within 24 business hours.",Monica Sok,,,00287,,X3118-20271-001,,English @Barnard,ENGL,https://doc.sis.columbia.edu/subj/ENGL/X3118-20271-001/,,,,3,,,20271ENGL3118X001,WORKSHOP
ENGL BC3121,PUBLIC SPEAKING,"Open only to undergraduates. 
 
  
This course will introduce you to principles of effective public speaking and debate, and provide practical opportunities to use these principles in structured speaking situations. You will craft and deliver speeches, engage in debates and panel discussions, analyze historical and contemporary speakers, and reflect on your own speeches and those of your classmates. You will explore and practice different rhetorical strategies with an emphasis on information, persuasion and argumentation. For each speaking assignment, you will go through the speech-making process, from audience analysis, purpose and organization, to considerations of style and delivery. The key criteria in this course are content, organization, and adaptation to the audience and purpose. While this is primarily a performance course, you will be expected to participate extensively as a listener and critic, as well as a speaker.",Daniela Kempf,,,00288,,X3121-20271-001,FIRST-YEAR PUBLIC SPEAKNG,English @Barnard,ENGL,https://doc.sis.columbia.edu/subj/ENGL/X3121-20271-001/,,,,3,,,20271ENGL3121X001,WORKSHOP
ENGL BC3121,PUBLIC SPEAKING,"Open only to undergraduates. 
 
  
This course will introduce you to principles of effective public speaking and debate, and provide practical opportunities to use these principles in structured speaking situations. You will craft and deliver speeches, engage in debates and panel discussions, analyze historical and contemporary speakers, and reflect on your own speeches and those of your classmates. You will explore and practice different rhetorical strategies with an emphasis on information, persuasion and argumentation. For each speaking assignment, you will go through the speech-making process, from audience analysis, purpose and organization, to considerations of style and delivery. The key criteria in this course are content, organization, and adaptation to the audience and purpose. While this is primarily a performance course, you will be expected to participate extensively as a listener and critic, as well as a speaker.",Daniela Kempf,,,00289,,X3121-20271-002,,English @Barnard,ENGL,https://doc.sis.columbia.edu/subj/ENGL/X3121-20271-002/,,,,3,,,20271ENGL3121X002,WORKSHOP
ENGL BC3134,CREATIVE NON-FICTION,"Writing sample and application required to apply. Instructions and the application form can be found 
under Applying to Creative Writing Courses on the English Department website.
  
In this course we will explore various genres of creative non-fiction and practice a range of craft techniques, paying special attention to the construction of the writing self and the ethics of writing about real people and events. For a more detailed, instructor-specific description, 
please see our Course Offerings packet.
 If you are a Columbia student, please note that you will need to submit an access request to view the document containing instructor-specific course descriptions. All requests will be approved within 24 business hours.",Liana Finck,,,00290,,X3134-20271-001,,English @Barnard,ENGL,https://doc.sis.columbia.edu/subj/ENGL/X3134-20271-001/,,,,3,,,20271ENGL3134X001,WORKSHOP
ENGL BC3155,THE CANTERBURY TALES,Chaucer as inheritor of late-antique and medieval conventions and founder of early modern literature and the fiction of character.  Selections from related medieval texts.,Eugene A Petracca,,,00864,,X3155-20271-001,,English @Barnard,ENGL,https://doc.sis.columbia.edu/subj/ENGL/X3155-20271-001/,,,,3,,,20271ENGL3155X001,LECTURE
ENGL BC3160,THE ENGLISH COLLOQUIUM,"Prerequisites: Enrollment limited to Barnard English majors. In the Enlightenment colloquium we will look at English and European imaginative and intellectual life during the late seventeenth and eighteenth centuries. During this period, writers tried in new ways to reconcile the tensions between reason and religion. Categories of thought that underlie our world today were taking shape: secularity, progress, the public and the private, individual rights, religious tolerance. Writers articulated principles of equality in an era of slavery. Literary forms like the novel, which emerges into prominence during this period, express in irreducibly complex ways these and other changes. In this intensive course, we will study from multiple angles a variety of authors that may include Hobbes, Dryden, Locke, Spinoza, Lafayette, Defoe, Swift, Pope, Richardson, Voltaire, Fielding, Johnson, Diderot, Sterne, and Wollstonecraft, among others.",Achsah Guibbory,,,00291,,X3160-20271-001,,English @Barnard,ENGL,https://doc.sis.columbia.edu/subj/ENGL/X3160-20271-001/,,,,4,,,20271ENGL3160X001,COLLOQUIA
ENGL BC3160,THE ENGLISH COLLOQUIUM,"Prerequisites: Enrollment limited to Barnard English majors. In the Enlightenment colloquium we will look at English and European imaginative and intellectual life during the late seventeenth and eighteenth centuries. During this period, writers tried in new ways to reconcile the tensions between reason and religion. Categories of thought that underlie our world today were taking shape: secularity, progress, the public and the private, individual rights, religious tolerance. Writers articulated principles of equality in an era of slavery. Literary forms like the novel, which emerges into prominence during this period, express in irreducibly complex ways these and other changes. In this intensive course, we will study from multiple angles a variety of authors that may include Hobbes, Dryden, Locke, Spinoza, Lafayette, Defoe, Swift, Pope, Richardson, Voltaire, Fielding, Johnson, Diderot, Sterne, and Wollstonecraft, among others.",Andrew L Lynn,,,00292,,X3160-20271-002,,English @Barnard,ENGL,https://doc.sis.columbia.edu/subj/ENGL/X3160-20271-002/,,,,4,,,20271ENGL3160X002,COLLOQUIA
ENGL BC3160,THE ENGLISH COLLOQUIUM,"Prerequisites: Enrollment limited to Barnard English majors. In the Enlightenment colloquium we will look at English and European imaginative and intellectual life during the late seventeenth and eighteenth centuries. During this period, writers tried in new ways to reconcile the tensions between reason and religion. Categories of thought that underlie our world today were taking shape: secularity, progress, the public and the private, individual rights, religious tolerance. Writers articulated principles of equality in an era of slavery. Literary forms like the novel, which emerges into prominence during this period, express in irreducibly complex ways these and other changes. In this intensive course, we will study from multiple angles a variety of authors that may include Hobbes, Dryden, Locke, Spinoza, Lafayette, Defoe, Swift, Pope, Richardson, Voltaire, Fielding, Johnson, Diderot, Sterne, and Wollstonecraft, among others.",Jayne Hildebrand,,,00293,,X3160-20271-003,,English @Barnard,ENGL,https://doc.sis.columbia.edu/subj/ENGL/X3160-20271-003/,,,,4,,,20271ENGL3160X003,COLLOQUIA
ENGL BC3160,THE ENGLISH COLLOQUIUM,"Prerequisites: Enrollment limited to Barnard English majors. In the Enlightenment colloquium we will look at English and European imaginative and intellectual life during the late seventeenth and eighteenth centuries. During this period, writers tried in new ways to reconcile the tensions between reason and religion. Categories of thought that underlie our world today were taking shape: secularity, progress, the public and the private, individual rights, religious tolerance. Writers articulated principles of equality in an era of slavery. Literary forms like the novel, which emerges into prominence during this period, express in irreducibly complex ways these and other changes. In this intensive course, we will study from multiple angles a variety of authors that may include Hobbes, Dryden, Locke, Spinoza, Lafayette, Defoe, Swift, Pope, Richardson, Voltaire, Fielding, Johnson, Diderot, Sterne, and Wollstonecraft, among others.",Joseph Moshenka,,,00294,,X3160-20271-004,,English @Barnard,ENGL,https://doc.sis.columbia.edu/subj/ENGL/X3160-20271-004/,,,,4,,,20271ENGL3160X004,COLLOQUIA
ENGL BC3164,SHAKESPEARE II,"Prerequisites: Enrollment limited to 60 students. Critical and historical introduction to selected comedies, histories, tragedies, and romances by Shakespeare. Please note that you do not need to take ENGL BC3163: Shakespeare I and ENGL BC3164: Shakespeare II in sequence; you may take them in any order.",Peter Platt,,,00295,,X3164-20271-001,,English @Barnard,ENGL,https://doc.sis.columbia.edu/subj/ENGL/X3164-20271-001/,,,,3,"ENGL BC3163
ENGL BC3164",,20271ENGL3164X001,LECTURE
ENGL BC3167,MILTON,"How and why might we read Milton now? And how do his writings and thinking intersect with issues in our present moment? We will read his influential epic 
Paradise Lost
 after reading selections of Milton's earlier poetry and prose (attack against censorship, defenses of divorce, individual conscience, toleration, complicated issues of political and religious liberty). He wrote about these matters as he was involved in the English Civil war, an advocate of liberty (we will consider what kind, for whom?) and revolution, which Americans would embrace as inspiration and to justify the American Revolution. We will critically read Milton’s literary and political texts within the contexts of religious, political, and cultural history of early modern England and Europe but also colonial and revolutionary America—asking difficult questions, and with a sense of how Milton’s writing connects to present issues of our time.",Achsah Guibbory,,,00296,,X3167-20271-001,,English @Barnard,ENGL,https://doc.sis.columbia.edu/subj/ENGL/X3167-20271-001/,,,,3,,,20271ENGL3167X001,LECTURE
ENGL BC3169,RENAISSANCE DRAMA:1580-1642,"This class offers a general introduction to English drama at the moment when it arose as a major art form. In Renaissance London, astonishingly complex plays emerged that reflected the diverse urban life of the city, as well as the layered and often contradictory inner life of the individual. This poetically rich theater was less concerned with presenting answers, and more with staging questions—about gender, race, religion, literary tradition, love, sex, authority, and class. In this course, we will try to tap into this theater’s cosmopolitan, embodied poetics by reading not only Shakespeare, but also the various other major authors who constituted this literary world: Christopher Marlowe, Ben Jonson, Thomas Dekker, Thomas Middleton, John Webster, the ever-popular Anonymous and others.",Peter Platt,,,00297,,X3169-20271-001,RENAISSANCE DRAMA:1580-16,English @Barnard,ENGL,https://doc.sis.columbia.edu/subj/ENGL/X3169-20271-001/,,,,3,,,20271ENGL3169X001,LECTURE
ENGL BC3177,VICTORIAN AGE IN LITERATURE,"“We have become a novel-reading people,” wrote Anthony Trollope in 1870. “Novels are in the hands of us all; from the Prime Minister down to the last-appointed scullery maid.” This course will consider why the novel was so important to Victorian culture and society. What made the Victorian novel such a fertile form for grappling with the unprecedented cultural changes of the nineteenth century? To address this question, we will explore how Victorian novels both responded to, and participated in, major social and cultural shifts of the period, including industrialism and urbanization; colonialism and empire; the changing status of women, sexuality, and marriage; the emergence of Darwinism; class conflict and social reform; and the expansion of education and literacy. This course will also consider more broadly what novels are for, and what the Victorians thought they were for. Do novels represent the world as it really is, or do they imagine it as it ought to be? What kinds of solutions to social and political problems can novels offer? Can novels ethically improve (or corrupt) their readers? We will consider these issues in the context of realism, Victorian literature’s trademark genre, but we’ll also explore an array of other genres, such as the industrial novel, the Bildungsroman, the sensation novel, detective fiction, and gothic fiction. Authors include Jane Austen, Charles Dickens, Charlotte Brontë, George Eliot, Wilkie Collins, and others.",Jayne Hildebrand,,,00298,,X3177-20271-001,VICTORIAN AGE IN LITERATU,English @Barnard,ENGL,https://doc.sis.columbia.edu/subj/ENGL/X3177-20271-001/,,,,3,,,20271ENGL3177X001,LECTURE
ENGL BC3180,AMERICAN LITERATURE 1800-1870,"Texts from the late Republican period through the Civil War explore a range of intersecting literary, political, philosophical, and theological issues, including the literary implications of American independence, the status of Native Americans, the nature of the self, slavery and abolition, gender and woman's sphere, and the Civil War. Writers include Washington Irving, Ralph Waldo Emerson, Walt Whitman, Henry David Thoreau, Frederick Douglass, Margaret Fuller, Edgar Allan Poe, Nathaniel Hawthorne, Herman Melville, Harriet Beecher Stowe, Harriet Jacobs, and Emily Dickinson.",Lisa Gordis,,,00299,,X3180-20271-001,AMERICAN LITERATURE 1800-,English @Barnard,ENGL,https://doc.sis.columbia.edu/subj/ENGL/X3180-20271-001/,,,,3,,,20271ENGL3180X001,LECTURE
ENGL BC3193,CRITICAL WRITING,Open to all students.This course teaches clear writing and provides exposure to a range of interpretative strategies.  Frequent short papers. Required of all English majors before the end of the junior year. Sophomores are encouraged to take it in the spring semester even before officially declaring their major. Transfer students should plan to take it in the fall semester.,Eugene A Petracca,,,00309,,X3193-20271-001,,English @Barnard,ENGL,https://doc.sis.columbia.edu/subj/ENGL/X3193-20271-001/,,,,4,,,20271ENGL3193X001,COLLOQUIA
ENGL BC3193,CRITICAL WRITING,Open to all students.This course teaches clear writing and provides exposure to a range of interpretative strategies.  Frequent short papers. Required of all English majors before the end of the junior year. Sophomores are encouraged to take it in the spring semester even before officially declaring their major. Transfer students should plan to take it in the fall semester.,Eugene A Petracca,,,00310,,X3193-20271-002,,English @Barnard,ENGL,https://doc.sis.columbia.edu/subj/ENGL/X3193-20271-002/,,,,4,,,20271ENGL3193X002,COLLOQUIA
ENGL BC3193,CRITICAL WRITING,Open to all students.This course teaches clear writing and provides exposure to a range of interpretative strategies.  Frequent short papers. Required of all English majors before the end of the junior year. Sophomores are encouraged to take it in the spring semester even before officially declaring their major. Transfer students should plan to take it in the fall semester.,Michael C Dickman,,,00373,,X3193-20271-003,,English @Barnard,ENGL,https://doc.sis.columbia.edu/subj/ENGL/X3193-20271-003/,,,,4,,,20271ENGL3193X003,COLLOQUIA
ENGL BC3193,CRITICAL WRITING,Open to all students.This course teaches clear writing and provides exposure to a range of interpretative strategies.  Frequent short papers. Required of all English majors before the end of the junior year. Sophomores are encouraged to take it in the spring semester even before officially declaring their major. Transfer students should plan to take it in the fall semester.,Joseph Moshenka,,,00374,,X3193-20271-004,,English @Barnard,ENGL,https://doc.sis.columbia.edu/subj/ENGL/X3193-20271-004/,,,,4,,,20271ENGL3193X004,COLLOQUIA
ENGL BC3195,MODERNISM,"A deeply ambivalent, transatlantic movement, Modernism grapples with revolutionary forces that defy traditional structures: the 19th-century Darwinian inversion to the old idea of order, the advent of psychoanalysis, the crisis of world war, and the anxiety and exuberance of shifting gender paradigms. The ensuing cultural upheaval dis-orders not only the content but also the literary forms of Modernism, giving rise to abstraction, fragmented narrative structures, stream-of-consciousness prose and the extreme erudition T.S. Eliot “shored against the ruins” of so-called civilization in “The Waste Land.”  Special attention will be devoted to how seminal manifestos, most notably ""Tradition and the Individual Talent"" and 
A Room of One's Own,
 frame the movement's embattled aesthetics.  Works by Djuna Barnes, T.S. Eliot, William Faulkner,  Ernest Hemingway, James Joyce, D.H. Lawrence, Muriel Rukeyser, Jean Toomer, Gertrude Stein, Wallace Stevens, William Carlos Williams, Virginia Woolf, and W.B. Yeats.",Victor Zarour Zarzar,,,00863,,X3195-20271-001,,English @Barnard,ENGL,https://doc.sis.columbia.edu/subj/ENGL/X3195-20271-001/,,,,3,,,20271ENGL3195X001,LECTURE
ENGL BC3229,"AMERICAN LIVES, AMERICAN STORIES","Writing sample required to apply: https://english.barnard.edu/english/creative-writing-courses
  
In this class we will discuss the narrative of the ""American"" story, and how stories of immigrants and minority identities redefine and complicate it. The goal of the class is to investigate how writers frame a sense of identity in relation to the ""American ideal"". We will explore this theme through three creative non-fiction pieces each focusing on a different perspective of place, person, and personal experience. What are your stories, and what makes them ""American""?",Maria D Hinojosa,,,00312,,X3229-20271-001,"AMER. LIVES, AMER. STORIE",English @Barnard,ENGL,https://doc.sis.columbia.edu/subj/ENGL/X3229-20271-001/,,,,3,,,20271ENGL3229X001,WORKSHOP
ENGL BC3243,"ABSENT MOTHERS, WICKED STEPMOTHERS","Why are stepmothers and stepdaughters inevitable enemies in folk and fairy tales? Why are fathers blameless and biological mothers absent (and usually dead)? And how do these narratives, so deeply woven into our own media and language, affect our sense of our own lived reality? In this course, we’ll untangle the complicated web of relationships between mothers, daughters, and stepmothers in folk and fairy tales, from ancient Rome to current cinema. We’ll read analytic psychology, feminist literary theory, cultural history, and other critical perspectives to help us analyze the absent mother, virginal daughter, hapless father, and evil stepmother tropes across time and space, so we can defamiliarize these familiar figures and develop a deeper understanding of how and why they dominate the popular imagination. This is an upper-level course, with priority for juniors and seniors.",Wendy C Schor-Haim,,,00313,,X3243-20271-001,ABSENT MOTHERS:FOLK&FAIRY,English @Barnard,ENGL,https://doc.sis.columbia.edu/subj/ENGL/X3243-20271-001/,,,,4,,,20271ENGL3243X001,SEMINAR
ENGL BC3299,THE AUTOBIOGRAPHICAL EFFECT: EARLY MODER,"American poetry after 1960 famously took on a new intimacy and freshness of tone. Often called “confessional,” this poetry often does not actually express the kind of guilty self-revelation such a term implies. As the critic David Kalstone put it, “American poetry of this period became increasingly available to autobiographical energies of all sorts, not simply to writing which was desperate and on the edge.” This course examines some of that poetry, and its non-confessional use of an autobiographical “I.” We will explore how this poetry, far from representing a rejection of tradition, drew on early modern work to imbue seemingly modern autobiographical effects with new quickness and life.",Rachel Eisendrath,,,00315,,X3299-20271-001,AUTOBIOGRAPHICAL EFFECT,English @Barnard,ENGL,https://doc.sis.columbia.edu/subj/ENGL/X3299-20271-001/,,,,4,,,20271ENGL3299X001,SEMINAR
ENGL BC3321,"Changing Climate, Changing World","An interdisciplinary course focused on environmental humanities and based in the English department, “Changing Climate, Changing World” will examine the representation of nature across time and its implications for global warming and biodiversity from multiple perspectives, emphasizing issues of climate change and environmental justice. The course will provide a conceptual framework for reading and critiquing the representation of nature in the context of historical, economic, social, cultural, scientific and political change.
  
 The course design asks students to address climate change in the context of the industrial revolution before discussing environmental issues in a pre-industrial and finally a post-industrial context. We will begin in media res by addressing issues of industrialization and colonialism in the mid-18th and 19th century before considering indigenous, medieval, and renaissance representations of nature. In the second half of the course, we return to examine contemporary issues from the early 20th century to the present.
  
 The course will meet twice weekly in Spring 2025. One of these meetings will include a lecture with a guest faculty member from Barnard and Columbia, or occasionally with other experts, artists, and activists from New York and beyond, followed by questions from the audience on the lecture. The second meeting will emphasize student discussion of the lecture and associated readings, with the purpose of integrating each lecture into the total course framework. Since all the participating faculty are teaching full time, we will aim to schedule lectures in the late afternoon or evening to minimize conflicts. We would also like to open some of the lectures to the public, either virtually or in person, so that their impact could be felt beyond the class itself.",Linn C Mehta,,,00854,,X3321-20271-001,Changing Climate and Worl,English @Barnard,ENGL,https://doc.sis.columbia.edu/subj/ENGL/X3321-20271-001/,,,,4,,,20271ENGL3321X001,LECTURE
ENGL BC3413,SERIAL HORROR,"Cannibals! Orphans! Strikes! Vampires! This course asks how do horror stories
 
employ suspense and disgust to unsettle political, social, and ethical complacency in the hearts and minds of readers and audiences? We will consider the pan-media global adaptations, translations, reiterations, and afterlives of several powerful horror stories—maritime, domestic, industrial, and supernatural-- as they serially repeat across national borders, languages, historical periods, and delivery platforms, from novels, plays, and film to an underwater sculpture, photographs, paintings, advertisements, a graphic novel, and other aesthetic forms. We will read each adaptation in synchronic dialogue with its companions, in diachronic perspective, and through relevant theoretical lenses, comparing the priorities of aesthetic form in the context of the national, cultural, and the historical contingencies of class and race difference. Texts may include the 
Raft of the Medusa, Jane Eyre, Mary Barton, Germinal, Dracula
 and the 
Dybbuk. 
Familiarity with French, Yiddish, Russian, Wolof (
Atlantique
), Korean (
Parasite
) and Persian (
A Girl Walks Home Alone at Night
) welcome but not required. All majors welcome!
  
(To count this course for the English major, all writing must focus on works originally published in English.)",Monica F Cohen,,,00316,,X3413-20271-001,,English @Barnard,ENGL,https://doc.sis.columbia.edu/subj/ENGL/X3413-20271-001/,,,,3,,,20271ENGL3413X001,LECTURE
ENGL BC3469,THE AMERICAN SUPERNATURAL,"In this course, we'll consider American texts about the supernatural. We'll begin in the colonial period, when many New Englanders interpreted surprising events as divine or demonic interventions. We'll look at texts about Salem witchcraft and colonial revivals, comparing the way authors argue that these events are supernatural or natural, divine or diabolical. We'll then consider American writers who use the supernatural to explore the human mind, issues of class and gender, and questions of history and identity. Throughout the course, we’ll also consider the way that supernatural stories function as entertainment, and consider the implications of choosing to entertain ourselves and each other with fear and wonder.",Lisa Gordis,,,00317,,X3469-20271-001,,English @Barnard,ENGL,https://doc.sis.columbia.edu/subj/ENGL/X3469-20271-001/,,,,4,,,20271ENGL3469X001,SEMINAR
ENGL BC3609,THE HISTORY OF AMERICAN JOURNALISM OF CO,"From Frederick Douglass’s The North Star, which insisted that journalism could be a tool for liberation and collective conscience, to today’s digital-first platforms, American journalism has always been a site of struggle over truth, power, and representation. This course explores the power of journalism to shape public conscience — from the days when print was the Twitter of its time to the rise of radio, television, and digital media. At its core, this seminar centers the voices of journalists of conscience — those who speak truth to power, challenge dominant narratives, and reflect the full spectrum of human experience. We will approach journalism through a lens that foregrounds the perspectives of people of color, recognizing how mainstream media has historically erased, distorted, or marginalized their voices while also highlighting the powerful traditions of resistance and self-representation in journalism.
  
To foster meaningful connection and collaboration, students will be split into groups for the semester. These groups will meet in breakout rooms during each class session to workshop ideas, respond to prompts, and sometimes collaborate on short journalistic pieces. The goal is to make a large seminar feel intimate and to encourage peer-to-peer dialogue throughout the course.
  
 Through weekly readings, in-class discussions, site visits, guest speakers, and multimedia projects, students will examine how journalism has both reflected and resisted dominant narratives across history. Students will also create original work that embodies conscience-based journalism.",Maria D Hinojosa,,,00318,,X3609-20271-001,US JOURNALISM OF CONSCIEN,English @Barnard,ENGL,https://doc.sis.columbia.edu/subj/ENGL/X3609-20271-001/,,,,3,,,20271ENGL3609X001,LECTURE
ENGL BC3645,A Literary History of Marriage,"From its origins, and to the present, marriage has been transactional, arranged, and rarely concerned with the desires or interests of the wife. In the eighteenth-century, and especially through the genre of the novel, women began to insist on right to choose their spouse, and the possibility of marrying for love. Perversely, it is at this point that the descriptions of some of the most disastrous and repressive marriages enter literature, and in the twentieth century film. If “the course of true love never did run smooth” this seminar follows its path, investigating the shifts and transformations of marriage. While the focus of the seminar will be on women, we will also consider men, same-sex marriage, questions of marriage and race in the United States, and marriage in China.",Daphne Miriam Merkin,,,00897,,X3645-20271-001,A Literary History of Mar,English @Barnard,ENGL,https://doc.sis.columbia.edu/subj/ENGL/X3645-20271-001/,,,,4,,,20271ENGL3645X001,SEMINAR
ENGL BC3768,LITERATURE ON DRUGS,"Whether as sources of artistic creativity, symbols of moral decay, avenues of escape, or
 foundations for alternative forms of sociality, drugs are an inexhaustible source of inspiration
 for all manner of storytellers. Why is that? This course surveys the narrative history of
 “literature on drugs” from three angles: first, we examine poetry and fiction composed under
 the influence of mind-altering intoxicants; second, we study literature about drug-induced
 experiences and the counter-cultures they have fueled; and we ask why literary criticism is
 essential to articulate the danger and allure of drugs, past, present, and future. We will read
 from literary psychonauts including William Blake, William S. Burroughs, Philip K. Dick, Allen
 Ginsberg, Aldous Huxley, Anaïs Nin, and Hunter S. Thompson; historians of the highly weird like
 Michel Foucault and Erik Davis; and an array of primary sources on the legal, therapeutic, and
 psychological complexities of drug use, such as Billy Holiday, Sigmund Freud, William James,
 and Margaret Mead. We also will consider the cinematic history of literature on drugs with
 films like Altered States, Trainspotting, and Apocalypse Now. The course incorporates hands-on
 archival work and includes a visit to Columbia’s Rare Book and Manuscript Library.",Nathan Gorelick,,,00320,,X3768-20271-001,,English @Barnard,ENGL,https://doc.sis.columbia.edu/subj/ENGL/X3768-20271-001/,,,,3,,,20271ENGL3768X001,LECTURE
ENGL BC3865,OUT OF PLACE,"Literature has always attracted the outsider, and literature itself seems to demand from its writers to momentarily step out of the fray in order to hope to observe it. The modern age has offered different examples of this. When Bernard Levin described V.S. Naipaul as an ‘inquiline’ author — meaning, a guest or a lodger, an animal that lives in another's nest — Naipaul responded:
  
‘When I see the sun set here at Stonehenge, there is a way that it is somebody else’s sun, somebody else’s landscape, it has somebody’s else's history connected with it. I can't avoid that: that's the way I think.’
  
When Virginia Woolf received news of the death of Joseph Conrad, she sat down and penned an admiring obituary that opens with what might be read as a presumptuously arrogant statement:
  
‘Suddenly, without giving us time to arrange our thoughts or prepare our phrases, our guest has left us; and his withdrawal without farewell or ceremony is in keeping with his mysterious arrival, long years ago, to take up his lodging in this country.’
  
Despite Woolf’s English snobbishness, her words reveal something true about Conrad’s situation, and about the place of many other writers who were, for one reason or another, obliged to operate in foreign lands, inside other languages or states of being, authors such as V.S. Naipaul, Ovid, Robert Louis Stevenson, Joseph Conrad, Jean Rhys, Waguih Ghali and David Malouf.
  
Through the close analysis of a narrow selection of works, this class will chart the ways in which such works reveal the nature and imaginative location of the artist out of place. We will be interested in the question of to what extent is writing a process of mapping an intellectual, aesthetic, psychic or geographical territory. We will be motivated by close reading, interpretation, and the adventure of comparing different portraits of being an outsider-insider.
  
We may refer to fragments by travellers and explorers such as Leo Africanus, Álvar Núñez Cabeza de Vaca, Bartolomé de las Casas, and Ibn Battuta, or look at the work of artists who crossed boundaries, such as the 15th century Venetian painter Gentile Bellini and the impact of his visit to Mehmed II’s court in 1479, or the influence of the Arabesque on the music of Claude Debussy.
  
We will explore what it is about literature and, in particular, the novel that has made it so well-suited for por",Hisham Matar,,,00321,,X3865-20271-001,,English @Barnard,ENGL,https://doc.sis.columbia.edu/subj/ENGL/X3865-20271-001/,,,,3,,,20271ENGL3865X001,LECTURE
ENGL BC3992,SENIOR PROJECT IN CREATIVE WRITING,"Enrollment limited to Barnard senior English majors with a concentration in creative writing.
  
This creative writing workshop represents an opportunity for creative writing concentrators to focus on one large project that will serve as a capstone senior project. As in a typical writing workshop, much of the focus will be on sharing and critiquing student work. Unlike other workshops, in this class students will focus on building out a longer project—such as a more ambitious full-length story for fiction and creative nonfiction writers and a chapbook for poets. This means students will discuss work by writers who may not share their own genre. We will focus on generating new work, developing your writing process, and creating new possibilities and momentum for your piece, as well as trying to create a sense of community among the concentrators. We will also conduct in-class writing exercises in response to short reading assignments and class lectures. Students should be aware of two important notes: (1) This class is limited to senior English majors who have already been approved to be creative writing concentrators; and (2) this course fulfills the requirement for concentrators to finish a senior project, but not the academic senior seminar requirement. This class is about your own writing and that of your classmates. This class will be what you make of it!",Idra L Novey,,,00322,,X3992-20271-001,SENIOR PROJ: CREATIVE WRI,English @Barnard,ENGL,https://doc.sis.columbia.edu/subj/ENGL/X3992-20271-001/,,,,4,,,20271ENGL3992X001,WORKSHOP
ENGL BC3998,SENIOR SEMINAR IN ENGLISH,"Enrollment is limited to Barnard senior English majors. To see the current course description for each section, visit the English Department website: 
https://english.barnard.edu/english/senior-seminars",Atefeh Akbari Shahmirzadi,,,00324,,X3998-20271-001,,English @Barnard,ENGL,https://doc.sis.columbia.edu/subj/ENGL/X3998-20271-001/,,,,4,,,20271ENGL3998X001,SEMINAR
ENGL BC3998,SENIOR SEMINAR IN ENGLISH,"Enrollment is limited to Barnard senior English majors. To see the current course description for each section, visit the English Department website: 
https://english.barnard.edu/english/senior-seminars",Rachel Eisendrath,,,00325,,X3998-20271-002,SR SEM:SHAKESP. TRAGEDIES,English @Barnard,ENGL,https://doc.sis.columbia.edu/subj/ENGL/X3998-20271-002/,,,,4,,,20271ENGL3998X002,SEMINAR
ENGL BC3998,SENIOR SEMINAR IN ENGLISH,"Enrollment is limited to Barnard senior English majors. To see the current course description for each section, visit the English Department website: 
https://english.barnard.edu/english/senior-seminars",Jennie Kassanoff,,,00326,,X3998-20271-003,SR SEM: WRITE TO VOTE,English @Barnard,ENGL,https://doc.sis.columbia.edu/subj/ENGL/X3998-20271-003/,,,,4,,,20271ENGL3998X003,SEMINAR
ENGL BC3998,SENIOR SEMINAR IN ENGLISH,"Enrollment is limited to Barnard senior English majors. To see the current course description for each section, visit the English Department website: 
https://english.barnard.edu/english/senior-seminars",Ken Chen,,,00327,,X3998-20271-004,SR SEM: SINGING IN DARK,English @Barnard,ENGL,https://doc.sis.columbia.edu/subj/ENGL/X3998-20271-004/,,,,4,,,20271ENGL3998X004,SEMINAR
ENTH BC3136,SHAKESPEARE IN PERFORMANCE,"Shakespeare's plays as theatrical events. Differing performance spaces, acting traditions, directorial frames, theatre practices, performance theories, critical studies, cultural codes, and historical conventions promote differing modes of engagement with drama in performance. We will explore Shakespeare's plays in the context of actual and possible performance from the Renaissance to the twenty-first century.",Patricia D Denison,,,00330,,X3136-20271-001,SHAKESPEARE IN PERFORMANC,English @Barnard,ENTH,https://doc.sis.columbia.edu/subj/ENTH/X3136-20271-001/,,,,4,,,20271ENTH3136X001,SEMINAR
ENTH BC3139,MODERN AMERICAN DRAMA & PERFORMANCE,"Modern American Drama and Performance in an era of cultural contestation.  What is united about the United States? How are the important claims of cultural difference related to the intercultural claims of shared community?  Is there a place for historical continuity in the modernist pursuit of change?  How have these issues been addressed in the emergence and development of modern drama and performance in America?  Questions such as these will be addressed in the context of theatrical exploration, performance history, and social change.  Canonical and experimental playwrights include Rachel Crothers, Susan Glaspell, Georgia Douglas Johnson, Eugene O’Neill, Clifford Odets, Thornton Wilder, Tennessee Williams, Arthur Miller, Lorraine Hansberry, Edward Albee, Suzan-Lori Parks, Sarah Ruhl, and Dominique Morisseau.",Patricia D Denison,,,00331,,X3139-20271-001,MOD AMERCN DRAMA & PERFOR,English @Barnard,ENTH,https://doc.sis.columbia.edu/subj/ENTH/X3139-20271-001/,,,,4,,,20271ENTH3139X001,SEMINAR
ENTH UN3142,"Tragedy, Theory, Theatre","This course will overview the dramatic, theatrical, and theoretical work of tragedy, the genre that, according to Northrop Frye, guarantees a realistic perspective on the world we live in. We will read many of the classic critical encounters with tragedy (Aristotle, Nietzsche, Hegel, Frye) alongside more recent theorists of literary and cultural representation. But rather than taking a chronological approach, this course understands “tragedy” as a fluid notion, one used to shape a variety of historical experiences through a range of dramatic, theatrical, and critical encounters. Throughout the semester, we will frequently pair earlier with more recent plays, under the aegis of a network of questions posed by critical or theoretical reading.",William B Worthen,,,00888,,V3142-20271-001,"TRAGEDY, THEORY, THEATRE",Theatre @Barnard,ENTH,https://doc.sis.columbia.edu/subj/ENTH/V3142-20271-001/,,,,4,,,20271ENTH3142V001,SEMINAR
FILM BC3090,ARTEMIS RISING SHORT COURSE IN FILMMAKIN,"The Artemis Rising Short Course in Filmmaking is a two to four-week course offered each semester on a special topic of filmmaking presented by an Artemis Rising Foundation Filmmaker Fellow (ARFF). This series was endowed by the Artemis Rising Foundation to bring world-class filmmakers with hands-on experience and fresh perspectives to Barnard to connect with students interested in filmmaking as a vocation and media literacy.
  
It can only be taken for pass/fail for 1 point. 
Students must attend all four class sessions and write a final paper in order to receive credit for this course. 
To see the dates/times that the Artemis Rising Short Course will meet this semester, the current course description, and the biography of the visiting filmmaker, please visit the ARFF website: 
https://athenacenter.barnard.edu/arff
.",Faculty,,,00117,,X3090-20271-001,ARTEMIS COURSE IN FILMMAK,Film @Barnard,FILM,https://doc.sis.columbia.edu/subj/FILM/X3090-20271-001/,,,,1,,,20271FILM3090X001,LECTURE
FILM BC3091,ARTEMIS RISING SHORT COURSE IN FILM PROD,"The Artemis Rising Short Course in Film Production is a one-point credit short workshop presented by an Artemis Rising Foundation Filmmaker Fellow (ARFF).  It consists of four workshops on a special aspect of film production and one final project. This series was endowed by the Artemis Rising Foundation to bring world-class filmmakers with hands-on experience and fresh perspectives to Barnard to connect with students interested in filmmaking as a vocation and media literacy.
  
It can only be taken for pass/fail for 1 point. 
Students must attend all four class workshops and produce one final project in order to receive credit for this course. 
To see the dates/times that the Artemis Rising Short Course will meet this semester, the current course description, and the biography of the visiting filmmaker, please visit the ARFF website: 
https://athenacenter.barnard.edu/arff
.",Faculty,,,00118,,X3091-20271-001,ARTEMIS COURSE:FILM PRODU,Film @Barnard,FILM,https://doc.sis.columbia.edu/subj/FILM/X3091-20271-001/,,,,1,,,20271FILM3091X001,WORKSHOP
FILM BC3119,SCREENWRITING FUNDAMENTALS,"Prerequisites: FILM BC3201 or equivalent. Enrollment limited to 12 students. Priority is given to Film Studies majors/concentrations in order of class seniority. Corequisites: (Since this is a Film course, it does not count as a writing course for English majors with a Writing Concentration.)
  
This course is ideal for writers of their FIRST, SECOND AND THIRD screenplays. The first several weeks will focus on STORY: What it is, what it isn’t, how to recognize the difference. How to find your own individual stories that nobody else in the universe can tell.
  
From there we will make the transition to the highly individualized techniques, the strengths and limitations, the dynamics of telling a SCREEN STORY; what to leave in, what to leave out. As Michelangelo puts it—starting with a block of marble and chipping away everything that isn’t David.  Through studies of existing screenplays and films in coordination with and hands-on writing exercises which we will share in class, we will develop our skills in all aspects of screenwriting; building fascinating characters, dialogue, story construction (The BIG PICTURE) and scene construction (The Small Picture)
  
Perfection is not the goal; but rather it is to be able to say truly at the end of each day’s writing, “I did the best I could with what I had at the time. (Phillip Roth quoting heavyweight champion Joe Louis)",,,,00119,,X3119-20271-001,SCREENWRITING FUNDMENTALS,Film @Barnard,FILM,https://doc.sis.columbia.edu/subj/FILM/X3119-20271-001/,,,,3,FILM BC3201,,20271FILM3119X001,WORKSHOP
FILM BC3200,FILM PRODUCTION,"Prerequisites: FILM BC3201 or equivalent. Sophomore standing. Priority is given to Film Studies majors/concentrations in order of class seniority. If you are accepted into this course, attending the first day of class is mandatory. If you do not show up, you may be dropped.
  
This workshop introduces the student to all the cinematic tools necessary to produce their own short narrative work.  Using what the student has learned in film studies, we'll break down shot syntax, mise-en-scene and editing strategies. We'll include scheduling, budgeting, casting, working with actors and expressive camera work in our process as we build toward a final video project.",Julia L Thompson,,,00121,,X3200-20271-001,,Film @Barnard,FILM,https://doc.sis.columbia.edu/subj/FILM/X3200-20271-001/,,,,3,FILM BC3201,,20271FILM3200X001,LECTURE
FILM BC3200,FILM PRODUCTION,"Prerequisites: FILM BC3201 or equivalent. Sophomore standing. Priority is given to Film Studies majors/concentrations in order of class seniority. If you are accepted into this course, attending the first day of class is mandatory. If you do not show up, you may be dropped.
  
This workshop introduces the student to all the cinematic tools necessary to produce their own short narrative work.  Using what the student has learned in film studies, we'll break down shot syntax, mise-en-scene and editing strategies. We'll include scheduling, budgeting, casting, working with actors and expressive camera work in our process as we build toward a final video project.",Daniel F Pfeffer,,,00122,,X3200-20271-002,,Film @Barnard,FILM,https://doc.sis.columbia.edu/subj/FILM/X3200-20271-002/,,,,3,FILM BC3201,,20271FILM3200X002,LECTURE
FILM BC3260,WRITING FOR TELEVISION: SHORT FORM,"Prerequisite: FILM BC3201 or equivalent. Please note that since this is a Film Studies course, it does not count as a creative writing course for English majors with a creative writing concentration. This course will focus on the primary pillar of television production: the teleplay. Through a number of creative exercises, students will learn the intricacies of the unique screenwriting formats that are the half-hour and hour-long teleplays. Together we will cover the differences between an episode arc and a seasonal one, the requirements of A/B/C story plotting, and how to write an effective show bible. We will survey the existing pantheon of great television writing in order to help students narrow in on their individual sensibilities. By the end of the course, students will have a written original pilot and a mini series bible.",Faculty,,,00123,,X3260-20271-001,WRITING FOR TELEVISION,Film @Barnard,FILM,https://doc.sis.columbia.edu/subj/FILM/X3260-20271-001/,,,,3,BC3201,,20271FILM3260X001,WORKSHOP
FILM BC3279,UNSEEN MASTERWORKS OF WORLD CINEMA,"This course examines the portrayal of significant themes in international cinema. Through a selection of diverse cinematic works from various countries, students will analyze different cultural, historical, and political perspectives. The course aims to enhance students' understanding of complex topics, their impact on individuals and societies, and the ethical questions they evoke. Through critical analysis and discussion, students will engage with a range of cinematic works that offer alternative narratives and perspectives.",Sam Abbas,,,00125,,X3279-20271-001,UNSEEN MSTERWRKS: WORLD C,Film @Barnard,FILM,https://doc.sis.columbia.edu/subj/FILM/X3279-20271-001/,,,,3,,,20271FILM3279X001,LECTURE
FILM BC3331,QUEER VISIONS IN CONTEMPORARY FILM,"In this class, we will focus on recurring themes and questions of contemporary queer cinema by engaging with a number of film genres and forms, and explore how filmmakers create queer visions of the world through their cinematic practices. We will also consider how these queer films are informed by various local, national, cultural and political contexts. Through a comparative, transnational and intersectional approach that takes into consideration the particularities of each filmmaker’s context, we will aim to answer the following questions: How do various cultural, national, linguistic, religious contexts affect the way queer identities are defined and depicted visually? How do these filmmakers create queer narratives that contest, complicate or reify dominant narratives of gender and sexuality? How do they play around with cinematic and genre conventions?
  
Films, directors and genres studied are subject to change but will likely include directors such as Celine Sciamma, Cheryl Dunye, Pedro Almodovar, Todd Haynes, among others; and various genres such as drama, romance, thriller, mockumentary, thriller and experimental film.",Duygu Ula,,,00126,,X3331-20271-001,QUEER VISIONS IN CONT FIL,Film @Barnard,FILM,https://doc.sis.columbia.edu/subj/FILM/X3331-20271-001/,,,,3,,,20271FILM3331X001,LECTURE
FILM BC3702,MAJOR WOMEN FILMMAKERS,"Traditional film history has consigned a multitude of cinema practices to an inferior position. By accepting Hollywood’s narrative model as central, film scholars have often relegated non-male, non-white, non-Western films to a secondary role. Often described as “marginal” or “peripheral” cinemas, the outcomes of these film practices have been systematically excluded from the canon. Yet… are these motion pictures really “secondary”? In relation to what? And according to whom? This course looks at major films by women filmmakers of the 20th Century within a tradition of political cinema that 1) directly confronts the hegemonic masculinity of the Hollywood film industry, and 2) relocates the so-called “alternative women’s cinema” at the core of film history. Unlike conventional feminist film courses, which tend to be contemporary and anglocentric, this class adopts a historical and worldwide perspective; rather than focusing on female directors working in America today, we trace the origins of women’s cinema in different cities of the world (Berlin, Paris, New York) during the silent period, and, from there, we move forward to study major works by international radical directors such as Lorenza Mazzetti, Agnès Varda, Forough Farrokhzad, Věra Chytilová, Chantal Akerman, Lina Wertmüller, Barbara Loden, Julie Dash, and Mira Nair. We analyse how these filmmakers have explored womanhood not only as a source of oppresion (critique of patriarchal phallocentrism, challenge to heteronormativity, etc) but, most importantly, as a source of empowerment (defense of matriarchy, equal rights, lesbian love, inter- and transexuality...). Required readings include seminal texts of feminist film theory by Claire Johnston, Laura Mulvey, Ann Kaplan, bell hooks, and Judith Butler. Among the films screened in the classroom are silent movies –
Suspense
 (Lois Weber, 1913),
 The Seashell and the Clergyman 
(Germaine Dulac, 1928)—, early independent and experimental cinema –
Girls in Uniform 
(Leontine Sagan, 1931), 
Ritual in Transfigured Time 
(Maya Deren, 1946)—, “new wave” films of the 1950s and 1960s –
Cléo from 5 to 7
 (Varda, 1962), 
Daisies 
(Chytilová, 1966)–, 
auteur
 cinema of the 1970s –
Seven Beauties 
(Wertmüller, 1974), 
Jeanne Dielman 
(Akerman, 1975)–, and documentary films –",Sophia de Baun,,,00127,,X3702-20271-001,,Film @Barnard,FILM,https://doc.sis.columbia.edu/subj/FILM/X3702-20271-001/,,,,3,,,20271FILM3702X001,LECTURE
FILM BC3901,SENIOR SEMINAR: BLACK SPECULATIVE FICTIO,"Black Speculative Fiction encompasses a whole range of Black subgenres from Science Fiction and Fantasy to Horror and Afrofuturism. For the duration of this course, we will attempt to begin the work of extrapolating the function of Blackness within these various genres—interrogating which syntactical elements are required to label a piece of fiction “Black” and how Blackness informs genre. Through formal analysis of texts and the application of various theories presented in class, we’ll begin to understand how Blackness moves through genre to understand its relationship to the world and in some cases, to the artform itself. We will look at various texts: Film, Television, Prose, and Music. By looking across genres, we will be able to honor the inherent intertextuality of Black work and the constant inter-discursive work done across genre, text, and time. Whether a critique of structural anti-Blackness writ large, an expression of the complexity of the positionality of Black persons, or a statement of the function of Blackness, these texts make a case for the theoretical rigor and provocative discourses that lies at the heart of Black Speculative Fiction.",Danielle T Douge,,,00892,,X3901-20271-001,SR SEM: BLACK SPECULATIVE,Film @Barnard,FILM,https://doc.sis.columbia.edu/subj/FILM/X3901-20271-001/,,,,4,,,20271FILM3901X001,SEMINAR
FREN BC1002,ELEMENTARY FRENCH II,"Basic elements of French grammar. Oral, writing, and reading skills. Students may take either or both of these courses at Columbia.",Alexandre Bournery,,,00710,,X1002-20271-001,,French @Barnard,FREN,https://doc.sis.columbia.edu/subj/FREN/X1002-20271-001/,,,,4,,,20271FREN1002X001,LECTURE
FREN BC1002,ELEMENTARY FRENCH II,"Basic elements of French grammar. Oral, writing, and reading skills. Students may take either or both of these courses at Columbia.",,,,00711,,X1002-20271-002,,French @Barnard,FREN,https://doc.sis.columbia.edu/subj/FREN/X1002-20271-002/,,,,4,,,20271FREN1002X002,LECTURE
FREN BC1002,ELEMENTARY FRENCH II,"Basic elements of French grammar. Oral, writing, and reading skills. Students may take either or both of these courses at Columbia.",Laurie Postlewate,,,00712,,X1002-20271-003,,French @Barnard,FREN,https://doc.sis.columbia.edu/subj/FREN/X1002-20271-003/,,,,4,,,20271FREN1002X003,LECTURE
FREN BC1002,ELEMENTARY FRENCH II,"Basic elements of French grammar. Oral, writing, and reading skills. Students may take either or both of these courses at Columbia.",Melanie Heydari,,,00713,,X1002-20271-004,,French @Barnard,FREN,https://doc.sis.columbia.edu/subj/FREN/X1002-20271-004/,,,,4,,,20271FREN1002X004,LECTURE
FREN BC1203,INTERMEDIATE FRENCH I,"Prerequisites: FREN BC1001, BC1002, BC1102, C1101 and C1102, or an appropriate score on the placement test. Further development of oral and written communication skills. Readings in French literature.",Hadley T Suter,,,00715,,X1203-20271-001,,French @Barnard,FREN,https://doc.sis.columbia.edu/subj/FREN/X1203-20271-001/,,,,3,"BC1002
BC1102
C1101
C1102
FREN BC1001",,20271FREN1203X001,LECTURE
FREN BC1203,INTERMEDIATE FRENCH I,"Prerequisites: FREN BC1001, BC1002, BC1102, C1101 and C1102, or an appropriate score on the placement test. Further development of oral and written communication skills. Readings in French literature.",Hadley T Suter,,,00716,,X1203-20271-002,,French @Barnard,FREN,https://doc.sis.columbia.edu/subj/FREN/X1203-20271-002/,,,,3,"BC1002
BC1102
C1101
C1102
FREN BC1001",,20271FREN1203X002,LECTURE
FREN BC1203,INTERMEDIATE FRENCH I,"Prerequisites: FREN BC1001, BC1002, BC1102, C1101 and C1102, or an appropriate score on the placement test. Further development of oral and written communication skills. Readings in French literature.",Alexandre Bournery,,,00717,,X1203-20271-003,,French @Barnard,FREN,https://doc.sis.columbia.edu/subj/FREN/X1203-20271-003/,,,,3,"BC1002
BC1102
C1101
C1102
FREN BC1001",,20271FREN1203X003,LECTURE
FREN BC1204,INTERMEDIATE FRENCH II,"Advanced work in language skills. Readings in French literature. Prerequisites: FREN BC1203 or an appropriate score on the placement test.
  
NOTE: This course 
does not
 fulfill the Columbia College and GS language requirement.",Karen Santos da Silva,,,00719,,X1204-20271-001,,French @Barnard,FREN,https://doc.sis.columbia.edu/subj/FREN/X1204-20271-001/,,,,3,FREN BC1203,,20271FREN1204X001,LECTURE
FREN BC1204,INTERMEDIATE FRENCH II,"Advanced work in language skills. Readings in French literature. Prerequisites: FREN BC1203 or an appropriate score on the placement test.
  
NOTE: This course 
does not
 fulfill the Columbia College and GS language requirement.",Melanie Heydari,,,00720,,X1204-20271-002,,French @Barnard,FREN,https://doc.sis.columbia.edu/subj/FREN/X1204-20271-002/,,,,3,FREN BC1203,,20271FREN1204X002,LECTURE
FREN BC1204,INTERMEDIATE FRENCH II,"Advanced work in language skills. Readings in French literature. Prerequisites: FREN BC1203 or an appropriate score on the placement test.
  
NOTE: This course 
does not
 fulfill the Columbia College and GS language requirement.",Brian D O'Keeffe,,,00721,,X1204-20271-003,,French @Barnard,FREN,https://doc.sis.columbia.edu/subj/FREN/X1204-20271-003/,,,,3,FREN BC1203,,20271FREN1204X003,LECTURE
FREN BC3006,COMPOSITION AND CONVERSATION,Prerequisites: Enrollment limited to 12 students. Discussions on contemporary issues and oral presentations. Creative writing assignments designed to improve writing skills and vocabulary development. FREN BC1204: French Intermediate II or the equivalent level is required.,Karen Santos da Silva,,,00722,,X3006-20271-001,,French @Barnard,FREN,https://doc.sis.columbia.edu/subj/FREN/X3006-20271-001/,,,,3,FREN BC1204,,20271FREN3006X001,LECTURE
FREN BC3016,ADVANCED ORAL FRENCH,"Prerequisites: At least one French course after completion of FREN BC1204: Intermediate II or permission of the instructor. Oral presentations and discussions of French films aimed at increasing fluency, acquiring vocabulary, and perfecting pronunciation skills.",Anne Boyman,,,00723,,X3016-20271-001,,French @Barnard,FREN,https://doc.sis.columbia.edu/subj/FREN/X3016-20271-001/,,,,3,FREN BC1204,,20271FREN3016X001,ORAL/AURAL P
FREN BC3022,MAJOR FRENCH TEXTS II,"Prerequisites: FREN BC3021 may be taken for credit without completion of FREN BC3022. The Age of Enlightenment, Romanticism, Realism, and Symbolism. FREN BC1204: French Intermediate II or the equivalent level is required.",Brian D O'Keeffe,,,00724,,X3022-20271-001,,French @Barnard,FREN,https://doc.sis.columbia.edu/subj/FREN/X3022-20271-001/,,,,3,"FREN BC1204
FREN BC3021
FREN BC3022",,20271FREN3022X001,LECTURE
FREN BC3036,THE AGE OF ENLIGHTENMENT,"Dans ce cours, nous examinerons le phénomène qui domine—et révolutionne—le discours philosophique, religieux, sociologique et politique au 18e siècle en Occident: les Lumières. Visant les dogmes jusque-là incontestables d'un Etat monarchique et d'une Eglise catholique autoritaires, ce mouvement réclame la liberté de la pensée et du culte; condamne l'intolérance religieuse, l’iniquité politique et le préjugé culturel; expose et déplore l’inégalité sociale; examine les bases de l’autorité politique; et subvertit par ses propos l'idéo. A l'exception d'un texte de l'Allemand Immanuel Kant, nous nous bornerons à lire des écrits des principaux philosophes francophones des Lumières (Voltaire, Diderot, et Rousseau), aussi bien que deux romans ""dystopiques” (Charrière et de Sade), et deux textes politiques parus durant la Révolution française.",Caroline Weber,,,00725,,X3036-20271-001,,French @Barnard,FREN,https://doc.sis.columbia.edu/subj/FREN/X3036-20271-001/,,,,3,,,20271FREN3036X001,LECTURE
FREN BC3037,"BAUDELAIRE, RIMBAUD, MALLARME","Through close readings of majors texts, an examination of how these 19th-century poets brought about a ""revolution"" in language and thought that gave rise to the Modernism that transformed literature and the arts and whose influence is still with us today.",Anne Boyman,,,00726,,X3037-20271-001,BAUDELAIRE RIMBAUD MALLARME,French @Barnard,FREN,https://doc.sis.columbia.edu/subj/FREN/X3037-20271-001/,,,,3,,,20271FREN3037X001,LECTURE
FREN BC3065,SURREALISM,"This course examines the aesthetic, psycho-sexual, and socio-political dimensions and implications of Surrealism, an international avant-garde movement that emerged in Paris in the wake of World War I. Focusing on artworks from a number of different genres, we will explore such issues as: the avant-garde reformulation, subversion, and/or destruction of pre-existing artistic conventions and practices; the development of an alternative literary tradition privileging the “humour noir” of such subversive authors as Jonathan Swift and the Marquis de Sade; the celebration of dreams, desire, and the unconscious, as conceived by Sigmund Freud; the rejection of “bourgeois” values such as order, rationality, morality, decency, patriotism, work, and “high culture”; the transformation of lieux communs into artistic dreamscapes; the rhetoric of violence and anarchy; and the politics of gender.",Caroline Weber,,,00727,,X3065-20271-001,,French @Barnard,FREN,https://doc.sis.columbia.edu/subj/FREN/X3065-20271-001/,,,,3,,,20271FREN3065X001,LECTURE
FREN BC3072,FRANCOPHONE FICTION:SPEC TPCS,"Looks at the portrayal of women as unsettling figures in the Francophone Caribbean literary universe. Examining the uncanny heroines in the novels of both male and female writers, students will identify the thematic commonalities and specific configurative strategies that emerge in the fictional representation of women in the region. The symbolic import of zombies, schizophrenics, and other disordering characters will be analyzed as indicators of and reflections on broader social realities. FREN BC1204: French Intermediate II or the equivalent level is required.",Hadley T Suter,,,00795,,X3072-20271-001,,French @Barnard,FREN,https://doc.sis.columbia.edu/subj/FREN/X3072-20271-001/,,,,4,FREN BC1204,,20271FREN3072X001,LECTURE
FREN BC3091,SENIOR THESIS,French majors will write their senior thesis under the supervision of the instructor.,Brian D O'Keeffe,,,00728,,X3091-20271-001,,French @Barnard,FREN,https://doc.sis.columbia.edu/subj/FREN/X3091-20271-001/,,,,4,,,20271FREN3091X001,SEMINAR
FREN BC3106,Transatlantic Translation,"A workshop in which students from the BC/CU community collaborate with a team of students from the École Normale Supérieure-Lyon on two translation projects. In addition to video-conferenced group sessions, students will work virtually with their translation partner in France, and consult in-person with their Barnard instructor. Prerequisite: completion of at least Intermediate II level of French.",Laurie Postlewate,,,00730,,X3106-20271-001,TRANSATLANTIC TRANSLATION,French @Barnard,FREN,https://doc.sis.columbia.edu/subj/FREN/X3106-20271-001/,,,,3,,,20271FREN3106X001,WORKSHOP
FYWB BC1001,FIRST-YEAR WRITING AT BARNARD,"First-Year Writing (FYW) courses invite students into the vibrant scholarly life of the college. Working in small, discussion-based seminar classes over the course of one semester, we read challenging literary texts and critical scholarship, helping students to develop fundamental skills in analysis and academic writing that allow them to take their place in vitally important scholarly conversations. Students may choose from a variety of special topics that focus on a particular literary tradition, theme, or phenomenon. Please see https://firstyear.barnard.edu/fyw/course-listings for full course descriptions.",Benjamin M Breyer,,,00001,,X1001-20271-001,Contested Truths,First-Year Writing @Barnard,FYWB,https://doc.sis.columbia.edu/subj/FYWB/X1001-20271-001/,,,,3,,,20271FYWB1001X001,SEMINAR
FYWB BC1001,FIRST-YEAR WRITING AT BARNARD,"First-Year Writing (FYW) courses invite students into the vibrant scholarly life of the college. Working in small, discussion-based seminar classes over the course of one semester, we read challenging literary texts and critical scholarship, helping students to develop fundamental skills in analysis and academic writing that allow them to take their place in vitally important scholarly conversations. Students may choose from a variety of special topics that focus on a particular literary tradition, theme, or phenomenon. Please see https://firstyear.barnard.edu/fyw/course-listings for full course descriptions.",Benjamin M Breyer,,,00002,,X1001-20271-002,Contested Truths,First-Year Writing @Barnard,FYWB,https://doc.sis.columbia.edu/subj/FYWB/X1001-20271-002/,,,,3,,,20271FYWB1001X002,SEMINAR
FYWB BC1001,FIRST-YEAR WRITING AT BARNARD,"First-Year Writing (FYW) courses invite students into the vibrant scholarly life of the college. Working in small, discussion-based seminar classes over the course of one semester, we read challenging literary texts and critical scholarship, helping students to develop fundamental skills in analysis and academic writing that allow them to take their place in vitally important scholarly conversations. Students may choose from a variety of special topics that focus on a particular literary tradition, theme, or phenomenon. Please see https://firstyear.barnard.edu/fyw/course-listings for full course descriptions.",Penelope Usher,,,00003,,X1001-20271-003,FIRST-YEAR WRITING AT BAR,First-Year Writing @Barnard,FYWB,https://doc.sis.columbia.edu/subj/FYWB/X1001-20271-003/,,,,3,,,20271FYWB1001X003,SEMINAR
FYWB BC1001,FIRST-YEAR WRITING AT BARNARD,"First-Year Writing (FYW) courses invite students into the vibrant scholarly life of the college. Working in small, discussion-based seminar classes over the course of one semester, we read challenging literary texts and critical scholarship, helping students to develop fundamental skills in analysis and academic writing that allow them to take their place in vitally important scholarly conversations. Students may choose from a variety of special topics that focus on a particular literary tradition, theme, or phenomenon. Please see https://firstyear.barnard.edu/fyw/course-listings for full course descriptions.",Duygu Ula,,,00004,,X1001-20271-013,FIRST-YEAR WRITING AT BAR,First-Year Writing @Barnard,FYWB,https://doc.sis.columbia.edu/subj/FYWB/X1001-20271-013/,,,,3,,,20271FYWB1001X013,SEMINAR
FYWB BC1001,FIRST-YEAR WRITING AT BARNARD,"First-Year Writing (FYW) courses invite students into the vibrant scholarly life of the college. Working in small, discussion-based seminar classes over the course of one semester, we read challenging literary texts and critical scholarship, helping students to develop fundamental skills in analysis and academic writing that allow them to take their place in vitally important scholarly conversations. Students may choose from a variety of special topics that focus on a particular literary tradition, theme, or phenomenon. Please see https://firstyear.barnard.edu/fyw/course-listings for full course descriptions.",Alexandra P Watson,,,00005,,X1001-20271-004,FIRST-YEAR WRITING AT BAR,First-Year Writing @Barnard,FYWB,https://doc.sis.columbia.edu/subj/FYWB/X1001-20271-004/,,,,3,,,20271FYWB1001X004,SEMINAR
FYWB BC1001,FIRST-YEAR WRITING AT BARNARD,"First-Year Writing (FYW) courses invite students into the vibrant scholarly life of the college. Working in small, discussion-based seminar classes over the course of one semester, we read challenging literary texts and critical scholarship, helping students to develop fundamental skills in analysis and academic writing that allow them to take their place in vitally important scholarly conversations. Students may choose from a variety of special topics that focus on a particular literary tradition, theme, or phenomenon. Please see https://firstyear.barnard.edu/fyw/course-listings for full course descriptions.",Alexandra P Watson,,,00006,,X1001-20271-005,FIRST-YEAR WRITING AT BAR,First-Year Writing @Barnard,FYWB,https://doc.sis.columbia.edu/subj/FYWB/X1001-20271-005/,,,,3,,,20271FYWB1001X005,SEMINAR
FYWB BC1001,FIRST-YEAR WRITING AT BARNARD,"First-Year Writing (FYW) courses invite students into the vibrant scholarly life of the college. Working in small, discussion-based seminar classes over the course of one semester, we read challenging literary texts and critical scholarship, helping students to develop fundamental skills in analysis and academic writing that allow them to take their place in vitally important scholarly conversations. Students may choose from a variety of special topics that focus on a particular literary tradition, theme, or phenomenon. Please see https://firstyear.barnard.edu/fyw/course-listings for full course descriptions.",Cecelia B Lie-Spahn,,,00007,,X1001-20271-006,FIRST-YEAR WRITING AT BAR,First-Year Writing @Barnard,FYWB,https://doc.sis.columbia.edu/subj/FYWB/X1001-20271-006/,,,,3,,,20271FYWB1001X006,SEMINAR
FYWB BC1001,FIRST-YEAR WRITING AT BARNARD,"First-Year Writing (FYW) courses invite students into the vibrant scholarly life of the college. Working in small, discussion-based seminar classes over the course of one semester, we read challenging literary texts and critical scholarship, helping students to develop fundamental skills in analysis and academic writing that allow them to take their place in vitally important scholarly conversations. Students may choose from a variety of special topics that focus on a particular literary tradition, theme, or phenomenon. Please see https://firstyear.barnard.edu/fyw/course-listings for full course descriptions.",Meredith A Benjamin,,,00008,,X1001-20271-007,FIRST-YEAR WRITING AT BAR,First-Year Writing @Barnard,FYWB,https://doc.sis.columbia.edu/subj/FYWB/X1001-20271-007/,,,,3,,,20271FYWB1001X007,SEMINAR
FYWB BC1001,FIRST-YEAR WRITING AT BARNARD,"First-Year Writing (FYW) courses invite students into the vibrant scholarly life of the college. Working in small, discussion-based seminar classes over the course of one semester, we read challenging literary texts and critical scholarship, helping students to develop fundamental skills in analysis and academic writing that allow them to take their place in vitally important scholarly conversations. Students may choose from a variety of special topics that focus on a particular literary tradition, theme, or phenomenon. Please see https://firstyear.barnard.edu/fyw/course-listings for full course descriptions.",Meredith A Benjamin,,,00009,,X1001-20271-008,FIRST-YEAR WRITING AT BAR,First-Year Writing @Barnard,FYWB,https://doc.sis.columbia.edu/subj/FYWB/X1001-20271-008/,,,,3,,,20271FYWB1001X008,SEMINAR
FYWB BC1001,FIRST-YEAR WRITING AT BARNARD,"First-Year Writing (FYW) courses invite students into the vibrant scholarly life of the college. Working in small, discussion-based seminar classes over the course of one semester, we read challenging literary texts and critical scholarship, helping students to develop fundamental skills in analysis and academic writing that allow them to take their place in vitally important scholarly conversations. Students may choose from a variety of special topics that focus on a particular literary tradition, theme, or phenomenon. Please see https://firstyear.barnard.edu/fyw/course-listings for full course descriptions.",Andrew L Lynn,,,00010,,X1001-20271-009,Letters,First-Year Writing @Barnard,FYWB,https://doc.sis.columbia.edu/subj/FYWB/X1001-20271-009/,,,,3,,,20271FYWB1001X009,SEMINAR
FYWB BC1001,FIRST-YEAR WRITING AT BARNARD,"First-Year Writing (FYW) courses invite students into the vibrant scholarly life of the college. Working in small, discussion-based seminar classes over the course of one semester, we read challenging literary texts and critical scholarship, helping students to develop fundamental skills in analysis and academic writing that allow them to take their place in vitally important scholarly conversations. Students may choose from a variety of special topics that focus on a particular literary tradition, theme, or phenomenon. Please see https://firstyear.barnard.edu/fyw/course-listings for full course descriptions.",Andrew L Lynn,,,00011,,X1001-20271-010,Letters,First-Year Writing @Barnard,FYWB,https://doc.sis.columbia.edu/subj/FYWB/X1001-20271-010/,,,,3,,,20271FYWB1001X010,SEMINAR
FYWB BC1001,FIRST-YEAR WRITING AT BARNARD,"First-Year Writing (FYW) courses invite students into the vibrant scholarly life of the college. Working in small, discussion-based seminar classes over the course of one semester, we read challenging literary texts and critical scholarship, helping students to develop fundamental skills in analysis and academic writing that allow them to take their place in vitally important scholarly conversations. Students may choose from a variety of special topics that focus on a particular literary tradition, theme, or phenomenon. Please see https://firstyear.barnard.edu/fyw/course-listings for full course descriptions.",Vrinda Condillac,,,00012,,X1001-20271-011,"Seeing, Surveilling [...]",First-Year Writing @Barnard,FYWB,https://doc.sis.columbia.edu/subj/FYWB/X1001-20271-011/,,,,3,,,20271FYWB1001X011,SEMINAR
FYWB BC1001,FIRST-YEAR WRITING AT BARNARD,"First-Year Writing (FYW) courses invite students into the vibrant scholarly life of the college. Working in small, discussion-based seminar classes over the course of one semester, we read challenging literary texts and critical scholarship, helping students to develop fundamental skills in analysis and academic writing that allow them to take their place in vitally important scholarly conversations. Students may choose from a variety of special topics that focus on a particular literary tradition, theme, or phenomenon. Please see https://firstyear.barnard.edu/fyw/course-listings for full course descriptions.",Vrinda Condillac,,,00013,,X1001-20271-012,"Seeing, Surveilling [...]",First-Year Writing @Barnard,FYWB,https://doc.sis.columbia.edu/subj/FYWB/X1001-20271-012/,,,,3,,,20271FYWB1001X012,SEMINAR
FYWB BC1001,FIRST-YEAR WRITING AT BARNARD,"First-Year Writing (FYW) courses invite students into the vibrant scholarly life of the college. Working in small, discussion-based seminar classes over the course of one semester, we read challenging literary texts and critical scholarship, helping students to develop fundamental skills in analysis and academic writing that allow them to take their place in vitally important scholarly conversations. Students may choose from a variety of special topics that focus on a particular literary tradition, theme, or phenomenon. Please see https://firstyear.barnard.edu/fyw/course-listings for full course descriptions.",Quincy Jones,,,00014,,X1001-20271-014,FIRST-YEAR WRITING AT BAR,First-Year Writing @Barnard,FYWB,https://doc.sis.columbia.edu/subj/FYWB/X1001-20271-014/,,,,3,,,20271FYWB1001X014,SEMINAR
FYWB BC1001,FIRST-YEAR WRITING AT BARNARD,"First-Year Writing (FYW) courses invite students into the vibrant scholarly life of the college. Working in small, discussion-based seminar classes over the course of one semester, we read challenging literary texts and critical scholarship, helping students to develop fundamental skills in analysis and academic writing that allow them to take their place in vitally important scholarly conversations. Students may choose from a variety of special topics that focus on a particular literary tradition, theme, or phenomenon. Please see https://firstyear.barnard.edu/fyw/course-listings for full course descriptions.",Quincy Jones,,,00015,,X1001-20271-015,FIRST-YEAR WRITING AT BAR,First-Year Writing @Barnard,FYWB,https://doc.sis.columbia.edu/subj/FYWB/X1001-20271-015/,,,,3,,,20271FYWB1001X015,SEMINAR
FYWB BC1001,FIRST-YEAR WRITING AT BARNARD,"First-Year Writing (FYW) courses invite students into the vibrant scholarly life of the college. Working in small, discussion-based seminar classes over the course of one semester, we read challenging literary texts and critical scholarship, helping students to develop fundamental skills in analysis and academic writing that allow them to take their place in vitally important scholarly conversations. Students may choose from a variety of special topics that focus on a particular literary tradition, theme, or phenomenon. Please see https://firstyear.barnard.edu/fyw/course-listings for full course descriptions.",Michael Shelichach,,,00016,,X1001-20271-016,FIRST-YEAR WRITING AT BAR,First-Year Writing @Barnard,FYWB,https://doc.sis.columbia.edu/subj/FYWB/X1001-20271-016/,,,,3,,,20271FYWB1001X016,SEMINAR
FYWB BC1001,FIRST-YEAR WRITING AT BARNARD,"First-Year Writing (FYW) courses invite students into the vibrant scholarly life of the college. Working in small, discussion-based seminar classes over the course of one semester, we read challenging literary texts and critical scholarship, helping students to develop fundamental skills in analysis and academic writing that allow them to take their place in vitally important scholarly conversations. Students may choose from a variety of special topics that focus on a particular literary tradition, theme, or phenomenon. Please see https://firstyear.barnard.edu/fyw/course-listings for full course descriptions.",Michael Shelichach,,,00017,,X1001-20271-017,FIRST-YEAR WRITING AT BAR,First-Year Writing @Barnard,FYWB,https://doc.sis.columbia.edu/subj/FYWB/X1001-20271-017/,,,,3,,,20271FYWB1001X017,SEMINAR
FYWB BC1001,FIRST-YEAR WRITING AT BARNARD,"First-Year Writing (FYW) courses invite students into the vibrant scholarly life of the college. Working in small, discussion-based seminar classes over the course of one semester, we read challenging literary texts and critical scholarship, helping students to develop fundamental skills in analysis and academic writing that allow them to take their place in vitally important scholarly conversations. Students may choose from a variety of special topics that focus on a particular literary tradition, theme, or phenomenon. Please see https://firstyear.barnard.edu/fyw/course-listings for full course descriptions.",Elizabeth Weybright,,,00018,,X1001-20271-018,FIRST-YEAR WRITING AT BAR,First-Year Writing @Barnard,FYWB,https://doc.sis.columbia.edu/subj/FYWB/X1001-20271-018/,,,,3,,,20271FYWB1001X018,SEMINAR
FYWB BC1001,FIRST-YEAR WRITING AT BARNARD,"First-Year Writing (FYW) courses invite students into the vibrant scholarly life of the college. Working in small, discussion-based seminar classes over the course of one semester, we read challenging literary texts and critical scholarship, helping students to develop fundamental skills in analysis and academic writing that allow them to take their place in vitally important scholarly conversations. Students may choose from a variety of special topics that focus on a particular literary tradition, theme, or phenomenon. Please see https://firstyear.barnard.edu/fyw/course-listings for full course descriptions.",Elizabeth Weybright,,,00019,,X1001-20271-019,FIRST-YEAR WRITING AT BAR,First-Year Writing @Barnard,FYWB,https://doc.sis.columbia.edu/subj/FYWB/X1001-20271-019/,,,,3,,,20271FYWB1001X019,SEMINAR
FYWB BC1001,FIRST-YEAR WRITING AT BARNARD,"First-Year Writing (FYW) courses invite students into the vibrant scholarly life of the college. Working in small, discussion-based seminar classes over the course of one semester, we read challenging literary texts and critical scholarship, helping students to develop fundamental skills in analysis and academic writing that allow them to take their place in vitally important scholarly conversations. Students may choose from a variety of special topics that focus on a particular literary tradition, theme, or phenomenon. Please see https://firstyear.barnard.edu/fyw/course-listings for full course descriptions.",Francesca E Austin Ochoa,,,00020,,X1001-20271-020,FIRST-YEAR WRITING AT BAR,First-Year Writing @Barnard,FYWB,https://doc.sis.columbia.edu/subj/FYWB/X1001-20271-020/,,,,3,,,20271FYWB1001X020,SEMINAR
FYWB BC1001,FIRST-YEAR WRITING AT BARNARD,"First-Year Writing (FYW) courses invite students into the vibrant scholarly life of the college. Working in small, discussion-based seminar classes over the course of one semester, we read challenging literary texts and critical scholarship, helping students to develop fundamental skills in analysis and academic writing that allow them to take their place in vitally important scholarly conversations. Students may choose from a variety of special topics that focus on a particular literary tradition, theme, or phenomenon. Please see https://firstyear.barnard.edu/fyw/course-listings for full course descriptions.",Francesca E Austin Ochoa,,,00021,,X1001-20271-021,FIRST-YEAR WRITING AT BAR,First-Year Writing @Barnard,FYWB,https://doc.sis.columbia.edu/subj/FYWB/X1001-20271-021/,,,,3,,,20271FYWB1001X021,SEMINAR
FYWB BC1001,FIRST-YEAR WRITING AT BARNARD,"First-Year Writing (FYW) courses invite students into the vibrant scholarly life of the college. Working in small, discussion-based seminar classes over the course of one semester, we read challenging literary texts and critical scholarship, helping students to develop fundamental skills in analysis and academic writing that allow them to take their place in vitally important scholarly conversations. Students may choose from a variety of special topics that focus on a particular literary tradition, theme, or phenomenon. Please see https://firstyear.barnard.edu/fyw/course-listings for full course descriptions.",Faculty,,,00022,,X1001-20271-022,FIRST-YEAR WRITING AT BAR,First-Year Writing @Barnard,FYWB,https://doc.sis.columbia.edu/subj/FYWB/X1001-20271-022/,,,,3,,,20271FYWB1001X022,SEMINAR
FYWB BC1001,FIRST-YEAR WRITING AT BARNARD,"First-Year Writing (FYW) courses invite students into the vibrant scholarly life of the college. Working in small, discussion-based seminar classes over the course of one semester, we read challenging literary texts and critical scholarship, helping students to develop fundamental skills in analysis and academic writing that allow them to take their place in vitally important scholarly conversations. Students may choose from a variety of special topics that focus on a particular literary tradition, theme, or phenomenon. Please see https://firstyear.barnard.edu/fyw/course-listings for full course descriptions.",Faculty,,,00023,,X1001-20271-023,FIRST-YEAR WRITING AT BAR,First-Year Writing @Barnard,FYWB,https://doc.sis.columbia.edu/subj/FYWB/X1001-20271-023/,,,,3,,,20271FYWB1001X023,SEMINAR
FYWB BC1001,FIRST-YEAR WRITING AT BARNARD,"First-Year Writing (FYW) courses invite students into the vibrant scholarly life of the college. Working in small, discussion-based seminar classes over the course of one semester, we read challenging literary texts and critical scholarship, helping students to develop fundamental skills in analysis and academic writing that allow them to take their place in vitally important scholarly conversations. Students may choose from a variety of special topics that focus on a particular literary tradition, theme, or phenomenon. Please see https://firstyear.barnard.edu/fyw/course-listings for full course descriptions.",Faculty,,,00024,,X1001-20271-024,FIRST-YEAR WRITING AT BAR,First-Year Writing @Barnard,FYWB,https://doc.sis.columbia.edu/subj/FYWB/X1001-20271-024/,,,,3,,,20271FYWB1001X024,SEMINAR
FYWB BC1001,FIRST-YEAR WRITING AT BARNARD,"First-Year Writing (FYW) courses invite students into the vibrant scholarly life of the college. Working in small, discussion-based seminar classes over the course of one semester, we read challenging literary texts and critical scholarship, helping students to develop fundamental skills in analysis and academic writing that allow them to take their place in vitally important scholarly conversations. Students may choose from a variety of special topics that focus on a particular literary tradition, theme, or phenomenon. Please see https://firstyear.barnard.edu/fyw/course-listings for full course descriptions.",Faculty,,,00025,,X1001-20271-025,FIRST-YEAR WRITING AT BAR,First-Year Writing @Barnard,FYWB,https://doc.sis.columbia.edu/subj/FYWB/X1001-20271-025/,,,,3,,,20271FYWB1001X025,SEMINAR
FYWB BC1001,FIRST-YEAR WRITING AT BARNARD,"First-Year Writing (FYW) courses invite students into the vibrant scholarly life of the college. Working in small, discussion-based seminar classes over the course of one semester, we read challenging literary texts and critical scholarship, helping students to develop fundamental skills in analysis and academic writing that allow them to take their place in vitally important scholarly conversations. Students may choose from a variety of special topics that focus on a particular literary tradition, theme, or phenomenon. Please see https://firstyear.barnard.edu/fyw/course-listings for full course descriptions.",Faculty,,,00026,,X1001-20271-026,FIRST-YEAR WRITING AT BAR,First-Year Writing @Barnard,FYWB,https://doc.sis.columbia.edu/subj/FYWB/X1001-20271-026/,,,,3,,,20271FYWB1001X026,SEMINAR
GAPP IA2200,Intro to Quantitative Analysis for Globa,"This course provides an introduction to statistical methods for analyzing data in global affairs and public policy. Students learn how to summarize and visualize data, understand probability and sampling, and conduct basic statistical inference, including hypothesis testing and regression analysis.
  
Using real-world datasets and applied examples, the course builds practical skills in interpreting quantitative evidence and assessing how data inform policy debates and decisions. No prior background in statistics is required. Emphasis is placed on developing confidence in quantitative reasoning and the ability to critically evaluate empirical claims in policy contexts.",Alan S Yang,,,10168,,U2200-20271-001,Intro to Quantitative Ana,Global Affairs and Public Policy,GAPP,https://doc.sis.columbia.edu/subj/GAPP/U2200-20271-001/,,In-Person,"Columbia College
General Studies",3,,,20271GAPP2200U001,LECTURE
GAPP IA2250,Analytical Tools for Global Affairs and,"This course introduces the core research methods used in the study of global affairs and public policy, including qualitative, quantitative, and mixed-methods approaches. Students learn how to design research, collect and analyze data, and evaluate evidence across a range of methodologies such as case studies, interviews, surveys, and basic statistical analysis.
  
The course emphasizes how different methods can be combined to address complex policy questions. Students develop the ability to critically assess research and design feasible research proposals that integrate multiple forms of evidence. By the end of the course, students are equipped with foundational tools for rigorous analysis and evidence-based policymaking.",Rumela Sen,,,10169,,U2250-20271-001,Analytical Tools-Global A,Global Affairs and Public Policy,GAPP,https://doc.sis.columbia.edu/subj/GAPP/U2250-20271-001/,,In-Person,"Columbia College
General Studies",3,,,20271GAPP2250U001,LECTURE
GERM BC3061,SEMINAR,,Erk Grimm,,,00794,,X3061-20271-001,,German @Barnard,GERM,https://doc.sis.columbia.edu/subj/GERM/X3061-20271-001/,,,,4,,,20271GERM3061X001,SEMINAR
GERM BC3105,Comical Expression in Multicult Lit/Film,"This course is designed for participants who are interested in learning more about the role of humor in 20th/21st-c. literature and film. The survey begins with an introduction to key elements of the comical in literature and film, including slapstick, clowning, mime, or stunts. Discussions revolve around the issue of how or whether humor is universally recognizable or whether it is regionally, historically, and culturally defined. To shed light on this difficult question we will consider both historical and geographical settings. In close studies of popular films and literary texts we will examine the characters’ proclivities and discuss their gender-based perspectives as well as the influence of racial, religious or age-related identities. Our weekly readings—which include excerpts from major novels, selected scenes from films as well as short stories--provide us with rich and instructive examples of how eating habits, choice of food, calendrical events (holiday vs. weekday) may be related to the formation and expression of cultural identity. Romantic comedies reveal not only personal preferences and the joy of eating—they also signal collective taste patterns and indicate what kind of fantasies or constraints have governed the daily or festive dietary practices from the early 20th c. on. While the comical is first and foremost represented in time-honored genres such as comedies  or jokes, we will concentrate on the modern tradition in this course. This approach allows us to address the social, political, and cultural issue of multiculturalism and to build bridges between individual text/film and their historical contexts in the German-speaking countries. The emphasis of the course lies on a critical investigation of how cultural identity is related to self-expression and to physical interaction on the page, the stage or the screen. The course is taught in English, all readings are in English, and there are no prerequisites.",Erk Grimm,,,00603,,X3105-20271-001,COMIC EXPRSN: GERMAN LIT/,German @Barnard,GERM,https://doc.sis.columbia.edu/subj/GERM/X3105-20271-001/,,,,3,,,20271GERM3105X001,LECTURE
GERM UN1102,ELEMENTARY GERMAN II,"Prerequisites: GERM UN1101 or the equivalent. If you have prior German outside of Columbia’s language sequence, the placement exam is required. German 1102 is the continuation of Elementary German I (1101). It is a four-skill language course taught in German, in which students continue to develop listening, speaking, reading, and writing skills in German and an understanding of German-speaking cultures. Emphasis is placed on acquiring the four language skills--listening, speaking, reading and writing--within a cultural context. Students expand their communication skills to include travel, storytelling, personal well- being, basic economics, recent historical events, and working with movie segments. Completion of daily assignments, which align with class content, and consistent work are necessary in order to achieve basic communicative proficiency.",Johanna Veth-Abinusawa,,,00619,,V1102-20271-003,,German @Barnard,GERM,https://doc.sis.columbia.edu/subj/GERM/V1102-20271-003/,,,,4,GERM UN1101,,20271GERM1102V003,LANGUAGE
GERM UN2102,INTERMEDIATE GERMAN II,"Prerequisites: GERM UN2101 or the equivalent.
  
Intermediate German UN2102 is conducted entirely in German and emphasizes the four basic language skills, cultural awareness, and critical thinking. A wide range of topics (from politics and poetry to art) as well as authentic materials (texts, film, art, etc.) are used to improve the 4 skill. Practice in conversation aims at enlarging the vocabulary necessary for daily communication. Grammar is practiced in the context of the topics. Learning and evaluation are individualized (individual vocabulary lists, essays, oral presentations, final portfolio) and project-based (group work and final group project).",Irene Motyl,,,00618,,V2102-20271-004,,German @Barnard,GERM,https://doc.sis.columbia.edu/subj/GERM/V2102-20271-004/,,,,4,"GERM UN2101
UN2102",,20271GERM2102V004,LANGUAGE
GERM UN3002,ADVANCED GERMAN II,"Corequisites: Course either taken before or after GERM V3001. Intensive practice in oral and written German. Discussions, oral reports, and weekly written assignments, based on material of topical and stylistic variety taken from German press and from literary sources.",Irene Motyl,,,00620,,V3002-20271-001,,German @Barnard,GERM,https://doc.sis.columbia.edu/subj/GERM/V3002-20271-001/,,,,3,GERM V3001,,20271GERM3002V001,LECTURE
GREK UN3310,GREEK LITERATURE SELECTIONS II,"Prerequisites: GREK UN2101 - GREK UN2102 or the equivalent. Since the content of this course changes from year to year, it may be repeated for credit.",Rosa M Andujar,,,00198,,V3310-20271-001,GREEK LITERATURE SELECTIO,Classics @Barnard,GREK,https://doc.sis.columbia.edu/subj/GREK/V3310-20271-001/,,,,3,"GREK UN2101
GREK UN2102",,20271GREK3310V001,LECTURE
HIST BC1302,EUROPEAN HISTORY SINCE 1789,"Emergence of revolutionary and counter-revolutionary mass political movements; European industrialization, nationalism, and imperialism; 20th-century world wars, the Great Depression, and Fascism.",Lisa Tiersten,,,00425,,X1302-20271-001,EUROPEAN HISTORY SINCE 17,History @Barnard,HIST,https://doc.sis.columbia.edu/subj/HIST/X1302-20271-001/,,,,4,,,20271HIST1302X001,LECTURE
HIST BC1760,INTRO AFRICAN HIST:1700-PRESNT,"Survey of African history from the 18th century to the contemporary period. We will explore six major themes in African History: Africa and the Making of the Atlantic World, Colonialism in Africa, the 1940s, Nationalism and Independence Movements, Post-Colonialism in Africa, and Issues in the Making of Contemporary Africa.",Abosede A George,,,00561,,X1760-20271-001,INTR AFRICAN HIST:1700-PRESNT,History @Barnard,HIST,https://doc.sis.columbia.edu/subj/HIST/X1760-20271-001/,,,,4,,,20271HIST1760X001,LECTURE
HIST BC2099,Making Vikings,"Between the 700s and 1000s, pirates known as Vikings raided much of Europe. Some were linked to merchant groups reaching into Central Asia, while others joined diaspora communities that sailed across the Atlantic. They made their worlds in many ways—through texts, images, artifacts, and behaviors. In this class, students will accomplish the same, guided by the principle that making is best studied by doing. This will be accomplished through a series of creative assignments accompanied by written discussions drawing on scholarship and historical materials. The course will culminate in a written proposal for a museum exhibit allowing students to explore chosen narratives or thematic interests. Through this work, students will learn how Viking-Age peoples made their world and consider how we recreate and represent that world today",Matthew Delvaux,,,00426,,X2099-20271-001,,History @Barnard,HIST,https://doc.sis.columbia.edu/subj/HIST/X2099-20271-001/,,,,3,,,20271HIST2099X001,LECTURE
HIST BC2101,HISTORY OF CAPITALISM,"The aim of this course is to provide students with analytical tools to think critically and historically about the concept of capitalism. By studying how philosophers, economists, and political theorists have defined and described the concept of capitalism throughout its history, students will be provided with a set of terminologies and analytical frameworks that enable them to interrogate the various dimensions of capitalism.",Carl Wennerlind,,,00427,,X2101-20271-001,,History @Barnard,HIST,https://doc.sis.columbia.edu/subj/HIST/X2101-20271-001/,,,,3,,,20271HIST2101X001,LECTURE
HIST BC2199,A History of Witchcraft and Magic in Eur,"This lecture course examines the social, cultural, and legal history of witchcraft, magic, and the occult throughout European history. We will examine the values and attitudes that have influenced beliefs about witchcraft and the supernatural, both historically and in the present day, using both primary and secondary sources. This course will pay specific attention to the role of gender and sexuality in the history of witchcraft, as the vast majority of individuals charged in the witch hunts of the sixteenth and seventeenth centuries were indeed women. We will also study accusations of witchcraft, breaking down the power dynamics and assumptions at play behind the witch trials, and the impacts of these trials on gender relations in European society. This class will track the intersections of magic and science throughout the early-modern period, and the reconciliation of belief systems during the Enlightenment. We will carry our analysis into the modern period, touching on Victorian spiritualism and mysticism, McCarthyism in the United States, and contemporary goddess worship. We will conclude the semester with an investigation into the role of witchcraft in discussions of gender, race, and sexuality in popular culture.",Dale Booth,,,00428,,X2199-20271-001,History of Witchcraft,History @Barnard,HIST,https://doc.sis.columbia.edu/subj/HIST/X2199-20271-001/,,,,3,,,20271HIST2199X001,LECTURE
HIST BC2375,Fascism in European History,"What was Fascism? What kind of appeal did authoritarianism and dictatorship have in interwar Europe? How did the Fascist “New Order” challenge liberal democracies and why did it fail in World War II? What was the common denominator of Fascist movements across Europe, and in particular in Mussolini’s Italy, Salazar’s Portugal, Franco’s Spain, culminating in Nazi Germany?
  
This class examines the history of Fascism as an ideology, constellation of political movements, and authoritarian regimes that aimed at controlling the modernization of European societies in the interwar period. Thus, the course focuses in particular on the relationship between politics, science and society to investigate how Fascism envisioned the modernity of new technologies, new social norms, and new political norms. The class will also explore Fascism’s imperialist goals, such as the calls for national renewal, the engineering of a new race, and the creation of a new world order.",Angelo Caglioti,,,00429,,X2375-20271-001,FASCISM IN EURO HISTORY,History @Barnard,HIST,https://doc.sis.columbia.edu/subj/HIST/X2375-20271-001/,,,,3,,,20271HIST2375X001,LECTURE
HIST BC2477,"RACE, CLASS, AND POLITICS IN NEW YORK CI","The objectives of this course are: to gain familiarity with the major themes of New York History since 1898, to learn to think historically, and to learn to think and write critically about arguments that underlie historical interpretation. We will also examine and analyze the systems and structures--of race and class--that have shaped life in New York, while seeking to understand how social groups have pursued change inside and outside of such structures",Matthew Vaz,,,00539,,X2477-20271-001,"RACE, CLASS, & POLITICS I",History @Barnard,HIST,https://doc.sis.columbia.edu/subj/HIST/X2477-20271-001/,,,,3,,,20271HIST2477X001,LECTURE
HIST BC2482,"REVOLUTIONARY AMERICA, 1763-1","How did thirteen diverse British colonies become a single boisterous but fragile new nation? Historians still disagree about the causes, motives, and meanings surrounding the founding of the United States of America. Major themes include the role of ideologies, material interests, global contexts, race, gender, and class.",Andrew C Lipman,,,00540,,X2482-20271-001,"REVOLUTIONARY AMERICA, 17",History @Barnard,HIST,https://doc.sis.columbia.edu/subj/HIST/X2482-20271-001/,,,,3,,,20271HIST2482X001,LECTURE
HIST BC2664,FAMILIES LATIN AMERICA,"Explores changing structures and meanings of family in Latin America from colonial period to present. Particular focus on enduring tensions between prescription and reality in family forms as well as the articulation of family with hierarchies of class, caste, and color in diverse Latin American societies.",Nara Milanich,,,00693,,X2664-20271-001,,History @Barnard,HIST,https://doc.sis.columbia.edu/subj/HIST/X2664-20271-001/,,,,3,,,20271HIST2664X001,LECTURE
HIST BC2920,Urban Healthscapes: A Spatial History of,"This course examines the landscapes of urban public health from the medieval era to the 19th century using spatial analysis. It has two objectives. Thematically, it introduces students to the concept and study of “urban healthscapes” in Europe and the Americas before the age of modern bacteriology. Weekly lectures advance through a sequence of four related themes: (1) medieval and early modern communal, infrastructural, and regulatory spatial practices of public health; (2) urban mortality regimes, epidemics, and societal responses; (3) the relationships between urban form, spatial governance, planning, and public health; and (4) problems of environmental justice, including unequal exposure to health risks and access to health amenities. Methodologically, the course approaches these topics via the lens of historical Geographic Information Systems. In weekly labs, students acquire technical skills of GIS mapping. They learn how to work with spatial data, create GIS maps, conduct spatial analysis, and develop spatial historical arguments and narratives. Labs integrate recently released public hGIS datasets on a variety of cities—such as medieval Bologna and 19th-century New York—directly relevant to the themes covered in lectures. For course assignments, students use these datasets to conduct spatial analyses of urban healthscapes. The course is open to all undergraduates. Previous GIS knowledge is not needed.",Gergely Baics,,,00430,,X2920-20271-001,Urban Healthscapes,History @Barnard,HIST,https://doc.sis.columbia.edu/subj/HIST/X2920-20271-001/,,,,3,,,20271HIST2920X001,LECTURE
HIST BC3392,RESRCH SEMINAR IN HISTORY II,Prerequisites: Open to Barnard College History Senior Majors. Individual guided research and writing in history and the presentation of results in seminar and in the form of the senior essay. See Requirements for the Major for details.,Angelo Caglioti,,,00432,,X3392-20271-001,RESRCH SEMINAR IN HISTORY,History @Barnard,HIST,https://doc.sis.columbia.edu/subj/HIST/X3392-20271-001/,,,,4,,,20271HIST3392X001,RESEARCH SEM
HIST BC3999,INDEPENDENT STUDY,"Prerequisites: Permission of the instructor. Enrollment limited to 15. Preregistration required. Examines the theory and practice of transnational feminist activism. We will explore the ways in which race, class, culture and nationality facilitate alliances among women, reproduce hierarchical power relations, and help reconstruct gender. The course covers a number of topics: the African Diaspora, suffrage, labor, development policy, colonialism, trafficking, consumerism, Islam, and the criminal justice system.",Matthew Delvaux,,,00437,,X3999-20271-003,,History @Barnard,HIST,https://doc.sis.columbia.edu/subj/HIST/X3999-20271-003/,,,,1-4,,,20271HIST3999X003,INDEPENDENT
HRTS BC1025,HUM RGTS IN THEORY& PRACTICE,"Provides a broad overview of the rapidly expanding field of human rights. Lectures on the philosophical, historical, legal and institutional foundations are interspersed with weekly presentations by frontline advocates from the U.S. and overseas.",Faculty,,,00051,,X1025-20271-001,HUM RGTS IN THEORY& PRACT,Human Rights (HRTB),HRTS,https://doc.sis.columbia.edu/subj/HRTS/X1025-20271-001/,,,,3,,,20271HRTS1025X001,LECTURE
HRTS BC3601,INTL LAW & U.N. IN PRACTICE,"Prerequisites: POLS UN1601 or HRTS UN3001 An equivalent course to POLS UN1601 or HRTS UN3001 may be used as a pre-requisite, with departmental permission. Examines the development of international law and the United Nations, their evolution in the Twentieth Century, and their role in world affairs today. Concepts and principles are illustrated through their application to contemporary human rights and humanitarian challenges, and with respect to other threats to international peace and security. The course consists primarily of presentation and discussion, drawing heavily on the practical application of theory to actual experiences and situations. For the Barnard Political Science major, this seminar counts as elective credit only. (Cross-listed by the Human Rights Program.)",Martin S Flaherty,,,00052,,X3601-20271-001,INTL LAW & U.N. IN PRACTI,Human Rights (HRTB),HRTS,https://doc.sis.columbia.edu/subj/HRTS/X3601-20271-001/,,,,4,"HRTS UN3001
HRTS UN3001
POLS UN1601
POLS UN1601",,20271HRTS3601X001,SEMINAR
HRTS BC3850,HUMAN RIGHTS & PUBLIC HEALTH,"Prerequisites: Enrollment in the course is open to 18 undergraduates who have completed at least one core course in human rights and /or international law. This seminar introduces students to the field of health and human rights. It examines how to advocate for and implement public health strategies using a human rights framework. It takes note of current international and domestic debates about the utility of a ;human rights-based approach; to health, discusses methods and ethics of health-related human rights research, and examines case studies of human rights investigations to explore the role of human rights analysis in promoting public health.",Faculty,,,00509,,X3850-20271-001,HUMAN RIGHTS & PUBLIC HEA,Human Rights (HRTB),HRTS,https://doc.sis.columbia.edu/subj/HRTS/X3850-20271-001/,,,,4,,,20271HRTS3850X001,SEMINAR
HRTS BC3931,SOC JUSTICE & HUM RIGHTS,Corequisites: Students must have an internship related to social justice or human rights during This class is intended to complement and enhance the internship experience for students working in internships that relate to social justice and human rights during the Spring 2016 semester. This course will meet bi-weekly to provide an academic framing of the issues that students are working on and to provide an opportunity for students to analyze their internship experience.,Faculty,,,00053,,X3931-20271-001,,Human Rights (HRTB),HRTS,https://doc.sis.columbia.edu/subj/HRTS/X3931-20271-001/,,,,3,,,20271HRTS3931X001,SEMINAR
HRTS GU4995,Education in Conflict Zones,"Across the world, conflict and violence are on the rise, in many forms and due to myriad factors. This course explores the relationship between war, conflict, and education. Drawing on a human rights framework and its applications to education, this course will explore the possibilities and limitations inherent in this framework. Questions we will explore include: How does education contribute to, or mitigate conflict? What is the role of education in emergencies? What is the role of education in addressing the needs of refugees? What is the role of education in post conflict contexts and peacebuilding? What is human rights education?",Thea R Abu El-Haj,,,00783,,W4995-20271-001,Education in Conflict Zon,Education @Barnard,HRTS,https://doc.sis.columbia.edu/subj/HRTS/W4995-20271-001/,,,,4,,,20271HRTS4995W001,LECTURE
HRTS UN3934,Seeking Sanctuary in New York City,"In a renewed age of anti-immigrant fervor, the last few years have seen attention focused on people seeking asylum – the process under international law by which people fleeing persecution can seek protection in a country not of their citizenship. New York has become a particular flashpoint with a large influx of asylum seekers, most of them from Latin America. Often, they have arrived on buses sent here by southern governors intending to make the border “problem” that of a so-called “sanctuary city.” How has New York responded? And how does this fit into the city’s long history of refuge? 
  
This course will offer students an introduction to the theory, ethics, and history of the idea of international protection. We will look specifically at how Latin American citizens have engaged with the US asylum system over time and how this engagement has changed the shape of US immigration laws. We will study the origins of the ideas of international protection, who is understood to qualify and why, how the system has changed over time, and what these developments mean for a broader understanding of human rights across borders. We will also take a critical look at asylum, examine ideas of deservingness and innocence and their intersection with categories of race, class and gender, and question what it means for certain people to be constructed as victims and others to be seen as not eligible – or worthy – of protection.
  
This is an engaged pedagogy course. The class will be organized around a close collaboration with a NY legal organization that has taken on the work of representing many asylum seekers in the city. Students will learn the complexities of US asylum law and will work collectively to use this knowledge, while developing their research skills, to put together reports to be used in active asylum cases.",Jennifer Trowbridge,,,00255,,V3934-20271-001,Seeking Sanctuary in New,Human Rights (HRTB),HRTS,https://doc.sis.columbia.edu/subj/HRTS/V3934-20271-001/,,,,5,,,20271HRTS3934V001,SEMINAR
HRTS UN3936,Human Rights and Social Justice in NYC,"This seminar and engaged pedagogy course is centered around close collaboration with a community-based organization in New York City. We will divide our time between an intellectual study of the history, theory, and practice of human rights protections, and address the semester's specific topic as it is unfolding locally and nationally, in real time. As an engaged pedagogy course, the academic and project-based work will be conducted in conjunction with, and for the benefit of, an organization involved in local social justice work. The course is therefore fundamentally designed around the lives, experiences, and needs of real people in New York City and the organizations dedicated to advancing their demands. Our partner organizations serve the needs of their members or clients in various ways, including but not limited to: legal representation, public policy advocacy, rights' campaigns, and educational outreach. Students will work directly with members and/or clients of these organizations as they draw upon human rights frameworks to make specific demands to ameliorate their circumstances. Ultimately, students will use their academic knowledge, reading and writing skills, and newly-gained on-site experience to complete a specific project intended to further the causes and needs of the community-based organization and its members.",Jennifer Trowbridge,,,00256,,W3936-20271-001,Human Rights & Soc Justic,Human Rights (HRTB),HRTS,https://doc.sis.columbia.edu/subj/HRTS/W3936-20271-001/,,,,5,,,20271HRTS3936W001,SEMINAR
IEOR E3900,UNDERGRAD RESEARCH OR PROJECT,"Independent work involving experiments, computer programming, analytical investigation, or engineering design.",Anish Agarwal,,,10057,,E3900-20271-001,UNDERGRAD RESEARCH OR PRO,Industrial Engineering and Operations Research,IEOR,https://doc.sis.columbia.edu/subj/IEOR/E3900-20271-001/,,In-Person,Engineering:Undergraduate,1-3,,,20271IEOR3900E001,INDEPENDENT
IEOR E3900,UNDERGRAD RESEARCH OR PROJECT,"Independent work involving experiments, computer programming, analytical investigation, or engineering design.",Shipra Agrawal,,,10058,,E3900-20271-002,UNDERGRAD RESEARCH OR PRO,Industrial Engineering and Operations Research,IEOR,https://doc.sis.columbia.edu/subj/IEOR/E3900-20271-002/,,In-Person,Engineering:Undergraduate,1-3,,,20271IEOR3900E002,INDEPENDENT
IEOR E3900,UNDERGRAD RESEARCH OR PROJECT,"Independent work involving experiments, computer programming, analytical investigation, or engineering design.",Eric Balkanski,,,10059,,E3900-20271-003,UNDERGRAD RESEARCH OR PRO,Industrial Engineering and Operations Research,IEOR,https://doc.sis.columbia.edu/subj/IEOR/E3900-20271-003/,,In-Person,Engineering:Undergraduate,1-3,,,20271IEOR3900E003,INDEPENDENT
IEOR E3900,UNDERGRAD RESEARCH OR PROJECT,"Independent work involving experiments, computer programming, analytical investigation, or engineering design.",Daniel Bienstock,,,10060,,E3900-20271-004,UNDERGRAD RESEARCH OR PRO,Industrial Engineering and Operations Research,IEOR,https://doc.sis.columbia.edu/subj/IEOR/E3900-20271-004/,,In-Person,Engineering:Undergraduate,1-3,,,20271IEOR3900E004,INDEPENDENT
IEOR E3900,UNDERGRAD RESEARCH OR PROJECT,"Independent work involving experiments, computer programming, analytical investigation, or engineering design.",Agostino Capponi,,,10061,,E3900-20271-005,UNDERGRAD RESEARCH OR PRO,Industrial Engineering and Operations Research,IEOR,https://doc.sis.columbia.edu/subj/IEOR/E3900-20271-005/,,In-Person,Engineering:Undergraduate,1-3,,,20271IEOR3900E005,INDEPENDENT
IEOR E3900,UNDERGRAD RESEARCH OR PROJECT,"Independent work involving experiments, computer programming, analytical investigation, or engineering design.",Rachel Cummings,,,10062,,E3900-20271-006,UNDERGRAD RESEARCH OR PRO,Industrial Engineering and Operations Research,IEOR,https://doc.sis.columbia.edu/subj/IEOR/E3900-20271-006/,,In-Person,Engineering:Undergraduate,1-3,,,20271IEOR3900E006,INDEPENDENT
IEOR E3900,UNDERGRAD RESEARCH OR PROJECT,"Independent work involving experiments, computer programming, analytical investigation, or engineering design.",Antonius B Dieker,,,10063,,E3900-20271-007,UNDERGRAD RESEARCH OR PRO,Industrial Engineering and Operations Research,IEOR,https://doc.sis.columbia.edu/subj/IEOR/E3900-20271-007/,,In-Person,Engineering:Undergraduate,1-3,,,20271IEOR3900E007,INDEPENDENT
IEOR E3900,UNDERGRAD RESEARCH OR PROJECT,"Independent work involving experiments, computer programming, analytical investigation, or engineering design.",Adam N Elmachtoub,,,10064,,E3900-20271-008,UNDERGRAD RESEARCH OR PRO,Industrial Engineering and Operations Research,IEOR,https://doc.sis.columbia.edu/subj/IEOR/E3900-20271-008/,,In-Person,Engineering:Undergraduate,1-3,,,20271IEOR3900E008,INDEPENDENT
IEOR E3900,UNDERGRAD RESEARCH OR PROJECT,"Independent work involving experiments, computer programming, analytical investigation, or engineering design.",Yuri Faenza,,,10065,,E3900-20271-009,UNDERGRAD RESEARCH OR PRO,Industrial Engineering and Operations Research,IEOR,https://doc.sis.columbia.edu/subj/IEOR/E3900-20271-009/,,In-Person,Engineering:Undergraduate,1-3,,,20271IEOR3900E009,INDEPENDENT
IEOR E3900,UNDERGRAD RESEARCH OR PROJECT,"Independent work involving experiments, computer programming, analytical investigation, or engineering design.",Vineet Goyal,,,10066,,E3900-20271-010,UNDERGRAD RESEARCH OR PRO,Industrial Engineering and Operations Research,IEOR,https://doc.sis.columbia.edu/subj/IEOR/E3900-20271-010/,,In-Person,Engineering:Undergraduate,1-3,,,20271IEOR3900E010,INDEPENDENT
IEOR E3900,UNDERGRAD RESEARCH OR PROJECT,"Independent work involving experiments, computer programming, analytical investigation, or engineering design.",Ali Hirsa,,,10067,,E3900-20271-011,UNDERGRAD RESEARCH OR PRO,Industrial Engineering and Operations Research,IEOR,https://doc.sis.columbia.edu/subj/IEOR/E3900-20271-011/,,In-Person,Engineering:Undergraduate,1-3,,,20271IEOR3900E011,INDEPENDENT
IEOR E3900,UNDERGRAD RESEARCH OR PROJECT,"Independent work involving experiments, computer programming, analytical investigation, or engineering design.",Anran Hu,,,10068,,E3900-20271-012,UNDERGRAD RESEARCH OR PRO,Industrial Engineering and Operations Research,IEOR,https://doc.sis.columbia.edu/subj/IEOR/E3900-20271-012/,,In-Person,Engineering:Undergraduate,1-3,,,20271IEOR3900E012,INDEPENDENT
IEOR E3900,UNDERGRAD RESEARCH OR PROJECT,"Independent work involving experiments, computer programming, analytical investigation, or engineering design.",Garud Iyengar,,,10069,,E3900-20271-014,UNDERGRAD RESEARCH OR PRO,Industrial Engineering and Operations Research,IEOR,https://doc.sis.columbia.edu/subj/IEOR/E3900-20271-014/,,In-Person,Engineering:Undergraduate,1-3,,,20271IEOR3900E014,INDEPENDENT
IEOR E3900,UNDERGRAD RESEARCH OR PROJECT,"Independent work involving experiments, computer programming, analytical investigation, or engineering design.",Hardeep Johar,,,10070,,E3900-20271-015,UNDERGRAD RESEARCH OR PRO,Industrial Engineering and Operations Research,IEOR,https://doc.sis.columbia.edu/subj/IEOR/E3900-20271-015/,,In-Person,Engineering:Undergraduate,1-3,,,20271IEOR3900E015,INDEPENDENT
IEOR E3900,UNDERGRAD RESEARCH OR PROJECT,"Independent work involving experiments, computer programming, analytical investigation, or engineering design.",Cedric Josz,,,10071,,E3900-20271-016,UNDERGRAD RESEARCH OR PRO,Industrial Engineering and Operations Research,IEOR,https://doc.sis.columbia.edu/subj/IEOR/E3900-20271-016/,,In-Person,Engineering:Undergraduate,1-3,,,20271IEOR3900E016,INDEPENDENT
IEOR E3900,UNDERGRAD RESEARCH OR PROJECT,"Independent work involving experiments, computer programming, analytical investigation, or engineering design.",Soulaymane Kachani,,,10072,,E3900-20271-017,UNDERGRAD RESEARCH OR PRO,Industrial Engineering and Operations Research,IEOR,https://doc.sis.columbia.edu/subj/IEOR/E3900-20271-017/,,In-Person,,1-3,,,20271IEOR3900E017,INDEPENDENT
IEOR E3900,UNDERGRAD RESEARCH OR PROJECT,"Independent work involving experiments, computer programming, analytical investigation, or engineering design.",Yaren Kaya,,,10073,,E3900-20271-018,UNDERGRAD RESEARCH OR PRO,Industrial Engineering and Operations Research,IEOR,https://doc.sis.columbia.edu/subj/IEOR/E3900-20271-018/,,In-Person,"Barnard College
Engineering:Undergraduate",1-3,,,20271IEOR3900E018,INDEPENDENT
IEOR E3900,UNDERGRAD RESEARCH OR PROJECT,"Independent work involving experiments, computer programming, analytical investigation, or engineering design.",Christian Kroer,,,10074,,E3900-20271-019,UNDERGRAD RESEARCH OR PRO,Industrial Engineering and Operations Research,IEOR,https://doc.sis.columbia.edu/subj/IEOR/E3900-20271-019/,,In-Person,Engineering:Undergraduate,1-3,,,20271IEOR3900E019,INDEPENDENT
IEOR E3900,UNDERGRAD RESEARCH OR PROJECT,"Independent work involving experiments, computer programming, analytical investigation, or engineering design.",Daniel Lacker,,,10075,,E3900-20271-020,UNDERGRAD RESEARCH OR PRO,Industrial Engineering and Operations Research,IEOR,https://doc.sis.columbia.edu/subj/IEOR/E3900-20271-020/,,In-Person,Engineering:Undergraduate,1-3,,,20271IEOR3900E020,INDEPENDENT
IEOR E3900,UNDERGRAD RESEARCH OR PROJECT,"Independent work involving experiments, computer programming, analytical investigation, or engineering design.",Henry Lam,,,10076,,E3900-20271-021,UNDERGRAD RESEARCH OR PRO,Industrial Engineering and Operations Research,IEOR,https://doc.sis.columbia.edu/subj/IEOR/E3900-20271-021/,,In-Person,Engineering:Undergraduate,1-3,,,20271IEOR3900E021,INDEPENDENT
IEOR E3900,UNDERGRAD RESEARCH OR PROJECT,"Independent work involving experiments, computer programming, analytical investigation, or engineering design.",Fabrizio Lecci,,,10077,,E3900-20271-022,UNDERGRAD RESEARCH OR PRO,Industrial Engineering and Operations Research,IEOR,https://doc.sis.columbia.edu/subj/IEOR/E3900-20271-022/,,In-Person,Engineering:Undergraduate,1-3,,,20271IEOR3900E022,INDEPENDENT
IEOR E3900,UNDERGRAD RESEARCH OR PROJECT,"Independent work involving experiments, computer programming, analytical investigation, or engineering design.",Tianyi Lin,,,10078,,E3900-20271-023,UNDERGRAD RESEARCH OR PRO,Industrial Engineering and Operations Research,IEOR,https://doc.sis.columbia.edu/subj/IEOR/E3900-20271-023/,,In-Person,Engineering:Undergraduate,1-3,,,20271IEOR3900E023,INDEPENDENT
IEOR E3900,UNDERGRAD RESEARCH OR PROJECT,"Independent work involving experiments, computer programming, analytical investigation, or engineering design.",Uday Menon,,,10079,,E3900-20271-024,UNDERGRAD RESEARCH OR PRO,Industrial Engineering and Operations Research,IEOR,https://doc.sis.columbia.edu/subj/IEOR/E3900-20271-024/,,In-Person,Engineering:Undergraduate,1-3,,,20271IEOR3900E024,INDEPENDENT
IEOR E3900,UNDERGRAD RESEARCH OR PROJECT,"Independent work involving experiments, computer programming, analytical investigation, or engineering design.",Bento Natura,,,10080,,E3900-20271-025,UNDERGRAD RESEARCH OR PRO,Industrial Engineering and Operations Research,IEOR,https://doc.sis.columbia.edu/subj/IEOR/E3900-20271-025/,,In-Person,Engineering:Undergraduate,1-3,,,20271IEOR3900E025,INDEPENDENT
IEOR E3900,UNDERGRAD RESEARCH OR PROJECT,"Independent work involving experiments, computer programming, analytical investigation, or engineering design.",Jay Sethuraman,,,10081,,E3900-20271-026,UNDERGRAD RESEARCH OR PRO,Industrial Engineering and Operations Research,IEOR,https://doc.sis.columbia.edu/subj/IEOR/E3900-20271-026/,,In-Person,Engineering:Undergraduate,1-3,,,20271IEOR3900E026,INDEPENDENT
IEOR E3900,UNDERGRAD RESEARCH OR PROJECT,"Independent work involving experiments, computer programming, analytical investigation, or engineering design.",Eric Stratman,,,10082,,E3900-20271-027,UNDERGRAD RESEARCH OR PRO,Industrial Engineering and Operations Research,IEOR,https://doc.sis.columbia.edu/subj/IEOR/E3900-20271-027/,,In-Person,Engineering:Undergraduate,1-3,,,20271IEOR3900E027,INDEPENDENT
IEOR E3900,UNDERGRAD RESEARCH OR PROJECT,"Independent work involving experiments, computer programming, analytical investigation, or engineering design.",Clifford Stein,,,10083,,E3900-20271-028,UNDERGRAD RESEARCH OR PRO,Industrial Engineering and Operations Research,IEOR,https://doc.sis.columbia.edu/subj/IEOR/E3900-20271-028/,,In-Person,Engineering:Undergraduate,1-3,,,20271IEOR3900E028,INDEPENDENT
IEOR E3900,UNDERGRAD RESEARCH OR PROJECT,"Independent work involving experiments, computer programming, analytical investigation, or engineering design.",Wenpin Tang,,,10084,,E3900-20271-029,UNDERGRAD RESEARCH OR PRO,Industrial Engineering and Operations Research,IEOR,https://doc.sis.columbia.edu/subj/IEOR/E3900-20271-029/,,In-Person,Engineering:Undergraduate,1-3,,,20271IEOR3900E029,INDEPENDENT
IEOR E3900,UNDERGRAD RESEARCH OR PROJECT,"Independent work involving experiments, computer programming, analytical investigation, or engineering design.",Harry West,,,10085,,E3900-20271-030,UNDERGRAD RESEARCH OR PRO,Industrial Engineering and Operations Research,IEOR,https://doc.sis.columbia.edu/subj/IEOR/E3900-20271-030/,,In-Person,Engineering:Undergraduate,1-3,,,20271IEOR3900E030,INDEPENDENT
IEOR E3900,UNDERGRAD RESEARCH OR PROJECT,"Independent work involving experiments, computer programming, analytical investigation, or engineering design.",Kaizheng Wang,,,10086,,E3900-20271-031,UNDERGRAD RESEARCH OR PRO,Industrial Engineering and Operations Research,IEOR,https://doc.sis.columbia.edu/subj/IEOR/E3900-20271-031/,,In-Person,Engineering:Undergraduate,1-3,,,20271IEOR3900E031,INDEPENDENT
IEOR E3900,UNDERGRAD RESEARCH OR PROJECT,"Independent work involving experiments, computer programming, analytical investigation, or engineering design.",Lily Xu,,,10087,,E3900-20271-032,UNDERGRAD RESEARCH OR PRO,Industrial Engineering and Operations Research,IEOR,https://doc.sis.columbia.edu/subj/IEOR/E3900-20271-032/,,In-Person,Engineering:Undergraduate,1-3,,,20271IEOR3900E032,INDEPENDENT
IEOR E3900,UNDERGRAD RESEARCH OR PROJECT,"Independent work involving experiments, computer programming, analytical investigation, or engineering design.",David D Yao,,,10088,,E3900-20271-033,UNDERGRAD RESEARCH OR PRO,Industrial Engineering and Operations Research,IEOR,https://doc.sis.columbia.edu/subj/IEOR/E3900-20271-033/,,In-Person,Engineering:Undergraduate,1-3,,,20271IEOR3900E033,INDEPENDENT
IEOR E3900,UNDERGRAD RESEARCH OR PROJECT,"Independent work involving experiments, computer programming, analytical investigation, or engineering design.",Yi Zhang,,,10089,,E3900-20271-034,UNDERGRAD RESEARCH OR PRO,Industrial Engineering and Operations Research,IEOR,https://doc.sis.columbia.edu/subj/IEOR/E3900-20271-034/,,In-Person,,1-3,,,20271IEOR3900E034,INDEPENDENT
IEOR E3900,UNDERGRAD RESEARCH OR PROJECT,"Independent work involving experiments, computer programming, analytical investigation, or engineering design.",Xunyu Zhou,,,10090,,E3900-20271-035,UNDERGRAD RESEARCH OR PRO,Industrial Engineering and Operations Research,IEOR,https://doc.sis.columbia.edu/subj/IEOR/E3900-20271-035/,,In-Person,,1-3,,,20271IEOR3900E035,INDEPENDENT
IEOR E3900,UNDERGRAD RESEARCH OR PROJECT,"Independent work involving experiments, computer programming, analytical investigation, or engineering design.",Christine Chan,,,10091,,E3900-20271-036,UNDERGRAD RESEARCH OR PRO,Industrial Engineering and Operations Research,IEOR,https://doc.sis.columbia.edu/subj/IEOR/E3900-20271-036/,,In-Person,,1-3,,,20271IEOR3900E036,INDEPENDENT
IEOR E3900,UNDERGRAD RESEARCH OR PROJECT,"Independent work involving experiments, computer programming, analytical investigation, or engineering design.",Kelly Katsigris,,,10098,,E3900-20271-037,UNDERGRAD RESEARCH OR PRO,Industrial Engineering and Operations Research,IEOR,https://doc.sis.columbia.edu/subj/IEOR/E3900-20271-037/,,In-Person,,1-3,,,20271IEOR3900E037,INDEPENDENT
IEOR E3900,UNDERGRAD RESEARCH OR PROJECT,"Independent work involving experiments, computer programming, analytical investigation, or engineering design.",Garud Iyengar,,,10164,,E3900-20271-013,UNDERGRAD RESEARCH OR PRO,Industrial Engineering and Operations Research,IEOR,https://doc.sis.columbia.edu/subj/IEOR/E3900-20271-013/,,In-Person,Engineering:Undergraduate,1-3,,,20271IEOR3900E013,INDEPENDENT
IEOR E4900,MASTERS RESEARCH OR PROJECT,"Prerequisite(s): Approval by a faculty member who agrees to supervise the work. Independent work involving experiments, computer programming, analytical investigation, or engineering design.",Anish Agarwal,,,10092,,E4900-20271-001,MASTERS RESEARCH OR PROJE,Industrial Engineering and Operations Research,IEOR,https://doc.sis.columbia.edu/subj/IEOR/E4900-20271-001/,,In-Person,Engineering:Graduate,1-3,,,20271IEOR4900E001,INDEPENDENT
IEOR E4900,MASTERS RESEARCH OR PROJECT,"Prerequisite(s): Approval by a faculty member who agrees to supervise the work. Independent work involving experiments, computer programming, analytical investigation, or engineering design.",Shipra Agrawal,,,10093,,E4900-20271-002,MASTERS RESEARCH OR PROJE,Industrial Engineering and Operations Research,IEOR,https://doc.sis.columbia.edu/subj/IEOR/E4900-20271-002/,,In-Person,Engineering:Graduate,1-3,,,20271IEOR4900E002,INDEPENDENT
IEOR E4900,MASTERS RESEARCH OR PROJECT,"Prerequisite(s): Approval by a faculty member who agrees to supervise the work. Independent work involving experiments, computer programming, analytical investigation, or engineering design.",Eric Balkanski,,,10094,,E4900-20271-003,MASTERS RESEARCH OR PROJE,Industrial Engineering and Operations Research,IEOR,https://doc.sis.columbia.edu/subj/IEOR/E4900-20271-003/,,In-Person,Engineering:Graduate,1-3,,,20271IEOR4900E003,INDEPENDENT
IEOR E4900,MASTERS RESEARCH OR PROJECT,"Prerequisite(s): Approval by a faculty member who agrees to supervise the work. Independent work involving experiments, computer programming, analytical investigation, or engineering design.",Daniel Bienstock,,,10095,,E4900-20271-004,MASTERS RESEARCH OR PROJE,Industrial Engineering and Operations Research,IEOR,https://doc.sis.columbia.edu/subj/IEOR/E4900-20271-004/,,In-Person,Engineering:Graduate,1-3,,,20271IEOR4900E004,INDEPENDENT
IEOR E4900,MASTERS RESEARCH OR PROJECT,"Prerequisite(s): Approval by a faculty member who agrees to supervise the work. Independent work involving experiments, computer programming, analytical investigation, or engineering design.",Agostino Capponi,,,10096,,E4900-20271-005,MASTERS RESEARCH OR PROJE,Industrial Engineering and Operations Research,IEOR,https://doc.sis.columbia.edu/subj/IEOR/E4900-20271-005/,,In-Person,Engineering:Graduate,1-3,,,20271IEOR4900E005,INDEPENDENT
IEOR E4900,MASTERS RESEARCH OR PROJECT,"Prerequisite(s): Approval by a faculty member who agrees to supervise the work. Independent work involving experiments, computer programming, analytical investigation, or engineering design.",Rachel Cummings,,,10097,,E4900-20271-006,MASTERS RESEARCH OR PROJE,Industrial Engineering and Operations Research,IEOR,https://doc.sis.columbia.edu/subj/IEOR/E4900-20271-006/,,In-Person,Engineering:Graduate,1-3,,,20271IEOR4900E006,INDEPENDENT
IEOR E4900,MASTERS RESEARCH OR PROJECT,"Prerequisite(s): Approval by a faculty member who agrees to supervise the work. Independent work involving experiments, computer programming, analytical investigation, or engineering design.",Antonius B Dieker,,,10099,,E4900-20271-007,MASTERS RESEARCH OR PROJE,Industrial Engineering and Operations Research,IEOR,https://doc.sis.columbia.edu/subj/IEOR/E4900-20271-007/,,In-Person,Engineering:Graduate,1-3,,,20271IEOR4900E007,INDEPENDENT
IEOR E4900,MASTERS RESEARCH OR PROJECT,"Prerequisite(s): Approval by a faculty member who agrees to supervise the work. Independent work involving experiments, computer programming, analytical investigation, or engineering design.",Adam N Elmachtoub,,,10100,,E4900-20271-008,MASTERS RESEARCH OR PROJE,Industrial Engineering and Operations Research,IEOR,https://doc.sis.columbia.edu/subj/IEOR/E4900-20271-008/,,In-Person,Engineering:Graduate,1-3,,,20271IEOR4900E008,INDEPENDENT
IEOR E4900,MASTERS RESEARCH OR PROJECT,"Prerequisite(s): Approval by a faculty member who agrees to supervise the work. Independent work involving experiments, computer programming, analytical investigation, or engineering design.",Yuri Faenza,,,10101,,E4900-20271-009,MASTERS RESEARCH OR PROJE,Industrial Engineering and Operations Research,IEOR,https://doc.sis.columbia.edu/subj/IEOR/E4900-20271-009/,,In-Person,Engineering:Graduate,1-3,,,20271IEOR4900E009,INDEPENDENT
IEOR E4900,MASTERS RESEARCH OR PROJECT,"Prerequisite(s): Approval by a faculty member who agrees to supervise the work. Independent work involving experiments, computer programming, analytical investigation, or engineering design.",Vineet Goyal,,,10102,,E4900-20271-010,MASTERS RESEARCH OR PROJE,Industrial Engineering and Operations Research,IEOR,https://doc.sis.columbia.edu/subj/IEOR/E4900-20271-010/,,In-Person,Engineering:Graduate,1-3,,,20271IEOR4900E010,INDEPENDENT
IEOR E4900,MASTERS RESEARCH OR PROJECT,"Prerequisite(s): Approval by a faculty member who agrees to supervise the work. Independent work involving experiments, computer programming, analytical investigation, or engineering design.",Ali Hirsa,,,10103,,E4900-20271-011,MASTERS RESEARCH OR PROJE,Industrial Engineering and Operations Research,IEOR,https://doc.sis.columbia.edu/subj/IEOR/E4900-20271-011/,,In-Person,Engineering:Graduate,1-3,,,20271IEOR4900E011,INDEPENDENT
IEOR E4900,MASTERS RESEARCH OR PROJECT,"Prerequisite(s): Approval by a faculty member who agrees to supervise the work. Independent work involving experiments, computer programming, analytical investigation, or engineering design.",Anran Hu,,,10104,,E4900-20271-012,MASTERS RESEARCH OR PROJE,Industrial Engineering and Operations Research,IEOR,https://doc.sis.columbia.edu/subj/IEOR/E4900-20271-012/,,In-Person,Engineering:Graduate,1-3,,,20271IEOR4900E012,INDEPENDENT
IEOR E4900,MASTERS RESEARCH OR PROJECT,"Prerequisite(s): Approval by a faculty member who agrees to supervise the work. Independent work involving experiments, computer programming, analytical investigation, or engineering design.",Garud Iyengar,,,10105,,E4900-20271-014,MASTERS RESEARCH OR PROJE,Industrial Engineering and Operations Research,IEOR,https://doc.sis.columbia.edu/subj/IEOR/E4900-20271-014/,,In-Person,Engineering:Graduate,1-3,,,20271IEOR4900E014,INDEPENDENT
IEOR E4900,MASTERS RESEARCH OR PROJECT,"Prerequisite(s): Approval by a faculty member who agrees to supervise the work. Independent work involving experiments, computer programming, analytical investigation, or engineering design.",Hardeep Johar,,,10106,,E4900-20271-015,MASTERS RESEARCH OR PROJE,Industrial Engineering and Operations Research,IEOR,https://doc.sis.columbia.edu/subj/IEOR/E4900-20271-015/,,In-Person,Engineering:Graduate,1-3,,,20271IEOR4900E015,INDEPENDENT
IEOR E4900,MASTERS RESEARCH OR PROJECT,"Prerequisite(s): Approval by a faculty member who agrees to supervise the work. Independent work involving experiments, computer programming, analytical investigation, or engineering design.",Cedric Josz,,,10107,,E4900-20271-016,MASTERS RESEARCH OR PROJE,Industrial Engineering and Operations Research,IEOR,https://doc.sis.columbia.edu/subj/IEOR/E4900-20271-016/,,In-Person,Engineering:Graduate,1-3,,,20271IEOR4900E016,INDEPENDENT
IEOR E4900,MASTERS RESEARCH OR PROJECT,"Prerequisite(s): Approval by a faculty member who agrees to supervise the work. Independent work involving experiments, computer programming, analytical investigation, or engineering design.",Soulaymane Kachani,,,10108,,E4900-20271-017,MASTERS RESEARCH OR PROJE,Industrial Engineering and Operations Research,IEOR,https://doc.sis.columbia.edu/subj/IEOR/E4900-20271-017/,,In-Person,Engineering:Graduate,1-3,,,20271IEOR4900E017,INDEPENDENT
IEOR E4900,MASTERS RESEARCH OR PROJECT,"Prerequisite(s): Approval by a faculty member who agrees to supervise the work. Independent work involving experiments, computer programming, analytical investigation, or engineering design.",Yaren Kaya,,,10109,,E4900-20271-018,MASTERS RESEARCH OR PROJE,Industrial Engineering and Operations Research,IEOR,https://doc.sis.columbia.edu/subj/IEOR/E4900-20271-018/,,In-Person,Engineering:Graduate,1-3,,,20271IEOR4900E018,INDEPENDENT
IEOR E4900,MASTERS RESEARCH OR PROJECT,"Prerequisite(s): Approval by a faculty member who agrees to supervise the work. Independent work involving experiments, computer programming, analytical investigation, or engineering design.",Christian Kroer,,,10110,,E4900-20271-019,MASTERS RESEARCH OR PROJE,Industrial Engineering and Operations Research,IEOR,https://doc.sis.columbia.edu/subj/IEOR/E4900-20271-019/,,In-Person,Engineering:Graduate,1-3,,,20271IEOR4900E019,INDEPENDENT
IEOR E4900,MASTERS RESEARCH OR PROJECT,"Prerequisite(s): Approval by a faculty member who agrees to supervise the work. Independent work involving experiments, computer programming, analytical investigation, or engineering design.",Daniel Lacker,,,10111,,E4900-20271-020,MASTERS RESEARCH OR PROJE,Industrial Engineering and Operations Research,IEOR,https://doc.sis.columbia.edu/subj/IEOR/E4900-20271-020/,,In-Person,Engineering:Graduate,1-3,,,20271IEOR4900E020,INDEPENDENT
IEOR E4900,MASTERS RESEARCH OR PROJECT,"Prerequisite(s): Approval by a faculty member who agrees to supervise the work. Independent work involving experiments, computer programming, analytical investigation, or engineering design.",Henry Lam,,,10112,,E4900-20271-021,MASTERS RESEARCH OR PROJE,Industrial Engineering and Operations Research,IEOR,https://doc.sis.columbia.edu/subj/IEOR/E4900-20271-021/,,In-Person,Engineering:Graduate,1-3,,,20271IEOR4900E021,INDEPENDENT
IEOR E4900,MASTERS RESEARCH OR PROJECT,"Prerequisite(s): Approval by a faculty member who agrees to supervise the work. Independent work involving experiments, computer programming, analytical investigation, or engineering design.",Fabrizio Lecci,,,10113,,E4900-20271-022,MASTERS RESEARCH OR PROJE,Industrial Engineering and Operations Research,IEOR,https://doc.sis.columbia.edu/subj/IEOR/E4900-20271-022/,,In-Person,Engineering:Graduate,1-3,,,20271IEOR4900E022,INDEPENDENT
IEOR E4900,MASTERS RESEARCH OR PROJECT,"Prerequisite(s): Approval by a faculty member who agrees to supervise the work. Independent work involving experiments, computer programming, analytical investigation, or engineering design.",Tianyi Lin,,,10114,,E4900-20271-023,MASTERS RESEARCH OR PROJE,Industrial Engineering and Operations Research,IEOR,https://doc.sis.columbia.edu/subj/IEOR/E4900-20271-023/,,In-Person,Engineering:Graduate,1-3,,,20271IEOR4900E023,INDEPENDENT
IEOR E4900,MASTERS RESEARCH OR PROJECT,"Prerequisite(s): Approval by a faculty member who agrees to supervise the work. Independent work involving experiments, computer programming, analytical investigation, or engineering design.",Uday Menon,,,10115,,E4900-20271-024,MASTERS RESEARCH OR PROJE,Industrial Engineering and Operations Research,IEOR,https://doc.sis.columbia.edu/subj/IEOR/E4900-20271-024/,,In-Person,Engineering:Graduate,1-3,,,20271IEOR4900E024,INDEPENDENT
IEOR E4900,MASTERS RESEARCH OR PROJECT,"Prerequisite(s): Approval by a faculty member who agrees to supervise the work. Independent work involving experiments, computer programming, analytical investigation, or engineering design.",Bento Natura,,,10116,,E4900-20271-025,MASTERS RESEARCH OR PROJE,Industrial Engineering and Operations Research,IEOR,https://doc.sis.columbia.edu/subj/IEOR/E4900-20271-025/,,In-Person,Engineering:Graduate,1-3,,,20271IEOR4900E025,INDEPENDENT
IEOR E4900,MASTERS RESEARCH OR PROJECT,"Prerequisite(s): Approval by a faculty member who agrees to supervise the work. Independent work involving experiments, computer programming, analytical investigation, or engineering design.",Jay Sethuraman,,,10117,,E4900-20271-026,MASTERS RESEARCH OR PROJE,Industrial Engineering and Operations Research,IEOR,https://doc.sis.columbia.edu/subj/IEOR/E4900-20271-026/,,In-Person,Engineering:Graduate,1-3,,,20271IEOR4900E026,INDEPENDENT
IEOR E4900,MASTERS RESEARCH OR PROJECT,"Prerequisite(s): Approval by a faculty member who agrees to supervise the work. Independent work involving experiments, computer programming, analytical investigation, or engineering design.",Eric Stratman,,,10118,,E4900-20271-027,MASTERS RESEARCH OR PROJE,Industrial Engineering and Operations Research,IEOR,https://doc.sis.columbia.edu/subj/IEOR/E4900-20271-027/,,In-Person,Engineering:Graduate,1-3,,,20271IEOR4900E027,INDEPENDENT
IEOR E4900,MASTERS RESEARCH OR PROJECT,"Prerequisite(s): Approval by a faculty member who agrees to supervise the work. Independent work involving experiments, computer programming, analytical investigation, or engineering design.",Clifford Stein,,,10119,,E4900-20271-028,MASTERS RESEARCH OR PROJE,Industrial Engineering and Operations Research,IEOR,https://doc.sis.columbia.edu/subj/IEOR/E4900-20271-028/,,In-Person,Engineering:Graduate,1-3,,,20271IEOR4900E028,INDEPENDENT
IEOR E4900,MASTERS RESEARCH OR PROJECT,"Prerequisite(s): Approval by a faculty member who agrees to supervise the work. Independent work involving experiments, computer programming, analytical investigation, or engineering design.",Wenpin Tang,,,10120,,E4900-20271-029,MASTERS RESEARCH OR PROJE,Industrial Engineering and Operations Research,IEOR,https://doc.sis.columbia.edu/subj/IEOR/E4900-20271-029/,,In-Person,Engineering:Graduate,1-3,,,20271IEOR4900E029,INDEPENDENT
IEOR E4900,MASTERS RESEARCH OR PROJECT,"Prerequisite(s): Approval by a faculty member who agrees to supervise the work. Independent work involving experiments, computer programming, analytical investigation, or engineering design.",Harry West,,,10121,,E4900-20271-030,MASTERS RESEARCH OR PROJE,Industrial Engineering and Operations Research,IEOR,https://doc.sis.columbia.edu/subj/IEOR/E4900-20271-030/,,In-Person,Engineering:Graduate,1-3,,,20271IEOR4900E030,INDEPENDENT
IEOR E4900,MASTERS RESEARCH OR PROJECT,"Prerequisite(s): Approval by a faculty member who agrees to supervise the work. Independent work involving experiments, computer programming, analytical investigation, or engineering design.",Kaizheng Wang,,,10122,,E4900-20271-031,MASTERS RESEARCH OR PROJE,Industrial Engineering and Operations Research,IEOR,https://doc.sis.columbia.edu/subj/IEOR/E4900-20271-031/,,In-Person,Engineering:Graduate,1-3,,,20271IEOR4900E031,INDEPENDENT
IEOR E4900,MASTERS RESEARCH OR PROJECT,"Prerequisite(s): Approval by a faculty member who agrees to supervise the work. Independent work involving experiments, computer programming, analytical investigation, or engineering design.",Lily Xu,,,10123,,E4900-20271-032,MASTERS RESEARCH OR PROJE,Industrial Engineering and Operations Research,IEOR,https://doc.sis.columbia.edu/subj/IEOR/E4900-20271-032/,,In-Person,Engineering:Graduate,1-3,,,20271IEOR4900E032,INDEPENDENT
IEOR E4900,MASTERS RESEARCH OR PROJECT,"Prerequisite(s): Approval by a faculty member who agrees to supervise the work. Independent work involving experiments, computer programming, analytical investigation, or engineering design.",David D Yao,,,10124,,E4900-20271-033,MASTERS RESEARCH OR PROJE,Industrial Engineering and Operations Research,IEOR,https://doc.sis.columbia.edu/subj/IEOR/E4900-20271-033/,,In-Person,,1-3,,,20271IEOR4900E033,INDEPENDENT
IEOR E4900,MASTERS RESEARCH OR PROJECT,"Prerequisite(s): Approval by a faculty member who agrees to supervise the work. Independent work involving experiments, computer programming, analytical investigation, or engineering design.",Yi Zhang,,,10125,,E4900-20271-034,MASTERS RESEARCH OR PROJE,Industrial Engineering and Operations Research,IEOR,https://doc.sis.columbia.edu/subj/IEOR/E4900-20271-034/,,In-Person,,1-3,,,20271IEOR4900E034,INDEPENDENT
IEOR E4900,MASTERS RESEARCH OR PROJECT,"Prerequisite(s): Approval by a faculty member who agrees to supervise the work. Independent work involving experiments, computer programming, analytical investigation, or engineering design.",Xunyu Zhou,,,10126,,E4900-20271-035,MASTERS RESEARCH OR PROJE,Industrial Engineering and Operations Research,IEOR,https://doc.sis.columbia.edu/subj/IEOR/E4900-20271-035/,,In-Person,,1-3,,,20271IEOR4900E035,INDEPENDENT
IEOR E4900,MASTERS RESEARCH OR PROJECT,"Prerequisite(s): Approval by a faculty member who agrees to supervise the work. Independent work involving experiments, computer programming, analytical investigation, or engineering design.",,,,10127,,E4900-20271-036,MASTERS RESEARCH OR PROJE,Industrial Engineering and Operations Research,IEOR,https://doc.sis.columbia.edu/subj/IEOR/E4900-20271-036/,,In-Person,,1-3,,,20271IEOR4900E036,INDEPENDENT
IEOR E4900,MASTERS RESEARCH OR PROJECT,"Prerequisite(s): Approval by a faculty member who agrees to supervise the work. Independent work involving experiments, computer programming, analytical investigation, or engineering design.",Garud Iyengar,,,10134,,E4900-20271-013,MASTERS RESEARCH OR PROJE,Industrial Engineering and Operations Research,IEOR,https://doc.sis.columbia.edu/subj/IEOR/E4900-20271-013/,,In-Person,Engineering:Graduate,1-3,,,20271IEOR4900E013,INDEPENDENT
IEOR E9101,RESEARCH,"Before registering, the student must submit an outline of the proposed work for approval by the supervisor and the chair of the Department. Advanced study in a specialized field under the supervision of a member of the department staff. May be repeated for credit.",Anish Agarwal,,,10128,,E9101-20271-001,,Industrial Engineering and Operations Research,IEOR,https://doc.sis.columbia.edu/subj/IEOR/E9101-20271-001/,,In-Person,,1-6,,,20271IEOR9101E001,INDEPENDENT
IEOR E9101,RESEARCH,"Before registering, the student must submit an outline of the proposed work for approval by the supervisor and the chair of the Department. Advanced study in a specialized field under the supervision of a member of the department staff. May be repeated for credit.",Shipra Agrawal,,,10129,,E9101-20271-002,,Industrial Engineering and Operations Research,IEOR,https://doc.sis.columbia.edu/subj/IEOR/E9101-20271-002/,,In-Person,,1-6,,,20271IEOR9101E002,INDEPENDENT
IEOR E9101,RESEARCH,"Before registering, the student must submit an outline of the proposed work for approval by the supervisor and the chair of the Department. Advanced study in a specialized field under the supervision of a member of the department staff. May be repeated for credit.",Eric Balkanski,,,10130,,E9101-20271-003,,Industrial Engineering and Operations Research,IEOR,https://doc.sis.columbia.edu/subj/IEOR/E9101-20271-003/,,In-Person,,1-6,,,20271IEOR9101E003,INDEPENDENT
IEOR E9101,RESEARCH,"Before registering, the student must submit an outline of the proposed work for approval by the supervisor and the chair of the Department. Advanced study in a specialized field under the supervision of a member of the department staff. May be repeated for credit.",Daniel Bienstock,,,10131,,E9101-20271-004,,Industrial Engineering and Operations Research,IEOR,https://doc.sis.columbia.edu/subj/IEOR/E9101-20271-004/,,In-Person,,1-6,,,20271IEOR9101E004,INDEPENDENT
IEOR E9101,RESEARCH,"Before registering, the student must submit an outline of the proposed work for approval by the supervisor and the chair of the Department. Advanced study in a specialized field under the supervision of a member of the department staff. May be repeated for credit.",Agostino Capponi,,,10132,,E9101-20271-005,,Industrial Engineering and Operations Research,IEOR,https://doc.sis.columbia.edu/subj/IEOR/E9101-20271-005/,,In-Person,,1-6,,,20271IEOR9101E005,INDEPENDENT
IEOR E9101,RESEARCH,"Before registering, the student must submit an outline of the proposed work for approval by the supervisor and the chair of the Department. Advanced study in a specialized field under the supervision of a member of the department staff. May be repeated for credit.",Rachel Cummings,,,10133,,E9101-20271-006,,Industrial Engineering and Operations Research,IEOR,https://doc.sis.columbia.edu/subj/IEOR/E9101-20271-006/,,In-Person,,1-6,,,20271IEOR9101E006,INDEPENDENT
IEOR E9101,RESEARCH,"Before registering, the student must submit an outline of the proposed work for approval by the supervisor and the chair of the Department. Advanced study in a specialized field under the supervision of a member of the department staff. May be repeated for credit.",Antonius B Dieker,,,10135,,E9101-20271-007,,Industrial Engineering and Operations Research,IEOR,https://doc.sis.columbia.edu/subj/IEOR/E9101-20271-007/,,In-Person,,1-6,,,20271IEOR9101E007,INDEPENDENT
IEOR E9101,RESEARCH,"Before registering, the student must submit an outline of the proposed work for approval by the supervisor and the chair of the Department. Advanced study in a specialized field under the supervision of a member of the department staff. May be repeated for credit.",Adam N Elmachtoub,,,10136,,E9101-20271-008,,Industrial Engineering and Operations Research,IEOR,https://doc.sis.columbia.edu/subj/IEOR/E9101-20271-008/,,In-Person,,1-6,,,20271IEOR9101E008,INDEPENDENT
IEOR E9101,RESEARCH,"Before registering, the student must submit an outline of the proposed work for approval by the supervisor and the chair of the Department. Advanced study in a specialized field under the supervision of a member of the department staff. May be repeated for credit.",Yuri Faenza,,,10137,,E9101-20271-009,,Industrial Engineering and Operations Research,IEOR,https://doc.sis.columbia.edu/subj/IEOR/E9101-20271-009/,,In-Person,,1-6,,,20271IEOR9101E009,INDEPENDENT
IEOR E9101,RESEARCH,"Before registering, the student must submit an outline of the proposed work for approval by the supervisor and the chair of the Department. Advanced study in a specialized field under the supervision of a member of the department staff. May be repeated for credit.",Vineet Goyal,,,10138,,E9101-20271-010,,Industrial Engineering and Operations Research,IEOR,https://doc.sis.columbia.edu/subj/IEOR/E9101-20271-010/,,In-Person,,1-6,,,20271IEOR9101E010,INDEPENDENT
IEOR E9101,RESEARCH,"Before registering, the student must submit an outline of the proposed work for approval by the supervisor and the chair of the Department. Advanced study in a specialized field under the supervision of a member of the department staff. May be repeated for credit.",Ali Hirsa,,,10139,,E9101-20271-011,,Industrial Engineering and Operations Research,IEOR,https://doc.sis.columbia.edu/subj/IEOR/E9101-20271-011/,,In-Person,,1-6,,,20271IEOR9101E011,INDEPENDENT
IEOR E9101,RESEARCH,"Before registering, the student must submit an outline of the proposed work for approval by the supervisor and the chair of the Department. Advanced study in a specialized field under the supervision of a member of the department staff. May be repeated for credit.",Anran Hu,,,10140,,E9101-20271-012,,Industrial Engineering and Operations Research,IEOR,https://doc.sis.columbia.edu/subj/IEOR/E9101-20271-012/,,In-Person,,1-6,,,20271IEOR9101E012,INDEPENDENT
IEOR E9101,RESEARCH,"Before registering, the student must submit an outline of the proposed work for approval by the supervisor and the chair of the Department. Advanced study in a specialized field under the supervision of a member of the department staff. May be repeated for credit.",Garud Iyengar,,,10141,,E9101-20271-014,,Industrial Engineering and Operations Research,IEOR,https://doc.sis.columbia.edu/subj/IEOR/E9101-20271-014/,,In-Person,,1-6,,,20271IEOR9101E014,INDEPENDENT
IEOR E9101,RESEARCH,"Before registering, the student must submit an outline of the proposed work for approval by the supervisor and the chair of the Department. Advanced study in a specialized field under the supervision of a member of the department staff. May be repeated for credit.",Hardeep Johar,,,10142,,E9101-20271-015,,Industrial Engineering and Operations Research,IEOR,https://doc.sis.columbia.edu/subj/IEOR/E9101-20271-015/,,In-Person,,1-6,,,20271IEOR9101E015,INDEPENDENT
IEOR E9101,RESEARCH,"Before registering, the student must submit an outline of the proposed work for approval by the supervisor and the chair of the Department. Advanced study in a specialized field under the supervision of a member of the department staff. May be repeated for credit.",Cedric Josz,,,10143,,E9101-20271-016,,Industrial Engineering and Operations Research,IEOR,https://doc.sis.columbia.edu/subj/IEOR/E9101-20271-016/,,In-Person,,1-6,,,20271IEOR9101E016,INDEPENDENT
IEOR E9101,RESEARCH,"Before registering, the student must submit an outline of the proposed work for approval by the supervisor and the chair of the Department. Advanced study in a specialized field under the supervision of a member of the department staff. May be repeated for credit.",Soulaymane Kachani,,,10144,,E9101-20271-017,,Industrial Engineering and Operations Research,IEOR,https://doc.sis.columbia.edu/subj/IEOR/E9101-20271-017/,,In-Person,,1-6,,,20271IEOR9101E017,INDEPENDENT
IEOR E9101,RESEARCH,"Before registering, the student must submit an outline of the proposed work for approval by the supervisor and the chair of the Department. Advanced study in a specialized field under the supervision of a member of the department staff. May be repeated for credit.",Yaren Kaya,,,10145,,E9101-20271-018,,Industrial Engineering and Operations Research,IEOR,https://doc.sis.columbia.edu/subj/IEOR/E9101-20271-018/,,In-Person,,1-6,,,20271IEOR9101E018,INDEPENDENT
IEOR E9101,RESEARCH,"Before registering, the student must submit an outline of the proposed work for approval by the supervisor and the chair of the Department. Advanced study in a specialized field under the supervision of a member of the department staff. May be repeated for credit.",Christian Kroer,,,10146,,E9101-20271-019,,Industrial Engineering and Operations Research,IEOR,https://doc.sis.columbia.edu/subj/IEOR/E9101-20271-019/,,In-Person,,1-6,,,20271IEOR9101E019,INDEPENDENT
IEOR E9101,RESEARCH,"Before registering, the student must submit an outline of the proposed work for approval by the supervisor and the chair of the Department. Advanced study in a specialized field under the supervision of a member of the department staff. May be repeated for credit.",Daniel Lacker,,,10147,,E9101-20271-020,,Industrial Engineering and Operations Research,IEOR,https://doc.sis.columbia.edu/subj/IEOR/E9101-20271-020/,,In-Person,,1-6,,,20271IEOR9101E020,INDEPENDENT
IEOR E9101,RESEARCH,"Before registering, the student must submit an outline of the proposed work for approval by the supervisor and the chair of the Department. Advanced study in a specialized field under the supervision of a member of the department staff. May be repeated for credit.",Henry Lam,,,10148,,E9101-20271-021,,Industrial Engineering and Operations Research,IEOR,https://doc.sis.columbia.edu/subj/IEOR/E9101-20271-021/,,In-Person,,1-6,,,20271IEOR9101E021,INDEPENDENT
IEOR E9101,RESEARCH,"Before registering, the student must submit an outline of the proposed work for approval by the supervisor and the chair of the Department. Advanced study in a specialized field under the supervision of a member of the department staff. May be repeated for credit.",Fabrizio Lecci,,,10149,,E9101-20271-022,,Industrial Engineering and Operations Research,IEOR,https://doc.sis.columbia.edu/subj/IEOR/E9101-20271-022/,,In-Person,,1-6,,,20271IEOR9101E022,INDEPENDENT
IEOR E9101,RESEARCH,"Before registering, the student must submit an outline of the proposed work for approval by the supervisor and the chair of the Department. Advanced study in a specialized field under the supervision of a member of the department staff. May be repeated for credit.",Tianyi Lin,,,10150,,E9101-20271-023,,Industrial Engineering and Operations Research,IEOR,https://doc.sis.columbia.edu/subj/IEOR/E9101-20271-023/,,In-Person,,1-6,,,20271IEOR9101E023,INDEPENDENT
IEOR E9101,RESEARCH,"Before registering, the student must submit an outline of the proposed work for approval by the supervisor and the chair of the Department. Advanced study in a specialized field under the supervision of a member of the department staff. May be repeated for credit.",Uday Menon,,,10151,,E9101-20271-024,,Industrial Engineering and Operations Research,IEOR,https://doc.sis.columbia.edu/subj/IEOR/E9101-20271-024/,,In-Person,,1-6,,,20271IEOR9101E024,INDEPENDENT
IEOR E9101,RESEARCH,"Before registering, the student must submit an outline of the proposed work for approval by the supervisor and the chair of the Department. Advanced study in a specialized field under the supervision of a member of the department staff. May be repeated for credit.",Bento Natura,,,10152,,E9101-20271-025,,Industrial Engineering and Operations Research,IEOR,https://doc.sis.columbia.edu/subj/IEOR/E9101-20271-025/,,In-Person,,1-6,,,20271IEOR9101E025,INDEPENDENT
IEOR E9101,RESEARCH,"Before registering, the student must submit an outline of the proposed work for approval by the supervisor and the chair of the Department. Advanced study in a specialized field under the supervision of a member of the department staff. May be repeated for credit.",Jay Sethuraman,,,10153,,E9101-20271-026,,Industrial Engineering and Operations Research,IEOR,https://doc.sis.columbia.edu/subj/IEOR/E9101-20271-026/,,In-Person,,1-6,,,20271IEOR9101E026,INDEPENDENT
IEOR E9101,RESEARCH,"Before registering, the student must submit an outline of the proposed work for approval by the supervisor and the chair of the Department. Advanced study in a specialized field under the supervision of a member of the department staff. May be repeated for credit.",Eric Stratman,,,10154,,E9101-20271-027,,Industrial Engineering and Operations Research,IEOR,https://doc.sis.columbia.edu/subj/IEOR/E9101-20271-027/,,In-Person,,1-6,,,20271IEOR9101E027,INDEPENDENT
IEOR E9101,RESEARCH,"Before registering, the student must submit an outline of the proposed work for approval by the supervisor and the chair of the Department. Advanced study in a specialized field under the supervision of a member of the department staff. May be repeated for credit.",Clifford Stein,,,10155,,E9101-20271-028,,Industrial Engineering and Operations Research,IEOR,https://doc.sis.columbia.edu/subj/IEOR/E9101-20271-028/,,In-Person,,1-6,,,20271IEOR9101E028,INDEPENDENT
IEOR E9101,RESEARCH,"Before registering, the student must submit an outline of the proposed work for approval by the supervisor and the chair of the Department. Advanced study in a specialized field under the supervision of a member of the department staff. May be repeated for credit.",Wenpin Tang,,,10156,,E9101-20271-029,,Industrial Engineering and Operations Research,IEOR,https://doc.sis.columbia.edu/subj/IEOR/E9101-20271-029/,,In-Person,,1-6,,,20271IEOR9101E029,INDEPENDENT
IEOR E9101,RESEARCH,"Before registering, the student must submit an outline of the proposed work for approval by the supervisor and the chair of the Department. Advanced study in a specialized field under the supervision of a member of the department staff. May be repeated for credit.",Harry West,,,10157,,E9101-20271-030,,Industrial Engineering and Operations Research,IEOR,https://doc.sis.columbia.edu/subj/IEOR/E9101-20271-030/,,In-Person,,1-6,,,20271IEOR9101E030,INDEPENDENT
IEOR E9101,RESEARCH,"Before registering, the student must submit an outline of the proposed work for approval by the supervisor and the chair of the Department. Advanced study in a specialized field under the supervision of a member of the department staff. May be repeated for credit.",Kaizheng Wang,,,10158,,E9101-20271-031,,Industrial Engineering and Operations Research,IEOR,https://doc.sis.columbia.edu/subj/IEOR/E9101-20271-031/,,In-Person,,1-6,,,20271IEOR9101E031,INDEPENDENT
IEOR E9101,RESEARCH,"Before registering, the student must submit an outline of the proposed work for approval by the supervisor and the chair of the Department. Advanced study in a specialized field under the supervision of a member of the department staff. May be repeated for credit.",Lily Xu,,,10159,,E9101-20271-032,,Industrial Engineering and Operations Research,IEOR,https://doc.sis.columbia.edu/subj/IEOR/E9101-20271-032/,,In-Person,,1-6,,,20271IEOR9101E032,INDEPENDENT
IEOR E9101,RESEARCH,"Before registering, the student must submit an outline of the proposed work for approval by the supervisor and the chair of the Department. Advanced study in a specialized field under the supervision of a member of the department staff. May be repeated for credit.",David D Yao,,,10160,,E9101-20271-033,,Industrial Engineering and Operations Research,IEOR,https://doc.sis.columbia.edu/subj/IEOR/E9101-20271-033/,,In-Person,,1-6,,,20271IEOR9101E033,INDEPENDENT
IEOR E9101,RESEARCH,"Before registering, the student must submit an outline of the proposed work for approval by the supervisor and the chair of the Department. Advanced study in a specialized field under the supervision of a member of the department staff. May be repeated for credit.",Yi Zhang,,,10161,,E9101-20271-034,,Industrial Engineering and Operations Research,IEOR,https://doc.sis.columbia.edu/subj/IEOR/E9101-20271-034/,,In-Person,,1-6,,,20271IEOR9101E034,INDEPENDENT
IEOR E9101,RESEARCH,"Before registering, the student must submit an outline of the proposed work for approval by the supervisor and the chair of the Department. Advanced study in a specialized field under the supervision of a member of the department staff. May be repeated for credit.",Xunyu Zhou,,,10162,,E9101-20271-035,,Industrial Engineering and Operations Research,IEOR,https://doc.sis.columbia.edu/subj/IEOR/E9101-20271-035/,,In-Person,,1-6,,,20271IEOR9101E035,INDEPENDENT
IEOR E9101,RESEARCH,"Before registering, the student must submit an outline of the proposed work for approval by the supervisor and the chair of the Department. Advanced study in a specialized field under the supervision of a member of the department staff. May be repeated for credit.",Winsor Yang,,,10163,,E9101-20271-036,,Industrial Engineering and Operations Research,IEOR,https://doc.sis.columbia.edu/subj/IEOR/E9101-20271-036/,,In-Person,,1-6,,,20271IEOR9101E036,INDEPENDENT
IEOR E9101,RESEARCH,"Before registering, the student must submit an outline of the proposed work for approval by the supervisor and the chair of the Department. Advanced study in a specialized field under the supervision of a member of the department staff. May be repeated for credit.",Garud Iyengar,,,10165,,E9101-20271-013,,Industrial Engineering and Operations Research,IEOR,https://doc.sis.columbia.edu/subj/IEOR/E9101-20271-013/,,In-Person,,1-6,,,20271IEOR9101E013,INDEPENDENT
ITAL BC1002,ELEMENTARY ITALIAN II,"Ciao!
 I am so thrilled that you have chosen to study Italian at Barnard. This class marks the beginning of your journey through the wonderful language, history, and culture of Italy. I am hopeful that our time together will be fruitful, informative, and fun.
  
This document outlines the course objectives, requirements and policies for Elementary Italian 2.  I have chosen to outline these policies in English so that they are as clear as possible, but 
Italian is the official language of the course
, and classes will be conducted accordingly. Some English will be used at the beginning of the semester as we get to know each other, but it will be phased out over the course of our time together.",Emilia Gambardella,,,00708,,X1002-20271-001,,Italian @Barnard,ITAL,https://doc.sis.columbia.edu/subj/ITAL/X1002-20271-001/,,,,4,,,20271ITAL1002X001,LANGUAGE
ITAL BC1002,ELEMENTARY ITALIAN II,"Ciao!
 I am so thrilled that you have chosen to study Italian at Barnard. This class marks the beginning of your journey through the wonderful language, history, and culture of Italy. I am hopeful that our time together will be fruitful, informative, and fun.
  
This document outlines the course objectives, requirements and policies for Elementary Italian 2.  I have chosen to outline these policies in English so that they are as clear as possible, but 
Italian is the official language of the course
, and classes will be conducted accordingly. Some English will be used at the beginning of the semester as we get to know each other, but it will be phased out over the course of our time together.",Emilia Gambardella,,,00709,,X1002-20271-002,,Italian @Barnard,ITAL,https://doc.sis.columbia.edu/subj/ITAL/X1002-20271-002/,,,,4,,,20271ITAL1002X002,LANGUAGE
ITAL GU4503,ITL CULTRL ST II:WWI-PRESENT,"An interdisciplinary investigation into Italian culture and society in the years between World War I and the present. Drawing on historical analyses, literary texts, letters, film, cartoons, popular music, etc. the course examines some of the key problems and trends in the cultural and political history of the period. Lectures, discussion and required readings will be in English. Students with a knowledge of Italian are encouraged to read the primary literature in Italian.",Nelson Moe,,,00706,,G4503-20271-001,ITL CULTRL STUDIES II:WWI-PRE,Italian @Barnard,ITAL,https://doc.sis.columbia.edu/subj/ITAL/G4503-20271-001/,,,,3,,,20271ITAL4503G001,LECTURE
KORN BC1112,FIRST-YEAR KOREAN II,"This course is the second half of Elementary Korean (continuation of First-Year Korean I), designed to
 help beginners solidify their foundation in Korean language, structure, and culture. Building upon the
 skills established in the previous semester, students will continue to develop balanced proficiency in the
 interpersonal (communicative), interpretive (reading & listening), and presentational (formal spoken &
 written) modes, as well as cultural competence.",Hwanhee Kim,,,00689,,X1112-20271-001,,Asian and Middle East @Barnard,KORN,https://doc.sis.columbia.edu/subj/KORN/X1112-20271-001/,,,,5,,,20271KORN1112X001,LECTURE
LATN UN1102,ELEMENTARY LATIN II,"Prerequisites: LATN UN1101. A continuation of LATN UN1101, including a review of grammar and syntax for students whose study of Latin has been interrupted.",Darcy Krasne,,,00199,,V1102-20271-001,,Classics @Barnard,LATN,https://doc.sis.columbia.edu/subj/LATN/V1102-20271-001/,,,,4,"LATN UN1101
LATN UN1101",,20271LATN1102V001,LANGUAGE
LATN UN3310,LATIN LITERATURE SELECTIONS,"Prerequisites: LATN UN2102 or the equivalent. Since the content of this course changes from year to year, it may be repeated for credit.",Darcy Krasne,,,00200,,V3310-20271-001,LATIN LITERATURE SELECTIO,Classics @Barnard,LATN,https://doc.sis.columbia.edu/subj/LATN/V3310-20271-001/,,,,3,LATN UN2102,,20271LATN3310V001,LECTURE
LING UN3101,INTRODUCTION TO LINGUISTICS,"An introduction to the study of language from a scientific perspective. The course is divided into three units: language as a system (sounds, morphology, syntax, and semantics), language in context (in space, time, and community), and language of the individual (psycholinguistics, errors, aphasia, neurology of language, and acquisition). Workload: lecture, weekly homework, and final examination.",Maya Barzilai,,,00570,,W3101-20271-001,INTRODUCTION TO LINGUISTI,Cognitive Science @Barnard,LING,https://doc.sis.columbia.edu/subj/LING/W3101-20271-001/,,,,3,,,20271LING3101W001,LECTURE
MATH BC2001,PERSPECTIVES IN MATHEMATICS,"Prerequisites: some calculus or the instructor's permission. Intended as an enrichment to the mathematics curriculum of the first years, this course introduces a variety of mathematical topics (such as three dimensional geometry, probability, number theory) that are often not discussed until later, and explains some current applications of mathematics in the sciences, technology and economics.",Dusa McDuff,,,00046,,X2001-20271-001,PERSPECTIVES IN MATHEMATI,Mathematics @Barnard,MATH,https://doc.sis.columbia.edu/subj/MATH/X2001-20271-001/,,,,1,,,20271MATH2001X001,LECTURE
MATH GR6000,THE TEACHING OF MATHEMATICS,"A seminar required of all incoming graduate students, designed to instill effective teaching techniques.",George Dragomir,,,10047,,G6000-20271-001,THE TEACHING OF MATHEMATI,Mathematics,MATH,https://doc.sis.columbia.edu/subj/MATH/G6000-20271-001/,,In-Person,GSAS,0,,,20271MATH6000G001,SEMINAR
MATH GR6152,ANALYSIS II,Continuation of MATH GR6151x (see Fall listing).,Ovidiu Savin,,,10048,,G6152-20271-001,,Mathematics,MATH,https://doc.sis.columbia.edu/subj/MATH/G6152-20271-001/,,In-Person,GSAS,4.5,MATH GR6151,,20271MATH6152G001,LECTURE
MATH GR6153,PROBABILITY II,Prerequisites: MATH GR6151 MATH G4151 Analysis & Probability I. Continuation of MATH GR6152x (see fall listing).,Ioannis Karatzas,,,10049,,G6153-20271-001,,Mathematics,MATH,https://doc.sis.columbia.edu/subj/MATH/G6153-20271-001/,,In-Person,GSAS,4.5,"MATH G4151
MATH GR6151
MATH GR6152",,20271MATH6153G001,LECTURE
MATH GR6176,COMPLEX ANALYSIS/RIEMANN SURF,Continuation of MATH GR6175x (see Fall listing).,Duong H Phong,,,10050,,G6176-20271-001,COMPLEX ANALYSIS/RIEMANN,Mathematics,MATH,https://doc.sis.columbia.edu/subj/MATH/G6176-20271-001/,,In-Person,GSAS,4.5,MATH GR6175,,20271MATH6176G001,LECTURE
MATH GR6262,ARITH & ALGEBRAIC GEOMETRY,Affine and projective varieties; schemes; morphisms; sheaves; divisors; cohomology theory; curves; Riemann-Roch theorem.,Aise Johan de Jong,,,10051,,G6262-20271-001,ARITH & ALGEBRAIC GEOMETR,Mathematics,MATH,https://doc.sis.columbia.edu/subj/MATH/G6262-20271-001/,,In-Person,GSAS,4.5,,,20271MATH6262G001,LECTURE
MATH GR6263,TOPICS IN ALGEBRAIC GEOMETRY,,Robert D Friedman,,,10052,,G6263-20271-001,TOPICS IN ALGEBRAIC GEOME,Mathematics,MATH,https://doc.sis.columbia.edu/subj/MATH/G6263-20271-001/,,In-Person,GSAS,4.5,,,20271MATH6263G001,LECTURE
MATH GR6308,ALGEBRAIC TOPOLOGY II,Continuation of MATH GR6307x (see Fall listing).,Francesco Lin,,,10053,,G6308-20271-001,,Mathematics,MATH,https://doc.sis.columbia.edu/subj/MATH/G6308-20271-001/,,In-Person,GSAS,4.5,MATH GR6307,,20271MATH6308G001,LECTURE
MATH GR6344,LIE GROUPS & REPRESENTATIONS,Continuation of MATH GR6343x (see Fall listing).,Andrei Okounkov,,,10054,,G6344-20271-001,LIE GROUPS & REPRESENTATI,Mathematics,MATH,https://doc.sis.columbia.edu/subj/MATH/G6344-20271-001/,,In-Person,GSAS,4.5,MATH GR6343,,20271MATH6344G001,LECTURE
MATH GR6403,MODERN GEOMETRY,Continuation of Mathematics GR6402x (see Fall listing).,Simon Brendle,,,10055,,G6403-20271-001,,Mathematics,MATH,https://doc.sis.columbia.edu/subj/MATH/G6403-20271-001/,,In-Person,GSAS,4.5,GR6402,,20271MATH6403G001,LECTURE
MATH GR6657,ALGEBRAIC NUMBER THEORY,"Local and global fields, group cohomology, local class field theory, global class field theory and applications.",Eric Urban,,,10056,,G6657-20271-001,,Mathematics,MATH,https://doc.sis.columbia.edu/subj/MATH/G6657-20271-001/,,In-Person,GSAS,4.5,,,20271MATH6657G001,LECTURE
MATH GU4007,ANALYTIC NUMBER THEORY,"Prerequisites: MATH UN3007 A one semeser course covering the theory of modular forms, zeta functions, L -functions, and the Riemann hypothesis. Particular topics covered include the Riemann zeta function, the prime number theorem, Dirichlet characters, Dirichlet L-functions, Siegel zeros, prime number theorem for arithmetic progressions, SL (2, Z) and subgroups, quotients of the upper half-plane and cusps, modular forms, Fourier expansions of modular forms, Hecke operators, L-functions of modular forms.",Dorian Goldfeld,,,10036,,W4007-20271-001,,Mathematics,MATH,https://doc.sis.columbia.edu/subj/MATH/W4007-20271-001/,,In-Person,,3,MATH UN3007,,20271MATH4007W001,LECTURE
MATH GU4041,INTRO MODERN ALGEBRA I,"Prerequisites: MATH UN1102 and MATH UN1202 and MATH UN2010 or the equivalent. The second term of this course may not be taken without the first. Groups, homomorphisms, normal subgroups, the isomorphism theorems, symmetric groups, group actions, the Sylow theorems, finitely generated abelian groups.",Myungsin Cho,,,10037,,W4041-20271-001,,Mathematics,MATH,https://doc.sis.columbia.edu/subj/MATH/W4041-20271-001/,,In-Person,,3,"MATH UN1102
MATH UN1202
MATH UN2010",,20271MATH4041W001,LECTURE
MATH GU4042,INTRO MODERN ALGEBRA II,"Prerequisites: MATH UN1102 and MATH UN1202 and MATH UN2010 or the equivalent. The second term of this course may not be taken without the first. Rings, homomorphisms, ideals, integral and Euclidean domains, the division algorithm, principal ideal and unique factorization domains, fields, algebraic and transcendental extensions, splitting fields, finite fields, Galois theory.",Michael Thaddeus,,,10038,,W4042-20271-001,,Mathematics,MATH,https://doc.sis.columbia.edu/subj/MATH/W4042-20271-001/,,In-Person,,3,"MATH UN1102
MATH UN1202
MATH UN2010",,20271MATH4042W001,LECTURE
MATH GU4043,ALGEBRAIC NUMBER THEORY,"Prerequisites: MATH GU4041 and MATH GU4042 or the equivalent Algebraic number fields, unique factorization of ideals in the ring of algebraic integers in the field into prime ideals. Dirichlet unit theorem, finiteness of the class number, ramification. If time permits, p-adic numbers and Dedekind zeta function.",,,,10039,,W4043-20271-001,,Mathematics,MATH,https://doc.sis.columbia.edu/subj/MATH/W4043-20271-001/,,In-Person,,3,"MATH GU4041
MATH GU4042",,20271MATH4043W001,LECTURE
MATH GU4045,ALGEBRAIC CURVES,"Prerequisites: (MATH GU4041 and MATH GU4042) and MATH UN3007 Plane curves, affine and projective varieties, singularities, normalization, Riemann surfaces, divisors, linear systems, Riemann-Roch theorem.",Yoonjoo Kim,,,10040,,W4045-20271-001,,Mathematics,MATH,https://doc.sis.columbia.edu/subj/MATH/W4045-20271-001/,,In-Person,,3,"MATH GU4041
MATH GU4042
MATH UN3007",,20271MATH4045W001,LECTURE
MATH GU4052,INTRODUCTION TO KNOT THEORY,"Prerequisites: MATH GU4051 Topology and / or MATH GU4061 Introduction To Modern Analysis I (or equivalents). Recommended (can be taken concurrently): MATH UN2010 linear algebra, or equivalent. The study of algebraic and geometric properties of knots in R^3, including but not limited to knot projections and Reidemeisters theorm, Seifert surfaces, braids, tangles, knot polynomials, fundamental group of knot complements. Depending on time and student interest, we will discuss more advanced topics like knot concordance, relationship to 3-manifold topology, other algebraic knot invariants.",Deeparaj Bhat,,,10041,,W4052-20271-001,INTRODUCTION TO KNOT THEO,Mathematics,MATH,https://doc.sis.columbia.edu/subj/MATH/W4052-20271-001/,,In-Person,,3,"MATH GU4051
MATH GU4061
MATH UN2010",,20271MATH4052W001,LECTURE
MATH GU4053,INTRO TO ALGEBRAIC TOPOLOGY,"Prerequisites: MATH UN2010 and MATH GU4041 and MATH GU4051 The study of topological spaces from algebraic properties, including the essentials of homology and the fundamental group. The Brouwer fixed point theorem. The homology of surfaces. Covering spaces.",Soren Galatius,,,10042,,W4053-20271-001,INTRO TO ALGEBRAIC TOPOLO,Mathematics,MATH,https://doc.sis.columbia.edu/subj/MATH/W4053-20271-001/,,In-Person,,3,"MATH GU4041
MATH GU4051
MATH UN2010",,20271MATH4053W001,LECTURE
MATH GU4061,INTRO MODERN ANALYSIS I,"Prerequisites: MATH UN1202 or the equivalent, and MATH UN2010. The second term of this course may not be taken without the first. Real numbers, metric spaces, elements of general topology, sequences and series, continuity, differentiation, integration, uniform convergence, Ascoli-Arzela theorem, Stone-Weierstrass theorem.",Sven Hirsch,,,10043,,W4061-20271-001,,Mathematics,MATH,https://doc.sis.columbia.edu/subj/MATH/W4061-20271-001/,,In-Person,,3,"MATH UN1202
MATH UN2010",,20271MATH4061W001,LECTURE
MATH GU4062,INTRO MODERN ANALYSIS II,"The second term of this course may not be taken without the first. Power series, analytic functions, Implicit function theorem, Fubini theorem, change of variables formula, Lebesgue measure and integration, function spaces.",,,,10044,,W4062-20271-001,,Mathematics,MATH,https://doc.sis.columbia.edu/subj/MATH/W4062-20271-001/,,In-Person,,3,,,20271MATH4062W001,LECTURE
MATH GU4081,INTRO-DIFFERENTIABLE MANIFOLDS,Prerequisites: (MATH GU4051 or MATH GU4061) and MATH UN2010 Concept of a differentiable manifold. Tangent spaces and vector fields. The inverse function theorem. Transversality and Sards theorem. Intersection theory. Orientations. Poincare-Hopf theorem. Differential forms and Stokes theorem.,Faculty,,,00055,,W4081-20271-001,INTRO-DIFFERENTIABLE MANI,Mathematics @Barnard,MATH,https://doc.sis.columbia.edu/subj/MATH/W4081-20271-001/,,,,3,"MATH GU4051
MATH GU4061
MATH UN2010",,20271MATH4081W001,LECTURE
MATH GU4155,PROBABILITY THEORY,"Prerequisites: MATH GU4061 or MATH UN3007 A rigorous introduction to the concepts and methods of mathematical probability starting with basic notions and making use of combinatorial and analytic techniques. Generating functions. Convergence in probability and in distribution. Discrete probability spaces, recurrence and transience of random walks. Infinite models, proof of the law of large numbers and the central limit theorem. Markov chains.",Julien Dubedat,,,10045,,W4155-20271-001,,Mathematics,MATH,https://doc.sis.columbia.edu/subj/MATH/W4155-20271-001/,,In-Person,,3,"MATH GU4061
MATH UN3007",,20271MATH4155W001,LECTURE
MATH GU4200,MATHEMATICS AND THE HUMANITIES,"This course is being taught by two senior faculty members who are theorists and practitioners in disciplines as different as mathematics and literary criticism. The instructors believe that in today's world, the different ways in which theoretical mathematics and literary criticism mold the imaginations of students and scholars, should be brought together, so that the robust ethical imagination that is needed to combat the disintegration of our world can be produced. Except for the length of novels, the reading is no more than 100 pages a week.
  
Our general approach is to keep alive the disciplinary differences between literary/philosophical (humanities) reading and mathematical writing.  Some preliminary questions we have considered are: the survival skills of the logicist school over against the Foundational Crisis of the early 20th century; by way of Wittgenstein and others, we ask, Are mathematical objects real? Or are they linguistic conventions? We will consider the literary/philosophical use of mathematics, often by imaginative analogy; and the role of the digital imagination in the humanities: Can so-called creative work as well as mathematics be written by machines? Guest faculty from other departments will teach with us to help students and instructors understand various topics.  We will close with how a novel animates “science” in prose, stepping out of the silo of disciplinary mathematics to the arena where mathematics is considered a code-name for science: Christine Brooke-Rose’s novel 
Subscript
.",Michael Harris,,,10046,,W4200-20271-001,MATHEMATICS AND THE HUMAN,Mathematics,MATH,https://doc.sis.columbia.edu/subj/MATH/W4200-20271-001/,,In-Person,,4,,,20271MATH4200W001,SEMINAR
MATH UN1003,COLLEGE ALGEBRA-ANLYTC GEOMTRY,"Prerequisites: score of 550 on the mathematics portion of the SAT completed within the last year, or the appropriate grade on the General Studies Mathematics Placement Examination. For students who wish to study calculus but do not know analytic geometry. Algebra review, graphs and functions, polynomial functions, rational functions, conic sections, systems of equations in two variables, exponential and logarithmic functions, trigonometric functions and trigonometric identities, applications of trigonometry, sequences, series, and limits.
  
This course may not be taken for credit after the successful completion of any course in the Calculus sequence.",,,,10002,,W1003-20271-001,COLLEGE ALGEBRA-ANLYTC GE,Mathematics,MATH,https://doc.sis.columbia.edu/subj/MATH/W1003-20271-001/,,In-Person,,3,,,20271MATH1003W001,LECTURE
MATH UN1101,CALCULUS I,"Prerequisites: (see Courses for First-Year Students). Functions, limits, derivatives, introduction to integrals, or an understanding of pre-calculus will be assumed. (SC)",Dusa McDuff,,,00040,,V1101-20271-001,,Mathematics @Barnard,MATH,https://doc.sis.columbia.edu/subj/MATH/V1101-20271-001/,,,,3,,,20271MATH1101V001,LECTURE
MATH UN1101,CALCULUS I,"Prerequisites: (see Courses for First-Year Students). Functions, limits, derivatives, introduction to integrals, or an understanding of pre-calculus will be assumed. (SC)",Lindsay C Piechnik,,,00041,,V1101-20271-002,,Mathematics @Barnard,MATH,https://doc.sis.columbia.edu/subj/MATH/V1101-20271-002/,,,,3,,,20271MATH1101V002,LECTURE
MATH UN1101,CALCULUS I,"Prerequisites: (see Courses for First-Year Students). Functions, limits, derivatives, introduction to integrals, or an understanding of pre-calculus will be assumed. (SC)",Roger W Van Peski,,,10003,,V1101-20271-003,,Mathematics,MATH,https://doc.sis.columbia.edu/subj/MATH/V1101-20271-003/,,In-Person,,3,,,20271MATH1101V003,LECTURE
MATH UN1101,CALCULUS I,"Prerequisites: (see Courses for First-Year Students). Functions, limits, derivatives, introduction to integrals, or an understanding of pre-calculus will be assumed. (SC)",Roger W Van Peski,,,10004,,V1101-20271-004,,Mathematics,MATH,https://doc.sis.columbia.edu/subj/MATH/V1101-20271-004/,,In-Person,,3,,,20271MATH1101V004,LECTURE
MATH UN1101,CALCULUS I,"Prerequisites: (see Courses for First-Year Students). Functions, limits, derivatives, introduction to integrals, or an understanding of pre-calculus will be assumed. (SC)",,,,10005,,V1101-20271-005,,Mathematics,MATH,https://doc.sis.columbia.edu/subj/MATH/V1101-20271-005/,,In-Person,,3,,,20271MATH1101V005,LECTURE
MATH UN1102,CALCULUS II,"Prerequisites: MATH UN1101 or the equivalent. Methods of integration, applications of the integral, Taylors theorem, infinite series. (SC)",Lindsay C Piechnik,,,00042,,V1102-20271-001,,Mathematics @Barnard,MATH,https://doc.sis.columbia.edu/subj/MATH/V1102-20271-001/,,,,3,MATH UN1101,,20271MATH1102V001,LECTURE
MATH UN1102,CALCULUS II,"Prerequisites: MATH UN1101 or the equivalent. Methods of integration, applications of the integral, Taylors theorem, infinite series. (SC)",Lindsay C Piechnik,,,00043,,V1102-20271-002,,Mathematics @Barnard,MATH,https://doc.sis.columbia.edu/subj/MATH/V1102-20271-002/,,,,3,MATH UN1101,,20271MATH1102V002,LECTURE
MATH UN1102,CALCULUS II,"Prerequisites: MATH UN1101 or the equivalent. Methods of integration, applications of the integral, Taylors theorem, infinite series. (SC)",,,,10006,,V1102-20271-003,,Mathematics,MATH,https://doc.sis.columbia.edu/subj/MATH/V1102-20271-003/,,In-Person,,3,MATH UN1101,,20271MATH1102V003,LECTURE
MATH UN1102,CALCULUS II,"Prerequisites: MATH UN1101 or the equivalent. Methods of integration, applications of the integral, Taylors theorem, infinite series. (SC)",Lucy Yang,,,10007,,V1102-20271-004,,Mathematics,MATH,https://doc.sis.columbia.edu/subj/MATH/V1102-20271-004/,,In-Person,,3,MATH UN1101,,20271MATH1102V004,LECTURE
MATH UN1102,CALCULUS II,"Prerequisites: MATH UN1101 or the equivalent. Methods of integration, applications of the integral, Taylors theorem, infinite series. (SC)",Lucy Yang,,,10008,,V1102-20271-005,,Mathematics,MATH,https://doc.sis.columbia.edu/subj/MATH/V1102-20271-005/,,In-Person,,3,MATH UN1101,,20271MATH1102V005,LECTURE
MATH UN1201,CALCULUS III,"Prerequisites: MATH UN1101 or the equivalent Vectors in dimensions 2 and 3, complex numbers and the complex exponential function with applications to differential equations, Cramers rule, vector-valued functions of one variable, scalar-valued functions of several variables, partial derivatives, gradients, surfaces, optimization, the method of Lagrange multipliers. (SC)",Daniela de Silva,,,00044,,V1201-20271-001,,Mathematics @Barnard,MATH,https://doc.sis.columbia.edu/subj/MATH/V1201-20271-001/,,,,3,MATH UN1101,,20271MATH1201V001,LECTURE
MATH UN1201,CALCULUS III,"Prerequisites: MATH UN1101 or the equivalent Vectors in dimensions 2 and 3, complex numbers and the complex exponential function with applications to differential equations, Cramers rule, vector-valued functions of one variable, scalar-valued functions of several variables, partial derivatives, gradients, surfaces, optimization, the method of Lagrange multipliers. (SC)",Chris Ivanov,,,00045,,V1201-20271-002,,Mathematics @Barnard,MATH,https://doc.sis.columbia.edu/subj/MATH/V1201-20271-002/,,,,3,MATH UN1101,,20271MATH1201V002,LECTURE
MATH UN1201,CALCULUS III,"Prerequisites: MATH UN1101 or the equivalent Vectors in dimensions 2 and 3, complex numbers and the complex exponential function with applications to differential equations, Cramers rule, vector-valued functions of one variable, scalar-valued functions of several variables, partial derivatives, gradients, surfaces, optimization, the method of Lagrange multipliers. (SC)",Tang-Kai Lee,,,10009,,V1201-20271-004,,Mathematics,MATH,https://doc.sis.columbia.edu/subj/MATH/V1201-20271-004/,,In-Person,,3,MATH UN1101,,20271MATH1201V004,LECTURE
MATH UN1201,CALCULUS III,"Prerequisites: MATH UN1101 or the equivalent Vectors in dimensions 2 and 3, complex numbers and the complex exponential function with applications to differential equations, Cramers rule, vector-valued functions of one variable, scalar-valued functions of several variables, partial derivatives, gradients, surfaces, optimization, the method of Lagrange multipliers. (SC)",Tang-Kai Lee,,,10010,,V1201-20271-005,,Mathematics,MATH,https://doc.sis.columbia.edu/subj/MATH/V1201-20271-005/,,In-Person,,3,MATH UN1101,,20271MATH1201V005,LECTURE
MATH UN1201,CALCULUS III,"Prerequisites: MATH UN1101 or the equivalent Vectors in dimensions 2 and 3, complex numbers and the complex exponential function with applications to differential equations, Cramers rule, vector-valued functions of one variable, scalar-valued functions of several variables, partial derivatives, gradients, surfaces, optimization, the method of Lagrange multipliers. (SC)",,,,10011,,V1201-20271-006,,Mathematics,MATH,https://doc.sis.columbia.edu/subj/MATH/V1201-20271-006/,,In-Person,,3,MATH UN1101,,20271MATH1201V006,LECTURE
MATH UN1201,CALCULUS III,"Prerequisites: MATH UN1101 or the equivalent Vectors in dimensions 2 and 3, complex numbers and the complex exponential function with applications to differential equations, Cramers rule, vector-valued functions of one variable, scalar-valued functions of several variables, partial derivatives, gradients, surfaces, optimization, the method of Lagrange multipliers. (SC)",,,,10012,,V1201-20271-007,,Mathematics,MATH,https://doc.sis.columbia.edu/subj/MATH/V1201-20271-007/,,In-Person,,3,MATH UN1101,,20271MATH1201V007,LECTURE
MATH UN1202,CALCULUS IV,"Prerequisites: MATH UN1102 and MATH UN1201 or the equivalent Multiple integrals, Taylor's formula in several variables, line and surface integrals, calculus of vector fields, Fourier series. (SC)",Deeparaj Bhat,,,10013,,V1202-20271-001,,Mathematics,MATH,https://doc.sis.columbia.edu/subj/MATH/V1202-20271-001/,,In-Person,,3,"MATH UN1102
MATH UN1201",,20271MATH1202V001,LECTURE
MATH UN1205,ACCELERATED MULTIVARIABLE CALC,"Prerequisites: (MATH UN1101 and MATH UN1102). Vectors in dimensions 2 and 3, vector-valued functions of one variable, scalar-valued functions of several variables, partial derivatives, gradients, optimization, Lagrange multipliers, double and triple integrals, line and surface integrals, vector calculus. This course is an accelerated version of MATH UN1201 - MATH UN1202. Students taking this course may not receive credit for MATH UN1201 and MATH UN1202.",Mu-Tao Wang,,,10014,,W1205-20271-001,ACCELERATED MULTIVARIABLE,Mathematics,MATH,https://doc.sis.columbia.edu/subj/MATH/W1205-20271-001/,,In-Person,,4,"MATH UN1101
MATH UN1102
MATH UN1201
MATH UN1201
MATH UN1202
MATH UN1202",,20271MATH1205W001,LECTURE
MATH UN1208,HONORS MATHEMATICS B,"Prerequisites: (see ""Guidance for First-Year Students"" in the Bulletin). The second term of this course may not be taken without the first. Multivariable calculus and linear algebra from a rigorous point of view. Recommended for mathematics majors. Fulfills the linear algebra requirement for the major. (SC)",Tianqing Zhu,,,10015,,V1208-20271-001,,Mathematics,MATH,https://doc.sis.columbia.edu/subj/MATH/V1208-20271-001/,,In-Person,,4,,,20271MATH1208V001,LECTURE
MATH UN1215,ACCELERATED MULTIVARIABLE CALC-REC,"Recitation section for MATH UN1205 - Accelerated Multivariable Calculus.
 Students must register for both UN1205 and UN1215.",Mu-Tao Wang,,,10016,,W1215-20271-001,ACCEL MULTIVARIABLE CALC-,Mathematics,MATH,https://doc.sis.columbia.edu/subj/MATH/W1215-20271-001/,,In-Person,,0,"MATH UN1205
UN1205
UN1215",,20271MATH1215W001,RECITATION
MATH UN1215,ACCELERATED MULTIVARIABLE CALC-REC,"Recitation section for MATH UN1205 - Accelerated Multivariable Calculus.
 Students must register for both UN1205 and UN1215.",Mu-Tao Wang,,,10017,,W1215-20271-002,ACCEL MULTIVARIABLE CALC-,Mathematics,MATH,https://doc.sis.columbia.edu/subj/MATH/W1215-20271-002/,,In-Person,,0,"MATH UN1205
UN1205
UN1215",,20271MATH1215W002,RECITATION
MATH UN1218,HONORS MATHEMATICS B-REC,"Recitation section for MATH UN1208 Honors Math B.
 Students must register for both UN1208 and UN1218.",Tianqing Zhu,,,10018,,V1218-20271-001,,Mathematics,MATH,https://doc.sis.columbia.edu/subj/MATH/V1218-20271-001/,,In-Person,,0,"MATH UN1208
UN1208
UN1218",,20271MATH1218V001,RECITATION
MATH UN1218,HONORS MATHEMATICS B-REC,"Recitation section for MATH UN1208 Honors Math B.
 Students must register for both UN1208 and UN1218.",Tianqing Zhu,,,10019,,V1218-20271-002,,Mathematics,MATH,https://doc.sis.columbia.edu/subj/MATH/V1218-20271-002/,,In-Person,,0,"MATH UN1208
UN1208
UN1218",,20271MATH1218V002,RECITATION
MATH UN2000,INTRO TO HIGHER MATHEMATICS,"Introduction to understanding and writing mathematical proofs. Emphasis on precise thinking and the presentation of mathematical results, both in oral and in written form. Intended for students who are considering majoring in mathematics but wish additional training. CC/GS: Partial Fulfillment of Science Requirement.",,,,10020,,V2000-20271-001,INTRO TO HIGHER MATHEMATI,Mathematics,MATH,https://doc.sis.columbia.edu/subj/MATH/V2000-20271-001/,,In-Person,,3,,,20271MATH2000V001,LECTURE
MATH UN2005,INTRODUCTION TO MATHEMATICS PROOFS,"This is a seminar course that covers the basics of mathematical proofs and in particular the epsilon-delta argument in single variable calculus.
  
Students who have little experience with mathematical proofs are strongly encouraged to take this course concurrently with Honors Math, Into to Modern Algebra, or Intro to Modern Analysis.",,,,10021,,W2005-20271-001,INTRO TO MATHEMATICAL PRO,Mathematics,MATH,https://doc.sis.columbia.edu/subj/MATH/W2005-20271-001/,,In-Person,,0,,,20271MATH2005W001,SEMINAR
MATH UN2010,LINEAR ALGEBRA,"Matrices, vector spaces, linear transformations, eigenvalues and eigenvectors, canonical forms, applications. (SC)",Chris Ivanov,,,00047,,V2010-20271-001,,Mathematics @Barnard,MATH,https://doc.sis.columbia.edu/subj/MATH/V2010-20271-001/,,,,3,,,20271MATH2010V001,LECTURE
MATH UN2010,LINEAR ALGEBRA,"Matrices, vector spaces, linear transformations, eigenvalues and eigenvectors, canonical forms, applications. (SC)",James E Hotchkiss,,,10022,,V2010-20271-003,,Mathematics,MATH,https://doc.sis.columbia.edu/subj/MATH/V2010-20271-003/,,In-Person,,3,,,20271MATH2010V003,LECTURE
MATH UN2010,LINEAR ALGEBRA,"Matrices, vector spaces, linear transformations, eigenvalues and eigenvectors, canonical forms, applications. (SC)",Abigail G Hickok,,,10023,,V2010-20271-004,,Mathematics,MATH,https://doc.sis.columbia.edu/subj/MATH/V2010-20271-004/,,In-Person,,3,,,20271MATH2010V004,LECTURE
MATH UN2010,LINEAR ALGEBRA,"Matrices, vector spaces, linear transformations, eigenvalues and eigenvectors, canonical forms, applications. (SC)",Anh Duc Vo,,,10024,,V2010-20271-005,,Mathematics,MATH,https://doc.sis.columbia.edu/subj/MATH/V2010-20271-005/,,In-Person,,3,,,20271MATH2010V005,LECTURE
MATH UN2010,LINEAR ALGEBRA,"Matrices, vector spaces, linear transformations, eigenvalues and eigenvectors, canonical forms, applications. (SC)",Elliott V Stein,,,10025,,V2010-20271-006,,Mathematics,MATH,https://doc.sis.columbia.edu/subj/MATH/V2010-20271-006/,,In-Person,,3,,,20271MATH2010V006,LECTURE
MATH UN2015,Linear Algebra and Probability,"Linear algebra with a focus on probability and statistics. The course covers the standard linear algebra topics: systems of linear equations, matrices, determinants, vector spaces, bases, dimension, eigenvalues and eigenvectors, the Spectral Theorem and singular value decompositions. It also teaches applications of linear algebra to probability, statistics and dynamical systems giving a background sufficient for higher level courses in probability and statistics. The topics covered in the probability theory part include conditional probability, discrete and continuous random variables, probability distributions and the limit theorems, as well as Markov chains, curve fitting, regression, and pattern analysis. The course contains applications to life sciences, chemistry, and environmental life sciences. No a priori background in the life sciences is assumed.
  
This course is best suited for students who wish to focus on applications and practical approaches to problem solving. It is recommended to students majoring in engineering, technology, life sciences, social sciences, and economics.
  
Math majors, joint majors, and math concentrators must take MATH UN2010 Linear Algebra or MATH UN1207 Honors Math A, which focus on linear algebra concepts and foundations that are needed for upper-level math courses. MATH UN2015 (Linear Algebra and Probability) does NOT replace MATH UN2010 (Linear Algebra) as prerequisite requirements of math courses. Students may not receive full credit for both courses MATH UN2010 and MATH UN2015. Students who have taken MATH UN2015 and consider taking higher level Math courses should contact a major advisor to discuss alternative pathways.",Tommaso M Botta,,,10026,,W2015-20271-001,Linear Algebra and Probab,Mathematics,MATH,https://doc.sis.columbia.edu/subj/MATH/W2015-20271-001/,,In-Person,,3,"MATH UN1207
MATH UN2010
MATH UN2010
MATH UN2010
MATH UN2015
MATH UN2015
MATH UN2015",,20271MATH2015W001,LECTURE
MATH UN2015,Linear Algebra and Probability,"Linear algebra with a focus on probability and statistics. The course covers the standard linear algebra topics: systems of linear equations, matrices, determinants, vector spaces, bases, dimension, eigenvalues and eigenvectors, the Spectral Theorem and singular value decompositions. It also teaches applications of linear algebra to probability, statistics and dynamical systems giving a background sufficient for higher level courses in probability and statistics. The topics covered in the probability theory part include conditional probability, discrete and continuous random variables, probability distributions and the limit theorems, as well as Markov chains, curve fitting, regression, and pattern analysis. The course contains applications to life sciences, chemistry, and environmental life sciences. No a priori background in the life sciences is assumed.
  
This course is best suited for students who wish to focus on applications and practical approaches to problem solving. It is recommended to students majoring in engineering, technology, life sciences, social sciences, and economics.
  
Math majors, joint majors, and math concentrators must take MATH UN2010 Linear Algebra or MATH UN1207 Honors Math A, which focus on linear algebra concepts and foundations that are needed for upper-level math courses. MATH UN2015 (Linear Algebra and Probability) does NOT replace MATH UN2010 (Linear Algebra) as prerequisite requirements of math courses. Students may not receive full credit for both courses MATH UN2010 and MATH UN2015. Students who have taken MATH UN2015 and consider taking higher level Math courses should contact a major advisor to discuss alternative pathways.",Tommaso M Botta,,,10027,,W2015-20271-002,Linear Algebra and Probab,Mathematics,MATH,https://doc.sis.columbia.edu/subj/MATH/W2015-20271-002/,,In-Person,,3,"MATH UN1207
MATH UN2010
MATH UN2010
MATH UN2010
MATH UN2015
MATH UN2015
MATH UN2015",,20271MATH2015W002,LECTURE
MATH UN2030,ORDINARY DIFFERENTIAL EQUATIONS,Prerequisites: MATH UN1102 and MATH UN1201 or the equivalent. Special differential equations of order one. Linear differential equations with constant and variable coefficients. Systems of such equations. Transform and series solution techniques. Emphasis on applications.,Elena Giorgi,,,10028,,V2030-20271-001,ORDINARY DIFFERENTIAL EQU,Mathematics,MATH,https://doc.sis.columbia.edu/subj/MATH/V2030-20271-001/,,In-Person,,3,"MATH UN1102
MATH UN1201",,20271MATH2030V001,LECTURE
MATH UN2030,ORDINARY DIFFERENTIAL EQUATIONS,Prerequisites: MATH UN1102 and MATH UN1201 or the equivalent. Special differential equations of order one. Linear differential equations with constant and variable coefficients. Systems of such equations. Transform and series solution techniques. Emphasis on applications.,Dawei Shen,,,10029,,V2030-20271-002,ORDINARY DIFFERENTIAL EQU,Mathematics,MATH,https://doc.sis.columbia.edu/subj/MATH/V2030-20271-002/,,In-Person,,3,"MATH UN1102
MATH UN1201",,20271MATH2030V002,LECTURE
MATH UN2500,ANALYSIS AND OPTIMIZATION,"Prerequisites: MATH UN1102 and MATH UN1201 or the equivalent and MATH UN2010. Mathematical methods for economics. Quadratic forms, Hessian, implicit functions. Convex sets, convex functions. Optimization, constrained optimization, Kuhn-Tucker conditions. Elements of the calculus of variations and optimal control. (SC)",,,,10030,,V2500-20271-001,,Mathematics,MATH,https://doc.sis.columbia.edu/subj/MATH/V2500-20271-001/,,In-Person,,3,"MATH UN1102
MATH UN1201
MATH UN2010",,20271MATH2500V001,LECTURE
MATH UN3007,COMPLEX VARIABLES,"Prerequisites: MATH UN1202 An elementary course in functions of a complex variable. Fundamental properties of the complex numbers, differentiability, Cauchy-Riemann equations. Cauchy integral theorem. Taylor and Laurent series, poles, and essential singularities. Residue theorem and conformal mapping.(SC)",Sangiovanni Vincentelli Marco,,,10031,,V3007-20271-001,,Mathematics,MATH,https://doc.sis.columbia.edu/subj/MATH/V3007-20271-001/,,In-Person,,3,MATH UN1202,,20271MATH3007V001,LECTURE
MATH UN3020,NUMBER THEORY AND CRYPTOGRAPHY,Prerequisites: one year of calculus. Prerequisite: One year of Calculus. Congruences. Primitive roots. Quadratic residues. Contemporary applications.,Yoonjoo Kim,,,10032,,V3020-20271-001,NUMBER THEORY AND CRYPTOG,Mathematics,MATH,https://doc.sis.columbia.edu/subj/MATH/V3020-20271-001/,,In-Person,,3,,,20271MATH3020V001,LECTURE
MATH UN3028,PARTIAL DIFFERENTIAL EQUATIONS,"Prerequisites: (MATH UN2010 and MATH UN2030) or the equivalent introduction to partial differential equations. First-order equations. Linear second-order equations; separation of variables, solution by series expansions. Boundary value problems.",Panagiota Daskalopoulos,,,10033,,V3028-20271-001,PARTIAL DIFFERENTIAL EQUA,Mathematics,MATH,https://doc.sis.columbia.edu/subj/MATH/V3028-20271-001/,,In-Person,,3,"MATH UN2010
MATH UN2030",,20271MATH3028V001,LECTURE
MATH UN3050,DISCRETE TIME MODELS IN FINANC,"Prerequisites: (MATH UN1102 and MATH UN1201) or (MATH UN1101 and MATH UN1102 and MATH UN1201) and MATH UN2010 Recommended: MATH UN3027 (or MATH UN2030 and SIEO W3600). Elementary discrete time methods for pricing financial instruments, such as options. Notions of arbitrage, risk-neutral valuation, hedging, term-structure of interest rates.",Mikhail Smirnov,,,10034,,V3050-20271-001,DISCRETE TIME MODELS IN F,Mathematics,MATH,https://doc.sis.columbia.edu/subj/MATH/V3050-20271-001/,,In-Person,,3,"MATH UN1101
MATH UN1102
MATH UN1102
MATH UN1201
MATH UN1201
MATH UN2010
MATH UN2030
MATH UN3027
SIEO W3600",,20271MATH3050V001,LECTURE
MATH UN3902,SUPERVISED READINGS II,"Prerequisites: The written permission of the faculty member who agrees to act as sponsor (sponsorship limited to full-time instructors on the staff list), as well as the permission of the Director of Undergraduate Studies. The written permission must be deposited with the Director of Undergraduate Studies before registration is completed. Guided reading and study in mathematics. A student who wishes to undertake individual study under this program must present a specific project to a member of the staff and secure his or her willingness to act as sponsor. Written reports and periodic conferences with the instructor. 
  
Supervising Readings do NOT count towards major requirements, with the exception of an advanced written approval by the DUS.",,,,00048,,V3902-20271-001,,Mathematics @Barnard,MATH,https://doc.sis.columbia.edu/subj/MATH/V3902-20271-001/,,,,1-3,,,20271MATH3902V001,INDEPENDENT
MATH UN3952,UNDERGRADUATE SEMINARS II,"Prerequisites: two years of calculus, at least one year of additional mathematics courses, and the director of undergraduate studies' permission. The subject matter is announced at the start of registration and is different in each section. Each student prepares talks to be given to the seminar, under the supervision of a faculty member or senior teaching fellow. Prerequisite: two years of calculus, at least one year of additional mathematics courses, and the director of undergraduate studies' permission.",Faculty,,,00049,,V3952-20271-001,,Mathematics @Barnard,MATH,https://doc.sis.columbia.edu/subj/MATH/V3952-20271-001/,,,,3,,,20271MATH3952V001,SEMINAR
MATH UN3952,UNDERGRADUATE SEMINARS II,"Prerequisites: two years of calculus, at least one year of additional mathematics courses, and the director of undergraduate studies' permission. The subject matter is announced at the start of registration and is different in each section. Each student prepares talks to be given to the seminar, under the supervision of a faculty member or senior teaching fellow. Prerequisite: two years of calculus, at least one year of additional mathematics courses, and the director of undergraduate studies' permission.",Chiu-Chu Liu,,,10035,,V3952-20271-101,,Mathematics,MATH,https://doc.sis.columbia.edu/subj/MATH/V3952-20271-101/,,In-Person,,3,,,20271MATH3952V101,SEMINAR
MATH UN3995,SENIOR THESIS IN MATHEMATICS II,"Majors in Mathematics are offered the opportunity to write an honors senior thesis under the guidance of a faculty member. Interested students should contact a faculty member to determine an appropriate topic, and receive written approval from the faculty advisor and the Director of Undergraduate Studies (faculty sponsorship is limited to full-time instructors on the staff list). Research is conducted primarily during the fall term; the final paper is submitted to the Director of Undergraduate Studies during the subsequent spring term.
  
MATH UN3994 SENIOR THESIS IN MATHEMATICS I must be taken in the fall term, during which period the student conducts primary research on the agreed topic. An optional continuation course MATH UN3995 SENIOR THESIS IN MATHEMATICS II is available during the spring. The second term of this sequence may not be taken without the first. Registration for the spring continuation course has no impact on the timeline or outcome of the final paper.
  
Sections of SENIOR THESIS IN MATHEMATICS I and II do NOT count towards the major requirements, with the exception of an advanced written approval by the DUS.",,,,00050,,W3995-20271-001,SENIOR THESIS MATHEMATICS,Mathematics @Barnard,MATH,https://doc.sis.columbia.edu/subj/MATH/W3995-20271-001/,,,,2,"MATH UN3994
MATH UN3995",,20271MATH3995W001,INDEPENDENT
MATH UN3997,SUPERVISED INDIVIDUAL RESEARCH,"Prerequisites: the written permission of the faculty member who agrees to act as a supervisor, and the director of undergraduate studies permission. For specially selected mathematics majors, the opportunity to write a senior thesis on a problem in contemporary mathematics under the supervision of a faculty member.",,,,00054,,V3997-20271-001,SUPERVISED INDIVIDUAL RES,Mathematics @Barnard,MATH,https://doc.sis.columbia.edu/subj/MATH/V3997-20271-001/,,,,1-4,,,20271MATH3997V001,INDEPENDENT
MUSI BC1002,AN INTRODUCTION TO MUSIC II,Prerequisites: no previous knowledge of music is required.,Gail R Archer,,,00027,,X1002-20271-001,AN INTRODUCTION TO MUSIC,Music @Barnard,MUSI,https://doc.sis.columbia.edu/subj/MUSI/X1002-20271-001/,,,,3,,,20271MUSI1002X001,LECTURE
MUSI BC1002,AN INTRODUCTION TO MUSIC II,Prerequisites: no previous knowledge of music is required.,Marilyn McCoy,,,00028,,X1002-20271-002,AN INTRODUCTION TO MUSIC,Music @Barnard,MUSI,https://doc.sis.columbia.edu/subj/MUSI/X1002-20271-002/,,,,3,,,20271MUSI1002X002,LECTURE
MUSI BC1502,VOICE INSTRUCTION,"Entrance by audition only. Call Barnard College, Department of Music during registration for time and place of audition (854-5096).",Gail R Archer,,,00029,,X1502-20271-001,VOICE LESSONS,Music @Barnard,MUSI,https://doc.sis.columbia.edu/subj/MUSI/X1502-20271-001/,,,,2,,,20271MUSI1502X001,STUDIO
MUSI BC1502,VOICE INSTRUCTION,"Entrance by audition only. Call Barnard College, Department of Music during registration for time and place of audition (854-5096).",Gail R Archer,,,00030,,X1502-20271-002,VOICE LESSONS,Music @Barnard,MUSI,https://doc.sis.columbia.edu/subj/MUSI/X1502-20271-002/,,,,2,,,20271MUSI1502X002,STUDIO
MUSI BC2075,DIVAS AND THEIR PUBLICS,"In order to exist, the female vocal celebrity needs a public. This course takes a global perspective on women’s voices, bodies, and performances, examining them in deep sociocultural contexts across a range of classical and popular music genres. Guiding questions interrogate the role of media and technology in commercializing and circulating the sounds and images of women singers on an international scale, forging new arenas for meaning-making around gender, race, and citizenship. Considering the historically, socially, and materially situated circumstances in which celebrated women performers have emerged in the modern era, the course asks: How did the expressive labor of virtuosic female singers shape the early US entertainment industry? In what ways have women singers around the world impacted nation-centered political agendas, struggles for racial equality, and other powerful religious and secular social formations? How did sound reproduction and broadcasting technology not only expand audiences on an exponential scale, but transform listeners’ experience of female singers’ live performance? Cross-culturally and throughout history, why have exceptional women vocalists had greater public impact than women instrumentalists?",Lauren E Ninoshvili,,,00033,,X2075-20271-001,,Music @Barnard,MUSI,https://doc.sis.columbia.edu/subj/MUSI/X2075-20271-001/,,,,3,,,20271MUSI2075X001,LECTURE
MUSI BC3139,INTRODUCTION VOCAL REPERTOIRE,"This course is designed for developing singers. Group vocalizing, learning of songs and individual workshop performances are aimed at improving the students technical skill and the elements necessary to create a meaningful musical and dramatic experience. Attention to text, subtext, emotional and psychological aspects of a piece and the performers relationship to the audience are included in the work. Repertoire is predominantly in English and comes from both classical and popular traditions Individual coaching sessions are available with the class accompanist and help strengthen the students confidence and skill. The class culminates with an in-class performance.",Coralie Gallet,,,00034,,X3139-20271-001,,Music @Barnard,MUSI,https://doc.sis.columbia.edu/subj/MUSI/X3139-20271-001/,,,,3,,,20271MUSI3139X001,LECTURE
MUSI BC3140,"VOCAL REPERTOIRE, TECHNIQUE","Vocal exercises and exploration of wide-ranging repertoires, styles, and languages of the Western European song tradition. The rich variety of English, French, Italian and German poetry and music from the Baroque period through the Twentieth Century allows the student to experience both the music and the cultural environment of each of these styles. Attention is given both to meaning oftext and musical interpretation. Individual coaching sessions are available with the class accompanist and help strengthen the students confidence and skill. The class culminates with an in-class performance.",Jean-Paul Bjorlin,,,00035,,X3140-20271-001,VOCAL REPERTOIRE TECHNIQUE,Music @Barnard,MUSI,https://doc.sis.columbia.edu/subj/MUSI/X3140-20271-001/,,,,3,,,20271MUSI3140X001,LECTURE
MUSI BC3145,WORLDMUSE ENSEMBLE,"Worldmuse Ensemble delves into compelling music from many genres such as world music, gospel, classical--old and new. We perform without a conductor, increasing awareness and interaction among ourselves and our audience. We collaboratively integrate music, dance, and theatre traditions (masks etc.). For experienced singers, and instrumentalists and dancers who sing.",Jean-Paul Bjorlin,,,00036,,X3145-20271-001,,Music @Barnard,MUSI,https://doc.sis.columbia.edu/subj/MUSI/X3145-20271-001/,,,,3,,,20271MUSI3145X001,WORKSHOP
MUSI BC3199,INDEPENDENT STUDY,,Gail R Archer,,,00037,,X3199-20271-001,,Music @Barnard,MUSI,https://doc.sis.columbia.edu/subj/MUSI/X3199-20271-001/,,,,1-3,,,20271MUSI3199X001,INDEPENDENT
MUSI BC3990,SENIOR PROJ:RESEARCH FOR MUSIC,"Working with her advisor, a student will expand the research project initiated in the Fall Senior Seminar for Music Majors (BC3992x). In order to satisfy the requirement, the student will complete a fifty page research paper.",Gail R Archer,,,00038,,X3990-20271-001,,Music @Barnard,MUSI,https://doc.sis.columbia.edu/subj/MUSI/X3990-20271-001/,,,,3,BC3992,,20271MUSI3990X001,INDEPENDENT
MUSI BC3991,SENIOR PROJ: MUSIC REPERTORY,"Working with her advisor, a student will develop a vocal or instrumental recital program with representative musical works from a variety of historical periods. In order to satisfy the requirement, the student will present an hour long public performance of the recital program. Students may also satisfy this requirement by composing original vocal or instrumental works.",Gail R Archer,,,00039,,X3991-20271-001,,Music @Barnard,MUSI,https://doc.sis.columbia.edu/subj/MUSI/X3991-20271-001/,,,,3,,,20271MUSI3991X001,INDEPENDENT
MUSI UN1594,BARNARD-COLUMBIA CHORUS II,"Prerequisites: auditions by appointment made at first meeting. Contact Barnard College, Department of Music (854-5096). Membership in the chorus is open to all men and women in the University community. The chorus gives several public concerts each season, both on and off campus, often with other performing organizations. Sight-singing sessions offered. The repertory includes works from all periods of music literature. Students who register for chorus will receive a maximum of 4 points for four or more semesters.",Gail R Archer,,,00031,,V1594-20271-001,,Music @Barnard,MUSI,https://doc.sis.columbia.edu/subj/MUSI/V1594-20271-001/,,,,1,,,20271MUSI1594V001,REHEARSAL
MUSI UN1596,BARNARD-COLUMBIA-CHAMBR SINGER,"Prerequisites: contact Barnard College, Department of Music (854-5096). Membership in the chorus is open to all men and women in the University community. The chorus gives several public concerts each season, both on and off campus, often with other performing organizations. Sight-singing sessions offered. The repertory includes works from all periods of music literature.",Gail R Archer,,,00032,,V1596-20271-001,BARNARD-COLUMBIA CHAMBR SINGER,Music @Barnard,MUSI,https://doc.sis.columbia.edu/subj/MUSI/V1596-20271-001/,,,,1,,,20271MUSI1596V001,REHEARSAL
NSBV BC1001,INTRODUCTION TO NEUROSCIENCE,"This course is required for all the other courses offered in Neuroscience and Behavior. The course introduces students to the anatomy and physiology of the nervous system. The topics include the biological structure of the nervous system and its different cell types, the basis of the action potential, principles of neurotransmission, neuronal basis of behavior, sleep/wake cycles, and basic aspects of clinical neuroscience.",Alex White,,,00524,,X1001-20271-001,INTRODUCTION TO NEUROSCIE,Neuroscience & Behavior @Barnard,NSBV,https://doc.sis.columbia.edu/subj/NSBV/X1001-20271-001/,,,,3,,,20271NSBV1001X001,LECTURE
NSBV BC1001,INTRODUCTION TO NEUROSCIENCE,"This course is required for all the other courses offered in Neuroscience and Behavior. The course introduces students to the anatomy and physiology of the nervous system. The topics include the biological structure of the nervous system and its different cell types, the basis of the action potential, principles of neurotransmission, neuronal basis of behavior, sleep/wake cycles, and basic aspects of clinical neuroscience.",Alexis S Hill,,,00525,,X1001-20271-002,INTRODUCTION TO NEUROSCIE,Neuroscience & Behavior @Barnard,NSBV,https://doc.sis.columbia.edu/subj/NSBV/X1001-20271-002/,,,,3,,,20271NSBV1001X002,LECTURE
NSBV BC1002,Introductory Laboratory in Neuroscience,"This laboratory course will introduce students to concepts, topics, and techniques used to examine brain and behavior. Specifically, this class will engage students in experimental design, data collection and analysis, and results presentation. The experimental units are designed to provide students with a basic understanding of the structure and function of the nervous system.",Kara Pham,,,00526,,X1002-20271-001,Intro Neuroscience Lab,Neuroscience & Behavior @Barnard,NSBV,https://doc.sis.columbia.edu/subj/NSBV/X1002-20271-001/,,,,2.5,,,20271NSBV1002X001,LABORATORY
NSBV BC1002,Introductory Laboratory in Neuroscience,"This laboratory course will introduce students to concepts, topics, and techniques used to examine brain and behavior. Specifically, this class will engage students in experimental design, data collection and analysis, and results presentation. The experimental units are designed to provide students with a basic understanding of the structure and function of the nervous system.",Adrienne N Santiago,,,00527,,X1002-20271-002,Intro Neuroscience Lab,Neuroscience & Behavior @Barnard,NSBV,https://doc.sis.columbia.edu/subj/NSBV/X1002-20271-002/,,,,2.5,,,20271NSBV1002X002,LABORATORY
NSBV BC1002,Introductory Laboratory in Neuroscience,"This laboratory course will introduce students to concepts, topics, and techniques used to examine brain and behavior. Specifically, this class will engage students in experimental design, data collection and analysis, and results presentation. The experimental units are designed to provide students with a basic understanding of the structure and function of the nervous system.",Adrienne N Santiago,,,00528,,X1002-20271-003,Intro Neuroscience Lab,Neuroscience & Behavior @Barnard,NSBV,https://doc.sis.columbia.edu/subj/NSBV/X1002-20271-003/,,,,2.5,,,20271NSBV1002X003,LABORATORY
NSBV BC1002,Introductory Laboratory in Neuroscience,"This laboratory course will introduce students to concepts, topics, and techniques used to examine brain and behavior. Specifically, this class will engage students in experimental design, data collection and analysis, and results presentation. The experimental units are designed to provide students with a basic understanding of the structure and function of the nervous system.",Adrienne N Santiago,,,00846,,X1002-20271-004,Intro Neuroscience Lab,Neuroscience & Behavior @Barnard,NSBV,https://doc.sis.columbia.edu/subj/NSBV/X1002-20271-004/,,,,2.5,,,20271NSBV1002X004,LABORATORY
NSBV BC2001,LABORATORY IN NEUROSCIENCE,"This course provides a hands-on introduction to techniques commonly used in current neurobiological research. Topics covered will include neuroanatomy, neurophysiology, and invertebrate animal behavioral genetics. Participation in this course involves dissection of sheep brains and experimentation with invertebrate animals.",Tommy Lee,,,00529,,X2001-20271-001,NEUROSCIENCE LAB,Neuroscience & Behavior @Barnard,NSBV,https://doc.sis.columbia.edu/subj/NSBV/X2001-20271-001/,,,,3,,,20271NSBV2001X001,LABORATORY
NSBV BC2001,LABORATORY IN NEUROSCIENCE,"This course provides a hands-on introduction to techniques commonly used in current neurobiological research. Topics covered will include neuroanatomy, neurophysiology, and invertebrate animal behavioral genetics. Participation in this course involves dissection of sheep brains and experimentation with invertebrate animals.",Tommy Lee,,,00530,,X2001-20271-002,NEUROSCIENCE LAB,Neuroscience & Behavior @Barnard,NSBV,https://doc.sis.columbia.edu/subj/NSBV/X2001-20271-002/,,,,3,,,20271NSBV2001X002,LABORATORY
NSBV BC2001,LABORATORY IN NEUROSCIENCE,"This course provides a hands-on introduction to techniques commonly used in current neurobiological research. Topics covered will include neuroanatomy, neurophysiology, and invertebrate animal behavioral genetics. Participation in this course involves dissection of sheep brains and experimentation with invertebrate animals.",Shuk C Tsoi,,,00531,,X2001-20271-003,NEUROSCIENCE LAB,Neuroscience & Behavior @Barnard,NSBV,https://doc.sis.columbia.edu/subj/NSBV/X2001-20271-003/,,,,3,,,20271NSBV2001X003,LABORATORY
NSBV BC2001,LABORATORY IN NEUROSCIENCE,"This course provides a hands-on introduction to techniques commonly used in current neurobiological research. Topics covered will include neuroanatomy, neurophysiology, and invertebrate animal behavioral genetics. Participation in this course involves dissection of sheep brains and experimentation with invertebrate animals.",,,,00840,,X2001-20271-004,NEUROSCIENCE LAB,Neuroscience & Behavior @Barnard,NSBV,https://doc.sis.columbia.edu/subj/NSBV/X2001-20271-004/,,,,3,,,20271NSBV2001X004,LABORATORY
NSBV BC2002,STATISTICS AND EXPERIMENTAL DESIGN,"This course is for students interested in learning how to conduct scientific research. They will learn how to (i) design well-controlled experiments and identify “quack” science; (ii) organize, summarize and illustrate data, (iii) analyze different types of data; and (iv) interpret the results of statistical tests.",John Glendinning,,,00532,,X2002-20271-001,STATISTICS & EXPERIMTL DE,Neuroscience & Behavior @Barnard,NSBV,https://doc.sis.columbia.edu/subj/NSBV/X2002-20271-001/,,,,4,,,20271NSBV2002X001,LECTURE
NSBV BC3001,SYSTEMS AND BEHAVIORAL NEUROSCIENCE,"This course provides an in-depth examination of the physiological bases of behavior and the development, organization, and function of the nervous system. Specific topics include methods used in behavioral neuroscience, development of the nervous system, sensory and motor systems, homeostasis, sexual differentiation, biological rhythms, stress, learning and memory, psychopathology, and neurological disorders.",Russell D Romeo,,,00534,,X3001-20271-001,SYSTEMS AND BEHAVIORAL NE,Neuroscience & Behavior @Barnard,NSBV,https://doc.sis.columbia.edu/subj/NSBV/X3001-20271-001/,,,,3,,,20271NSBV3001X001,LECTURE
NSBV BC3099,INDEPENDENT STUDY,"This course can be worth 1 to 4 credits (each credit is equivalent to approximately three hours of work per week) and requires a Barnard faculty as a mentor who has to provide written approval. The course entails a scholarly component; for this, a research report is required by the end of the term. The research report can take the form that best suits the nature of the project. The course will be taken for a letter grade, regardless of whether the student chooses 1, 2, 3, or 4 credits.",E'Mett McCaskill,,,00548,,X3099-20271-006,,Neuroscience & Behavior @Barnard,NSBV,https://doc.sis.columbia.edu/subj/NSBV/X3099-20271-006/,,,,1-4,,,20271NSBV3099X006,INDEPENDENT
NSBV BC3099,INDEPENDENT STUDY,"This course can be worth 1 to 4 credits (each credit is equivalent to approximately three hours of work per week) and requires a Barnard faculty as a mentor who has to provide written approval. The course entails a scholarly component; for this, a research report is required by the end of the term. The research report can take the form that best suits the nature of the project. The course will be taken for a letter grade, regardless of whether the student chooses 1, 2, 3, or 4 credits.",Kara Pham,,,00549,,X3099-20271-007,,Neuroscience & Behavior @Barnard,NSBV,https://doc.sis.columbia.edu/subj/NSBV/X3099-20271-007/,,,,1-4,,,20271NSBV3099X007,INDEPENDENT
NSBV BC3099,INDEPENDENT STUDY,"This course can be worth 1 to 4 credits (each credit is equivalent to approximately three hours of work per week) and requires a Barnard faculty as a mentor who has to provide written approval. The course entails a scholarly component; for this, a research report is required by the end of the term. The research report can take the form that best suits the nature of the project. The course will be taken for a letter grade, regardless of whether the student chooses 1, 2, 3, or 4 credits.",Russell D Romeo,,,00550,,X3099-20271-008,,Neuroscience & Behavior @Barnard,NSBV,https://doc.sis.columbia.edu/subj/NSBV/X3099-20271-008/,,,,1-4,,,20271NSBV3099X008,INDEPENDENT
NSBV BC3099,INDEPENDENT STUDY,"This course can be worth 1 to 4 credits (each credit is equivalent to approximately three hours of work per week) and requires a Barnard faculty as a mentor who has to provide written approval. The course entails a scholarly component; for this, a research report is required by the end of the term. The research report can take the form that best suits the nature of the project. The course will be taken for a letter grade, regardless of whether the student chooses 1, 2, 3, or 4 credits.",Alex White,,,00551,,X3099-20271-010,,Neuroscience & Behavior @Barnard,NSBV,https://doc.sis.columbia.edu/subj/NSBV/X3099-20271-010/,,,,1-4,,,20271NSBV3099X010,INDEPENDENT
NSBV BC3099,INDEPENDENT STUDY,"This course can be worth 1 to 4 credits (each credit is equivalent to approximately three hours of work per week) and requires a Barnard faculty as a mentor who has to provide written approval. The course entails a scholarly component; for this, a research report is required by the end of the term. The research report can take the form that best suits the nature of the project. The course will be taken for a letter grade, regardless of whether the student chooses 1, 2, 3, or 4 credits.",Kevin G Bath,,,00552,,X3099-20271-020,,Neuroscience & Behavior @Barnard,NSBV,https://doc.sis.columbia.edu/subj/NSBV/X3099-20271-020/,,,,1-4,,,20271NSBV3099X020,INDEPENDENT
NSBV BC3099,INDEPENDENT STUDY,"This course can be worth 1 to 4 credits (each credit is equivalent to approximately three hours of work per week) and requires a Barnard faculty as a mentor who has to provide written approval. The course entails a scholarly component; for this, a research report is required by the end of the term. The research report can take the form that best suits the nature of the project. The course will be taken for a letter grade, regardless of whether the student chooses 1, 2, 3, or 4 credits.",Gabrielle J Gutierrez,,,00553,,X3099-20271-005,,Neuroscience & Behavior @Barnard,NSBV,https://doc.sis.columbia.edu/subj/NSBV/X3099-20271-005/,,,,1-4,,,20271NSBV3099X005,INDEPENDENT
NSBV BC3099,INDEPENDENT STUDY,"This course can be worth 1 to 4 credits (each credit is equivalent to approximately three hours of work per week) and requires a Barnard faculty as a mentor who has to provide written approval. The course entails a scholarly component; for this, a research report is required by the end of the term. The research report can take the form that best suits the nature of the project. The course will be taken for a letter grade, regardless of whether the student chooses 1, 2, 3, or 4 credits.",Bj Casey,,,00554,,X3099-20271-003,,Neuroscience & Behavior @Barnard,NSBV,https://doc.sis.columbia.edu/subj/NSBV/X3099-20271-003/,,,,1-4,,,20271NSBV3099X003,INDEPENDENT
NSBV BC3099,INDEPENDENT STUDY,"This course can be worth 1 to 4 credits (each credit is equivalent to approximately three hours of work per week) and requires a Barnard faculty as a mentor who has to provide written approval. The course entails a scholarly component; for this, a research report is required by the end of the term. The research report can take the form that best suits the nature of the project. The course will be taken for a letter grade, regardless of whether the student chooses 1, 2, 3, or 4 credits.",Peter D Balsam,,,00842,,X3099-20271-001,,Neuroscience & Behavior @Barnard,NSBV,https://doc.sis.columbia.edu/subj/NSBV/X3099-20271-001/,,,,1-4,,,20271NSBV3099X001,INDEPENDENT
NSBV BC3099,INDEPENDENT STUDY,"This course can be worth 1 to 4 credits (each credit is equivalent to approximately three hours of work per week) and requires a Barnard faculty as a mentor who has to provide written approval. The course entails a scholarly component; for this, a research report is required by the end of the term. The research report can take the form that best suits the nature of the project. The course will be taken for a letter grade, regardless of whether the student chooses 1, 2, 3, or 4 credits.",Elizabeth P Bauer,,,00843,,X3099-20271-002,,Neuroscience & Behavior @Barnard,NSBV,https://doc.sis.columbia.edu/subj/NSBV/X3099-20271-002/,,,,1-4,,,20271NSBV3099X002,INDEPENDENT
NSBV BC3099,INDEPENDENT STUDY,"This course can be worth 1 to 4 credits (each credit is equivalent to approximately three hours of work per week) and requires a Barnard faculty as a mentor who has to provide written approval. The course entails a scholarly component; for this, a research report is required by the end of the term. The research report can take the form that best suits the nature of the project. The course will be taken for a letter grade, regardless of whether the student chooses 1, 2, 3, or 4 credits.",John Glendinning,,,00844,,X3099-20271-004,,Neuroscience & Behavior @Barnard,NSBV,https://doc.sis.columbia.edu/subj/NSBV/X3099-20271-004/,,,,1-4,,,20271NSBV3099X004,INDEPENDENT
NSBV BC3099,INDEPENDENT STUDY,"This course can be worth 1 to 4 credits (each credit is equivalent to approximately three hours of work per week) and requires a Barnard faculty as a mentor who has to provide written approval. The course entails a scholarly component; for this, a research report is required by the end of the term. The research report can take the form that best suits the nature of the project. The course will be taken for a letter grade, regardless of whether the student chooses 1, 2, 3, or 4 credits.",Alexis S Hill,,,00845,,X3099-20271-011,,Neuroscience & Behavior @Barnard,NSBV,https://doc.sis.columbia.edu/subj/NSBV/X3099-20271-011/,,,,1-4,,,20271NSBV3099X011,INDEPENDENT
NSBV BC3361,CELLULAR & MOLECULAR NEUROSCIENCE,"This upper-level lecture course provides an in-depth analysis of neuroscience at the molecular and cellular levels. Topics include: the structure and function of neuronal membranes, the ionic basis of the membrane potential and action potential, synaptic transmission, synaptic plasticity, and sensory transduction.",Alexis S Hill,,,00535,,X3361-20271-001,CELLULAR & MOLECULAR NEUR,Neuroscience & Behavior @Barnard,NSBV,https://doc.sis.columbia.edu/subj/NSBV/X3361-20271-001/,,,,3,,,20271NSBV3361X001,LECTURE
NSBV BC3378,Neuroscience Frontiers,"This course introduces students to a bold, high-risk, high-reward framework for thinking about neuroscience, tracing the field's most transformative discoveries from the action potential through the present day. Each week, students will examine landmark breakthroughs drawn from the last century of neuroscience through the lens of unconventional thinking that prioritizes ambitious questions over incremental research. Students will engage in guided discussions analyzing how risk-tolerant scientific culture has historically driven paradigm shifts, and how those lessons can be applied to today’s unanswered questions. Additionally, scientific discussions will be had about unconventional ideas of memory, consciousness, bioelectricity, brain organoids, and neural regeneration. By the end of the course, students are expected to not only understand the history of modern neuroscience and exciting discoveries in the field today, but to articulate and defend their own vision for what a high-risk, high-reward research agenda in the field might look like. Students are expected to contribute actively to the discussion.",,,,00893,,X3378-20271-001,,Neuroscience & Behavior @Barnard,NSBV,https://doc.sis.columbia.edu/subj/NSBV/X3378-20271-001/,,,,4,,,20271NSBV3378X001,SEMINAR
NSBV BC3386,THE NEURAL CODE,"By the end of this course you'll understand some of the canonical principles underlying how brains encode information. You'll become familiar with the most influential frameworks and models for describing the encoding and transfer of information in the brain and you'll dive into the paradigms that generate or motivate these coding frameworks. Prerequisites: Introduction to Neuroscience (NSBV BC 1001) and either Systems and Behavioral neuroscience (NSBV BC 3001), or a Stats course (NSBV BC2002, PSYC BC1101, PSYC UN1610, STAT UN1101, STAT UN1201), or a computer science course (such as any of the following: COMS BC1016+lab COMS BC1017, COMS W1001, COMS W1002, COMS W1004), or any bioengineering course, or permission of the instructor. Students will complete a brief survey during registration to determine whether they meet the prerequisites.",Gabrielle J Gutierrez,,,00536,,X3386-20271-001,,Neuroscience & Behavior @Barnard,NSBV,https://doc.sis.columbia.edu/subj/NSBV/X3386-20271-001/,,,,4,"COMS BC1016
COMS BC1017
COMS W1001
COMS W1002
COMS W1004
NSBV BC2002
PSYC BC1101
PSYC UN1610
STAT UN1101
STAT UN1201",,20271NSBV3386X001,SEMINAR
NSBV BC3398,PSYCHOBIOLOGY OF SLEEP,"This seminar will explore sleep and circadian rhythms, emphasizing how these factors and their disruption influence human health, disease, function, and well-being. Topics will include the physiologic and neurobiological generation of sleep and circadian rhythms, and the interaction between these systems with cognitive, behavioral, endocrine, metabolic, and mood/psychiatric variables in humans, as well as sleep disorders and their treatment.
  
NOTE: The course description is the same for the fall/spring course and the summer course.",Ari Shechter,,,00537,,X3398-20271-001,,Neuroscience & Behavior @Barnard,NSBV,https://doc.sis.columbia.edu/subj/NSBV/X3398-20271-001/,,,,4,,,20271NSBV3398X001,SEMINAR
NSBV BC3405,NEUROSCIENCE OF TRAUMA,"This course is a comprehensive review of the neural basis of the emotional, cognitive and behavioral responses to traumatic events.  The 
acute
 experience of trauma and the 
memory
 of the trauma may influence neural processes influencing social relatedness, attachment, emotional regulation, physiological homeostasis and the stress response.  Neuroscientific research provides insight into these processes and informs pharmacological and psychotherapeutic interventions for individual survivors.
  
Students will review neuroscientific theoretical models and research relevant to the neurobiology, neurophysiology, neuroanatomy and neurodevelopmental processes underlying the traumatic response. The neuroendocrine system and its relevance will also be reviewed.   The course will begin with a critical review of the Diagnostic and Statistical Manual (DSM) diagnosis of Trauma and Stressor Related Disorders, to acquire an understanding of the symptoms and diagnosis.  Next, students will review theory and research relevant to trauma and neurobiology, neuroanatomy and neurophysiology.  Finally, students will critique the application of these research findings to the design of current “neuro-informed” therapeutic interventions.  Throughout the course, individual case studies will provide insight into the brain’s influence on symptomatology and foster greater understanding and sensitivity to the personal post-traumatic experience.",E'Mett McCaskill,,,00538,,X3405-20271-001,,Neuroscience & Behavior @Barnard,NSBV,https://doc.sis.columbia.edu/subj/NSBV/X3405-20271-001/,,,,3,,,20271NSBV3405X001,LECTURE
NSBV BC3592,NEUROSCIENCE GUIDED RESEARCH,"Neuroscience research commonly generates datasets that are increasingly complex and large. Open science and data sharing platforms have emerged across a wide range of neuroscience disciplines, laying the foundation for a transformation in the way scientists share, analyze, and reuse immense amounts of data collected in laboratories around the world. This class is designed to introduce students to several open source databases that span multiple investigative levels of neuroscience research. Students will utilize the datasets to conduct individual research projects.",Kara Pham,,,00543,,X3592-20271-001,NEUROSCIENCE GUIDED RESEA,Neuroscience & Behavior @Barnard,NSBV,https://doc.sis.columbia.edu/subj/NSBV/X3592-20271-001/,,,,4,,,20271NSBV3592X001,LABORATORY
NSBV BC3592,NEUROSCIENCE GUIDED RESEARCH,"Neuroscience research commonly generates datasets that are increasingly complex and large. Open science and data sharing platforms have emerged across a wide range of neuroscience disciplines, laying the foundation for a transformation in the way scientists share, analyze, and reuse immense amounts of data collected in laboratories around the world. This class is designed to introduce students to several open source databases that span multiple investigative levels of neuroscience research. Students will utilize the datasets to conduct individual research projects.",Faculty,,,00849,,X3592-20271-002,NEUROSCIENCE GUIDED RESEA,Neuroscience & Behavior @Barnard,NSBV,https://doc.sis.columbia.edu/subj/NSBV/X3592-20271-002/,,,,4,,,20271NSBV3592X002,LABORATORY
NSBV BC3594,RSRCH/SEM-NEUROSCNC&BEHAVIOR,"Prerequisites: Open to senior Neuroscience and Behavior majors. Permission of the instructor. This is a year-long course. By the end of the spring semester program planning period during junior year, majors should identify the lab they will be working in during their senior year. Discussion and conferences on a research project culminate in a written and oral senior thesis. Each project must be supervised by a scientist working at Barnard or at another local institution. Successful completion of the seminar substitutes for the major examination.",Russell D Romeo,,,00544,,X3594-20271-001,RSRCH/SEM-NEUROSCNC&BEHAV,Neuroscience & Behavior @Barnard,NSBV,https://doc.sis.columbia.edu/subj/NSBV/X3594-20271-001/,,,,4,,,20271NSBV3594X001,SEMINAR
NSBV BC3594,RSRCH/SEM-NEUROSCNC&BEHAVIOR,"Prerequisites: Open to senior Neuroscience and Behavior majors. Permission of the instructor. This is a year-long course. By the end of the spring semester program planning period during junior year, majors should identify the lab they will be working in during their senior year. Discussion and conferences on a research project culminate in a written and oral senior thesis. Each project must be supervised by a scientist working at Barnard or at another local institution. Successful completion of the seminar substitutes for the major examination.",Peter D Balsam,,,00545,,X3594-20271-002,RSRCH/SEM-NEUROSCNC&BEHAV,Neuroscience & Behavior @Barnard,NSBV,https://doc.sis.columbia.edu/subj/NSBV/X3594-20271-002/,,,,4,,,20271NSBV3594X002,SEMINAR
NSBV BC3594,RSRCH/SEM-NEUROSCNC&BEHAVIOR,"Prerequisites: Open to senior Neuroscience and Behavior majors. Permission of the instructor. This is a year-long course. By the end of the spring semester program planning period during junior year, majors should identify the lab they will be working in during their senior year. Discussion and conferences on a research project culminate in a written and oral senior thesis. Each project must be supervised by a scientist working at Barnard or at another local institution. Successful completion of the seminar substitutes for the major examination.",Alex White,,,00546,,X3594-20271-003,RSRCH/SEM-NEUROSCNC&BEHAV,Neuroscience & Behavior @Barnard,NSBV,https://doc.sis.columbia.edu/subj/NSBV/X3594-20271-003/,,,,4,,,20271NSBV3594X003,SEMINAR
NSBV BC3594,RSRCH/SEM-NEUROSCNC&BEHAVIOR,"Prerequisites: Open to senior Neuroscience and Behavior majors. Permission of the instructor. This is a year-long course. By the end of the spring semester program planning period during junior year, majors should identify the lab they will be working in during their senior year. Discussion and conferences on a research project culminate in a written and oral senior thesis. Each project must be supervised by a scientist working at Barnard or at another local institution. Successful completion of the seminar substitutes for the major examination.",Kevin G Bath,,,00547,,X3594-20271-004,RSRCH/SEM-NEUROSCNC&BEHAV,Neuroscience & Behavior @Barnard,NSBV,https://doc.sis.columbia.edu/subj/NSBV/X3594-20271-004/,,,,4,,,20271NSBV3594X004,SEMINAR
PHIL BC4050,SENIOR SEMINAR,"Intensive study of a philosophical issue or topic, or of a philosopher, group of philosophers, or philosophical school or movement. Open only to Barnard senior philosophy majors.",Francey Russell,,,00507,,X4050-20271-001,,Philosophy @Barnard,PHIL,https://doc.sis.columbia.edu/subj/PHIL/X4050-20271-001/,,,,4,,,20271PHIL4050X001,SEMINAR
PHIL BC4052,SENIOR ESSAY,"A substantial paper, developing from an Autumn workshop and continuing into the Spring under the direction of an individual adviser. Open only to Barnard senior philosophy majors.",Caroline D Bowman,,,00508,,X4052-20271-001,,Philosophy @Barnard,PHIL,https://doc.sis.columbia.edu/subj/PHIL/X4052-20271-001/,,,,3,,,20271PHIL4052X001,SEMINAR
PHIL UN1001,INTRODUCTION TO PHILOSOPHY,"Survey of some of the central problems, key figures, and great works in both traditional and contemporary philosophy. Topics and texts will vary with instructor and semester.",Ding Ding,,,00478,,V1001-20271-001,INTRODUCTION TO PHILOSOPH,Philosophy @Barnard,PHIL,https://doc.sis.columbia.edu/subj/PHIL/V1001-20271-001/,,,,3,,,20271PHIL1001V001,LECTURE
PHIL UN1001,INTRODUCTION TO PHILOSOPHY,"Survey of some of the central problems, key figures, and great works in both traditional and contemporary philosophy. Topics and texts will vary with instructor and semester.",Taylor Carman,,,00483,,V1001-20271-002,INTRODUCTION TO PHILOSOPH,Philosophy @Barnard,PHIL,https://doc.sis.columbia.edu/subj/PHIL/V1001-20271-002/,,,,3,,,20271PHIL1001V002,LECTURE
PHIL UN1401,INTRODUCTION TO LOGIC,"Explicit criteria for recognizing valid and fallacious arguments, together with various methods for schematizing discourse for the purpose of logical analysis. Illustrative material taken from science and everyday life.",Ding Ding,,,00488,,V1401-20271-001,,Philosophy @Barnard,PHIL,https://doc.sis.columbia.edu/subj/PHIL/V1401-20271-001/,,,,3,,,20271PHIL1401V001,LECTURE
PHIL UN2109,"Love, Gender, and Sex","What does it mean to love, and what does it take to love well? Must true love make us “happy ever after”? Should love be exclusive? Is love between individuals or could it be communal and even political? How does love relate to gender and sex, and how might the experiences of queer, trans, and intersex people both complicate and illuminate these connections? What is gender anyway? How do we figure that out? Is it a mere coincidence that the English term ‘sex’ refers to both an activity and a system of categorization? How should we think about consent, desire, objectification, and sexualization in connection to sexual autonomy and gender equality? This course surveys philosophical questions about love, gender, and sex, and in so doing, aims to introduce students to the burgeoning interdisciplinary field of social philosophy.
  
Love, Gender, and Sex is designed to be friendly to all students regardless of philosophy background.",Ding Ding,,,00491,,W2109-20271-001,,Philosophy @Barnard,PHIL,https://doc.sis.columbia.edu/subj/PHIL/W2109-20271-001/,,,,3,,,20271PHIL2109W001,LECTURE
PHIL UN2201,HISTORY OF PHILOSOPHY II,"Prerequisites: PHIL UN2211 Required Discussion Section (0 points). PHIL UN2101 is not a prerequisite for this course. Exposition and analysis of the metaphysics, epistemology, and natural philosophy of the major philosophers from Aquinas through Kant. Authors include Aquinas, Galileo, Gassendi, Descartes, Spinoza, Leibniz, Berkeley, Hume, and Kant. This course has unrestricted enrollment.",Caroline D Bowman,,,00497,,V2201-20271-001,,Philosophy @Barnard,PHIL,https://doc.sis.columbia.edu/subj/PHIL/V2201-20271-001/,,,,4,"PHIL UN2101
PHIL UN2211",,20271PHIL2201V001,LECTURE
PHIL UN2211,HIST OF PHILOSOPHY II-REC,,,,,00503,,V2211-20271-001,,Philosophy @Barnard,PHIL,https://doc.sis.columbia.edu/subj/PHIL/V2211-20271-001/,,,,0,,,20271PHIL2211V001,RECITATION
PHIL UN2211,HIST OF PHILOSOPHY II-REC,,,,,00504,,V2211-20271-002,,Philosophy @Barnard,PHIL,https://doc.sis.columbia.edu/subj/PHIL/V2211-20271-002/,,,,0,,,20271PHIL2211V002,RECITATION
PHIL UN2211,HIST OF PHILOSOPHY II-REC,,,,,00505,,V2211-20271-003,,Philosophy @Barnard,PHIL,https://doc.sis.columbia.edu/subj/PHIL/V2211-20271-003/,,,,0,,,20271PHIL2211V003,RECITATION
PHIL UN2655,COGNITIVE SCIENCE AND PHILOSOPHY,"This course will survey a number of topics at the intersection of cognitive science and philosophy. Potential topics include free will, consciousness, embodied cognition, artificial intelligence, neural networks, and the language of thought.",Tyler Knowlton,,,00559,,V2655-20271-001,COG SCI AND PHILOSOPHY,Cognitive Science @Barnard,PHIL,https://doc.sis.columbia.edu/subj/PHIL/V2655-20271-001/,,,,3,,,20271PHIL2655V001,LECTURE
PHIL UN2655,COGNITIVE SCIENCE AND PHILOSOPHY,"This course will survey a number of topics at the intersection of cognitive science and philosophy. Potential topics include free will, consciousness, embodied cognition, artificial intelligence, neural networks, and the language of thought.",Tyler Knowlton,,,00898,,V2655-20271-002,COG SCI AND PHILOSOPHY,Cognitive Science @Barnard,PHIL,https://doc.sis.columbia.edu/subj/PHIL/V2655-20271-002/,,,,3,,,20271PHIL2655V002,LECTURE
PHIL UN3351,PHENOMENOLOGY & EXISTENTIALISM,,Taylor Carman,,,00506,,V3351-20271-001,PHENOMENOLOGY & EXISTENTI,Philosophy @Barnard,PHIL,https://doc.sis.columbia.edu/subj/PHIL/V3351-20271-001/,,,,3,,,20271PHIL3351V001,LECTURE
PHIL UN3655,TOPICS IN COGNITIVE SCIENCE AND PHILOSOP,"This course will focus on one topic at the intersection of cognitive science and philosophy. Potential topics include free will, consciousness, modularity, mental representation, probabilistic inference, the language of thought, and the computational theory of mind.",Tyler Knowlton,,,00560,,V3655-20271-001,TOPICS IN COG SCI & PHILO,Cognitive Science @Barnard,PHIL,https://doc.sis.columbia.edu/subj/PHIL/V3655-20271-001/,,,,3,,,20271PHIL3655V001,LECTURE
PHYS BC1882,PreHealth Physics II,"This class is an introduction to electricity, magnetism, circuits, light & optics, with a brief introduction to atomic and nuclear physics. Our goal is to develop an understanding of the principles underlying Nature's richness therein and highlighting, when possible, its relevance in medical & biological contexts.",,,,00439,,X1882-20271-001,PreHealth Phys II,Physics and Astronomy @Barnard,PHYS,https://doc.sis.columbia.edu/subj/PHYS/X1882-20271-001/,,,,4.5,,,20271PHYS1882X001,LECTURE
PHYS BC2002,ELECTRICITY&MAGNETISM-LEC+LAB,"Charge, electric field, and potential. Gausss law. Circuits: capacitors and resistors. Magnetism and electromagnetism. Induction and inductance. Alternating currents. Maxwells equations. This is a calculus-based class. Familiarity with derivatives and integrals is needed.
  
PLEASE NOTE:  Students who take PHYS BC2002 may not get credit for PHYS BC2019 or PHYS BC2020.",Janna Levin,,,00440,,X2002-20271-001,ELECTRICITY&MAGNETISM-LEC,Physics and Astronomy @Barnard,PHYS,https://doc.sis.columbia.edu/subj/PHYS/X2002-20271-001/,,,,4.5,"PHYS BC2002
PHYS BC2019
PHYS BC2020",,20271PHYS2002X001,LECTURE
PHYS BC2019,ELECTRICITY&MAGNETISM-LAB ONLY,PHYS BC2020 Electricity & Magnetism -- Lecture Only is required as a pre- or co-requisite for this lab.,Stiliana Savin,,,00441,,X2019-20271-001,ELECTRICITY&MAGNETISM-LAB,Physics and Astronomy @Barnard,PHYS,https://doc.sis.columbia.edu/subj/PHYS/X2019-20271-001/,,,,1.5,PHYS BC2020,,20271PHYS2019X001,LABORATORY
PHYS BC2020,ELECTRICITY&MAGNETISM-LEC ONLY,"Prerequisite: Physics BC2001 or the equivalent.
  
Charge, electric field, and potential. Gauss's law. Circuits: capacitors and resistors. Magnetism and electromagnetism. Induction and inductance. Alternating currents. Maxwell's equations.  This is a calculus-based class. Familiarity with derivatives and integrals is needed.",Janna Levin,,,00443,,X2020-20271-001,ELECTRICITY&MAGNETISM-LEC,Physics and Astronomy @Barnard,PHYS,https://doc.sis.columbia.edu/subj/PHYS/X2020-20271-001/,,,,3,BC2001,,20271PHYS2020X001,LECTURE
PHYS BC3006,QUANTUM PHYSICS,"Prerequisites: BC3001 or C2601 or the equivalent. Wave-particle duality and the Uncertainty Principle. The Schrodinger equation. Basic principles of the quantum theory. Energy levels in one-dimensional potential wells. The harmonic oscillator, photons, and phonons. Reflection and transmission by one-dimensional potential barriers. Applications to atomic, molecular, and nuclear physics.",Reshmi Mukherjee,,,00444,,X3006-20271-001,,Physics and Astronomy @Barnard,PHYS,https://doc.sis.columbia.edu/subj/PHYS/X3006-20271-001/,,,,3,"BC3001
C2601",,20271PHYS3006X001,LECTURE
PHYS BC3086,QUANTUM PHYSICS LABORATORY,"Experiments illustrating phenomenological aspects of the early quantum theory: (i) Hydrogenic Spectra: Balmer Series - Bohr-Sommerfeld Model; (ii) Photoelectric Effect: Millikans Determination of h/e; (iii) Franck-Hertz Experiment; and (iv) Electron Diffraction Phenomena. Substantial preparation required, including written and oral presentations, as well as an interest in developing the knack and intuition of an experimental physicist. This course is best taken concurrently with PHYS BC3006 Quantum Physics.",Reshmi Mukherjee,,,00445,,X3086-20271-001,QUANTUM PHYSICS LABORATOR,Physics and Astronomy @Barnard,PHYS,https://doc.sis.columbia.edu/subj/PHYS/X3086-20271-001/,,,,3,PHYS BC3006,,20271PHYS3086X001,LABORATORY
PHYS BC3900,SUPERVISED INDIVIDUAL RESEARCH,"Prerequisites: Permission of the departmental representative required. For specially selected students, the opportunity to do a research problem in contemporary physics under the supervision of a faculty member. Each year several juniors are chosen in the spring to carry out such a project beginning in the autumn term. A detailed report on the research is presented by the student when the project is complete.",Timothy J Halpin-Healy,,,00566,,X3900-20271-001,SUPERVISED INDIVIDUAL RES,Physics and Astronomy @Barnard,PHYS,https://doc.sis.columbia.edu/subj/PHYS/X3900-20271-001/,,,,1-5,,,20271PHYS3900X001,INDEPENDENT
POLS BC1110,POLITICAL THEORY I,"This course considers key questions at the foundation of political thought.  What is justice?  How do we justify the coercive power of states? Do we have an obligation to obey the government? Who should make and enforce the law?  What basic rights and liberties should governments protect? How should our economic system produce and divide wealth and material resources?  What are the claims of excluded or marginalized groups and how can these claims be addressed?   We explore these questions through the works of several classical and contemporary political thinkers.  A major goal of the course is to practice the skills needed to understand a political thinker’s arguments and to construct one’s own.
  
BEGINNING IN FALL 2025, BARNARD STUDENTS WISHING TO TAKE POLITICAL THEORY FOR INTRO CREDIT TOWARD THE MAJOR MUST TAKE POLS-BC1110. If Barnard students enroll in POLS-UN2101, the course will only count toward their major as elective credit.
  
Columbia College students who take POLS-BC1110 can only apply the course toward their major for elective credit.
  
Students may not get credit for more than one of the following courses:  POLS BC1110, POLS UN1101, or POLS-UN2101.",Alyssa Battistoni,,,00857,,X1110-20271-001,,Political Science @Barnard,POLS,https://doc.sis.columbia.edu/subj/POLS/X1110-20271-001/,,,,4,"BC1110
BC1110
POLS BC1110
POLS UN1101
UN2101
UN2101",,20271POLS1110X001,LECTURE
POLS BC1610,INTERNATIONAL POLITICS,"This introductory course surveys key topics in the study of international politics, including the causes of war and peace; the efficacy of international law and human rights; the origins of international development and underdevelopment; the politics of global environmental protection; and the future of US-China relations. Throughout the course, we will focus on the 
interests
 of the many actors of world politics, including states, politicians, firms, bureaucracies, international organizations, and nongovernmental organizations; the 
interactions
 between them; and the 
institutions
 in which they operate. By the end of the semester, students will be better equipped to systematically study international relations and make informed contributions to critical policy debates.
  
BEGINNING IN FALL 2025, BARNARD STUDENTS WISHING TO TAKE INTERNATIONAL POLITICS FOR INTRO CREDIT TOWARD THE MAJOR MUST TAKE POLS-BC1610. If Barnard students enroll in POLS-UN2601, the course will only count toward their major as elective credit.
  
Columbia College students who take POLS-BC1610 can only apply the course toward their major for elective credit.
  
Students may not get credit for more than one of the following courses:  POLS BC1610, POLS UN1601, or POLS-UN2601.",Gideon Rose,,,00858,,X1610-20271-001,,Political Science @Barnard,POLS,https://doc.sis.columbia.edu/subj/POLS/X1610-20271-001/,,,,4,"BC1610
BC1610
POLS BC1610
POLS UN1601
UN2601
UN2601",,20271POLS1610X001,LECTURE
POLS BC3016,MODERN POLITICAL THOUGHT,"This course is a survey of modern political theory (approximately the 16th-19th centuries), examining the revolutionary challenges to classical and medieval political philosophy posed by such writers as Hobbes, Locke, Rousseau, Burke, and Marx. Our work seeks to address themes and questions such as: what is modern about modern political theory? What is human nature? What is power and how is it deployed? What are the possibilities and limits of social contract theory? What are the nature and scope of rights, duties, freedom, and equality? What is the relation between the state and the individual? What are rights and do they authorize political resistance? What are the core modern political values and how do modern political theorists grapple with their implementation? Does modernity signify 
an age of progress 
in terms of knowledge about the world and freedom for human beings? Or do modern technological, political and social developments actually constitute 
a new kind of prison
? How do modern political thinkers conceptualize or fail to conceptualize race and gender? In what ways can modern political thought animate thinking about contemporary politics?
  
Simultaneously, we seek to critically engage with these classic texts about politics, political subjects, and political life in two ways. First, we will question what “modern” or “modernity” means historically and theoretically; in doing so, we will interrogate practices and theories of exclusion and violence that seek to grant only some subjects and collectivities access to the presumed progress of “modernity.” Second, and in a related vein, we will analyze these texts for the discourses of race and gender they produce, both explicitly and tacitly. We pursue these objectives by examining contemporary readings of this time period and of the theorists upon whom we will focus.",Jonathan J Keller,,,00887,,X3016-20271-001,,Political Science @Barnard,POLS,https://doc.sis.columbia.edu/subj/POLS/X3016-20271-001/,,,,3,,,20271POLS3016X001,LECTURE
POLS BC3033,COLL: THE AMERICAN PRESIDENCY,"The origin and development of the contemporary roles of the President as a decision maker and the
 importance of the presidency in the American Political System. Studies examining the selection process
 and the relationship between presidents and other decision- making actors, such as the Congress,
 interest groups, the courts and the bureaucracy, will be used to inform the students to help critically
 analyze both continuity and changes in the influence of the office.
 This course examines the American presidency from both an academic and applied perspective. The
 executive branch of government has changed more than the others, especially over the past century.
 As America has moved from a legislative centered government to an executive centered one, it
 becomes important to understand the intricacies of presidents and of the presidency. This course
 examines the individuals who have held this office and stand as the head of state and government,
 along with the institutional structure of the executive branch that consists of departments, agencies,
 offices that employ over two million people. The course covers the complexities and struggles
 administrations have in navigating internal politics, along with public expectations and approval,
 influencing relations with Congress and the courts, and navigating global politics around security and
 economic interests.",Jonathan J Keller,,,00886,,X3033-20271-001,COLL: THE AMERICAN PRESID,Political Science @Barnard,POLS,https://doc.sis.columbia.edu/subj/POLS/X3033-20271-001/,,,,4,,,20271POLS3033X001,COLLOQUIA
POLS BC3205,PUBLIC OPINION AND AMERICAN D,"In this course, we will examine the relationship between government and the governed in the United States. To what extent and under what circumstances do elected officials consider public preferences in making policy? To what extent and under what circumstances might we want them to? What kind of power should the public have in American democracy? Thinking about the second and third, more normative questions leads us to other empirical questions. What shapes public preferences? How well can we measure them? How much do people know and care about politics? How do they evaluate their representatives? What constitutes high quality representation? We will examine these kinds of questions broadly, and also consider how they play out in particular policy areas and historical moments. We will also discuss the dynamics of public opinion across population subgroups (e.g. by race, sex, income, party, urbanity, etc.), and questions surrounding representation at the group level. In addition to engaging scholarly literature on public opinion and representation, students will also learn to access, manage, and analyze data measuring the composition of the public (e.g. the U.S. Census) as well as public views on political candidates, officeholders, institutions, and issues (e.g. survey data). These skills will help to prepare students for research projects in other courses and beyond Barnard. To balance the different aims of the course, our class time will be split between lecture, discussion, and hands-on lessons in a computer lab.",Katherine L Krimmel,,,00860,,X3205-20271-001,PUBLIC OPINION AND AMERIC,Political Science @Barnard,POLS,https://doc.sis.columbia.edu/subj/POLS/X3205-20271-001/,,,,3,,,20271POLS3205X001,LECTURE
POLS BC3254,FIRST AMENDMENT VALUES,"Prerequisites: POLS W1201 or an equivalent. Not an introductory course. Not open to students who have taken the colloquium POLS BC3302. Examines the first amendment rights of speech, press, religion and assembly. In-depth analysis of landmark Supreme Court rulings provides the basis for exploring theoretical antecedents as well as contemporary applications of such doctrines as freedom of association, libel, symbolic speech, obscenity, hate speech, political speech, commercial speech, freedom of the press and religion. (Cross-listed by the American Studies Program.)",Paula A Franzese,,,00861,,X3254-20271-001,,Political Science @Barnard,POLS,https://doc.sis.columbia.edu/subj/POLS/X3254-20271-001/,,,,3,"POLS BC3302
POLS W1201",,20271POLS3254X001,LECTURE
POLS BC3337,ELECTION LAW AND REFORM,"Prerequisites: POLS 1210 or an equivalent intro-level course in American Politics. This course blends “election science”—a new and growing subfield in empirical political science—with a close examination of election law. We will examine not only how political scientists study elections, but also the federal court decisions that have shaped the rules of American elections. This course will therefore be particularly useful not only for students interested in data-driven assessment of electoral policies, but also for those considering professional legal education as a next step.",Michael Miller,,,00866,,X3337-20271-001,,Political Science @Barnard,POLS,https://doc.sis.columbia.edu/subj/POLS/X3337-20271-001/,,,,3,,,20271POLS3337X001,LECTURE
POLS BC3350,COLL: THE PROMISES AND PERILS OF IDENTIT,"In the course, we will engage the decades-long debates around what it means to organize politics around identity in the United States, particularly from the lens of marginalized groups. In the age of American politics where the term “identity politics” is often used as a dismissal or derogation of the experiences of marginalized groups, what exactly is identity politics? What do the contemporary anxieties around identity politics tell us about political life? What are the political possibilities that arise from organizing identity-based movements? Does focusing too much on identity politics overshadow concerns around material redistribution? We will trace the notion of identity politics back to its origins in Black queer feminism in the 1970s, and seek to understand its evolutions to today. We will bridge the work of critical theorists with the empirical study of identity-based politics, focusing on those who have sought to negotiate differences across race, gender, and sexuality.",Sonya G Chen,,,00867,,X3350-20271-001,COLL: PROMISES&PERILS ID,Political Science @Barnard,POLS,https://doc.sis.columbia.edu/subj/POLS/X3350-20271-001/,,,,4,,,20271POLS3350X001,COLLOQUIA
POLS BC3424,ASIAN POLITICS,,Sonya G Chen,,,00868,,X3424-20271-001,,Political Science @Barnard,POLS,https://doc.sis.columbia.edu/subj/POLS/X3424-20271-001/,,,,3,,,20271POLS3424X001,LECTURE
POLS BC3435,COLL: LAW AND VIOLENCE,"Prerequisites: Admission by application through the Barnard Political Science Department only. Enrollment limited to 16 students. Requires POLS 1011 (Political Theory) or equivalent. This colloquium examines how the law can participate in the justification of various forms of violence, exclusion, and inequality. It focuses on the power of law to determine which subjects get recognized as persons entitled to rights. Possible topics include slavery, migration, gender, sexual orientation, disability, homelessness, and nonhuman animals.",Ayten Gundogdu,,,00869,,X3435-20271-001,,Political Science @Barnard,POLS,https://doc.sis.columbia.edu/subj/POLS/X3435-20271-001/,,,,4,,,20271POLS3435X001,COLLOQUIA
POLS BC3799,INDEPENDENT STUDY,"Students who wish to do an independent study project (I.S.P.), should speak with a Political Science faculty member willing to serve as sponsor, then fill out a Request for Approval of Credit for Independent Study (see Registrars link below) and obtain signatures from the sponsor and from our Department Chair. File this form with the Committee on Programs and Academic Standing, which must approve all requests. (It must be filed with the C.P.A.S. well before the Registrars program-filing deadline for the semester of the I.S.P.) Note that no credit is given for an internship or job experience in or by itself, but credit is given for an academic research paper written in conjunction with an internship, subject to the procedures outlined above. The internship and the I.S.P. can be in the same semester, or you may do the I.S.P. in the semester following the internship. A project approved for three or four points counts as an elective course for the purpose of the ten-course major or five-course minor requirement. No more than two such three- or four-point projects may be used for the major, and no more than one for the minor. An independent study project may not be used to satisfy either the colloquium or senior seminar requirement. Each instructor is limited to sponsoring one independent study project per semester. The Registrar will assign a POLS BC 3799 section and call number unique to the faculty sponsor. The Registrars ISP form: http://www.barnard.edu/sites/default/files/inline/indstudy.pdf. The Political Science faculty: http://polisci.barnard.edu/faculty-directory.",Severine Autesserre,,,00872,,X3799-20271-001,,Political Science @Barnard,POLS,https://doc.sis.columbia.edu/subj/POLS/X3799-20271-001/,,,,1-4,,,20271POLS3799X001,INDEPENDENT
POLS BC3799,INDEPENDENT STUDY,"Students who wish to do an independent study project (I.S.P.), should speak with a Political Science faculty member willing to serve as sponsor, then fill out a Request for Approval of Credit for Independent Study (see Registrars link below) and obtain signatures from the sponsor and from our Department Chair. File this form with the Committee on Programs and Academic Standing, which must approve all requests. (It must be filed with the C.P.A.S. well before the Registrars program-filing deadline for the semester of the I.S.P.) Note that no credit is given for an internship or job experience in or by itself, but credit is given for an academic research paper written in conjunction with an internship, subject to the procedures outlined above. The internship and the I.S.P. can be in the same semester, or you may do the I.S.P. in the semester following the internship. A project approved for three or four points counts as an elective course for the purpose of the ten-course major or five-course minor requirement. No more than two such three- or four-point projects may be used for the major, and no more than one for the minor. An independent study project may not be used to satisfy either the colloquium or senior seminar requirement. Each instructor is limited to sponsoring one independent study project per semester. The Registrar will assign a POLS BC 3799 section and call number unique to the faculty sponsor. The Registrars ISP form: http://www.barnard.edu/sites/default/files/inline/indstudy.pdf. The Political Science faculty: http://polisci.barnard.edu/faculty-directory.",Alexander A Cooley,,,00873,,X3799-20271-002,,Political Science @Barnard,POLS,https://doc.sis.columbia.edu/subj/POLS/X3799-20271-002/,,,,1-4,,,20271POLS3799X002,INDEPENDENT
POLS BC3799,INDEPENDENT STUDY,"Students who wish to do an independent study project (I.S.P.), should speak with a Political Science faculty member willing to serve as sponsor, then fill out a Request for Approval of Credit for Independent Study (see Registrars link below) and obtain signatures from the sponsor and from our Department Chair. File this form with the Committee on Programs and Academic Standing, which must approve all requests. (It must be filed with the C.P.A.S. well before the Registrars program-filing deadline for the semester of the I.S.P.) Note that no credit is given for an internship or job experience in or by itself, but credit is given for an academic research paper written in conjunction with an internship, subject to the procedures outlined above. The internship and the I.S.P. can be in the same semester, or you may do the I.S.P. in the semester following the internship. A project approved for three or four points counts as an elective course for the purpose of the ten-course major or five-course minor requirement. No more than two such three- or four-point projects may be used for the major, and no more than one for the minor. An independent study project may not be used to satisfy either the colloquium or senior seminar requirement. Each instructor is limited to sponsoring one independent study project per semester. The Registrar will assign a POLS BC 3799 section and call number unique to the faculty sponsor. The Registrars ISP form: http://www.barnard.edu/sites/default/files/inline/indstudy.pdf. The Political Science faculty: http://polisci.barnard.edu/faculty-directory.",Faculty,,,00874,,X3799-20271-003,,Political Science @Barnard,POLS,https://doc.sis.columbia.edu/subj/POLS/X3799-20271-003/,,,,1-4,,,20271POLS3799X003,INDEPENDENT
POLS BC3799,INDEPENDENT STUDY,"Students who wish to do an independent study project (I.S.P.), should speak with a Political Science faculty member willing to serve as sponsor, then fill out a Request for Approval of Credit for Independent Study (see Registrars link below) and obtain signatures from the sponsor and from our Department Chair. File this form with the Committee on Programs and Academic Standing, which must approve all requests. (It must be filed with the C.P.A.S. well before the Registrars program-filing deadline for the semester of the I.S.P.) Note that no credit is given for an internship or job experience in or by itself, but credit is given for an academic research paper written in conjunction with an internship, subject to the procedures outlined above. The internship and the I.S.P. can be in the same semester, or you may do the I.S.P. in the semester following the internship. A project approved for three or four points counts as an elective course for the purpose of the ten-course major or five-course minor requirement. No more than two such three- or four-point projects may be used for the major, and no more than one for the minor. An independent study project may not be used to satisfy either the colloquium or senior seminar requirement. Each instructor is limited to sponsoring one independent study project per semester. The Registrar will assign a POLS BC 3799 section and call number unique to the faculty sponsor. The Registrars ISP form: http://www.barnard.edu/sites/default/files/inline/indstudy.pdf. The Political Science faculty: http://polisci.barnard.edu/faculty-directory.",Faculty,,,00875,,X3799-20271-004,,Political Science @Barnard,POLS,https://doc.sis.columbia.edu/subj/POLS/X3799-20271-004/,,,,1-4,,,20271POLS3799X004,INDEPENDENT
POLS BC3799,INDEPENDENT STUDY,"Students who wish to do an independent study project (I.S.P.), should speak with a Political Science faculty member willing to serve as sponsor, then fill out a Request for Approval of Credit for Independent Study (see Registrars link below) and obtain signatures from the sponsor and from our Department Chair. File this form with the Committee on Programs and Academic Standing, which must approve all requests. (It must be filed with the C.P.A.S. well before the Registrars program-filing deadline for the semester of the I.S.P.) Note that no credit is given for an internship or job experience in or by itself, but credit is given for an academic research paper written in conjunction with an internship, subject to the procedures outlined above. The internship and the I.S.P. can be in the same semester, or you may do the I.S.P. in the semester following the internship. A project approved for three or four points counts as an elective course for the purpose of the ten-course major or five-course minor requirement. No more than two such three- or four-point projects may be used for the major, and no more than one for the minor. An independent study project may not be used to satisfy either the colloquium or senior seminar requirement. Each instructor is limited to sponsoring one independent study project per semester. The Registrar will assign a POLS BC 3799 section and call number unique to the faculty sponsor. The Registrars ISP form: http://www.barnard.edu/sites/default/files/inline/indstudy.pdf. The Political Science faculty: http://polisci.barnard.edu/faculty-directory.",Faculty,,,00877,,X3799-20271-005,,Political Science @Barnard,POLS,https://doc.sis.columbia.edu/subj/POLS/X3799-20271-005/,,,,1-4,,,20271POLS3799X005,INDEPENDENT
POLS BC3801,COLL:POLITICS OF DEVELOPMENT,"Prerequisites: V 1501 or equivalent Description: The semester-long course aims to study political and social factors behind economic development and exam empirical cases of the success and failure in economic growth in order to understand the key features of the development processes. In the last two centuries, some countries successfully achieved economic growth and development, while other failed to do so. Even in the post-WWII period, the world has witnessed the rise and decline of economies around the world. Why do nations succeed or fail in economic development? How do political institutions affect economic outcomes? What are the ways in which state and market interact and influence each other? Can democracy be considered a cause of development, an outgrowth of development, or neither and to which extent? How do external factors such as foreign aid encourage or discourage development? We will try to examine these questions by taking a historical-institutional and comparative approach and take a critical look at the role of political and other institutions by applying theoretical guidelines and empirical cases. We will explore competing explanations for the successes and failures of economic development in the world. Objective:1. Understand some important concepts and theories within the fields of comparative politics and political economy. To explore the interconnections between politics, economy, and society in the context of development policy and practice.2. Develop basic analytic skills to explore various factors that shape political, economic, and social development and underdevelopment in the world;3. Understand some country specific political economy processes and how these processes prove or disprove certain theories and policies.",Xiaobo Lu,,,00876,,X3801-20271-001,COLL:POLITICS OF DEVELOPM,Political Science @Barnard,POLS,https://doc.sis.columbia.edu/subj/POLS/X3801-20271-001/,,,,4,,,20271POLS3801X001,COLLOQUIA
POLS UN3565,DRUGS & POLITICS IN AMERICAS,"A major challenge for governments across the Western Hemisphere is the complex relationship between illicit drugs, violence, and politics. We can see this relationship operating at multiple levels, from everyday politics in gang-controlled neighborhoods to the global arenas where governments debate and craft international drug policy. These links also reach back in history to global wars of empire and colonial rule, race relations during and following the collapse of the institution of slavery, and contemporary drug wars being waged across the Western Hemisphere and other parts of the world. Today, the dynamics and consequences of the politics of illicit drugs touch all our lives in different ways, including individual and family struggles with substance abuse, everyday encounters with militarized police, and the strains on democracy and citizenship, among many others. This course will examine some of these dynamics and consequences with a theoretical and empirical focus mainly on Latin America and the United States. Throughout our time together we will connect these pressing issues to broader theories, concepts and empirical findings in political science. The course is divided into several individual modules (denoted below with the headings A – G) under three overarching themes for this semester:
  
 
  
1. Politics of Drugs in a Historical Perspective: 
The first theme is a broad historical overview of the political origins of illicit drugs and the global drug regime. Some of the main questions we will tackle are: When and why did states label drugs as illicit?  How did domestic and global politics come together to shape the global drug regime and the “war on drugs?” What role did race and gender play in the early social construction of illicit drugs?
  
 
  
2. Illicit Drugs, Politics and Governance:
 The second theme focuses on contemporary linkages between illicit drugs, violence, and politics. Here we will examine the conditions under which illicit drug markets are either violent or (relatively) peaceful. We will tackle questions like: Do states always seek to dismantle drug markets? What is the relationship between illicit drugs and electoral politics? What role do illicit drugs play in governance by armed non-state actors?  Are states and criminal actors involved in the drug trade always at “war” with each other? 
  
 
3. Democracy, Citizenship, and the War on Drugs: 
The th",Eduardo Moncada,,,00870,,V3565-20271-001,DRUGS & POLITICS IN AMERI,Political Science @Barnard,POLS,https://doc.sis.columbia.edu/subj/POLS/V3565-20271-001/,,,,4,,,20271POLS3565V001,LECTURE
POLS UN3620,INTRO CONTEMP CHINESE POLITICS,"This undergraduate course is designed to introduce to students who have limited knowledge of China some basic aspects of political institutions and processes as well as major events in Chinese political life under the communists since 1949, focusing on the post-Mao reform period since 1978. It examines economic and political development in China--their causes, patterns, consequences, and implications--in a broader context of transition from authoritarianism and state socialism. In this class, we will apply some concepts and theories in comparative politics in analyzing Chinese politics. By taking this class, students are expected to gain substantial knowledge about contemporary Chinese politics and acquire some basic ability to apply such knowledge to relate to and analyze current affairs concerning China.",Xiaobo Lu,,,00871,,V3620-20271-001,INTRO CONTEMP CHINESE POL,Political Science @Barnard,POLS,https://doc.sis.columbia.edu/subj/POLS/V3620-20271-001/,,,,4,,,20271POLS3620V001,LECTURE
PSYC BC1001,INTRODUCTION TO PSYCHOLOGY,"This course is a prerequisite for the Psychology Major, as well as for most other Barnard PSYC courses (be sure to check all course information before enrolling in a course).
  
The following Columbia University courses are considered overlapping and a student cannot receive credit for both the BC course and the equivalent CU course: UN1001 The Science of Psychology; and UN1021 Science of Psychology: Explorations/Applications.",Svetlana Komissarouk,,,00677,,X1001-20271-001,INTRODUCTION TO PSYCHOLOG,Psychology @Barnard,PSYC,https://doc.sis.columbia.edu/subj/PSYC/X1001-20271-001/,,,,3,"UN1001
UN1021",,20271PSYC1001X001,LECTURE
PSYC BC1001,INTRODUCTION TO PSYCHOLOGY,"This course is a prerequisite for the Psychology Major, as well as for most other Barnard PSYC courses (be sure to check all course information before enrolling in a course).
  
The following Columbia University courses are considered overlapping and a student cannot receive credit for both the BC course and the equivalent CU course: UN1001 The Science of Psychology; and UN1021 Science of Psychology: Explorations/Applications.",Angelika Seidel,,,00678,,X1001-20271-002,INTRODUCTION TO PSYCHOLOG,Psychology @Barnard,PSYC,https://doc.sis.columbia.edu/subj/PSYC/X1001-20271-002/,,,,3,"UN1001
UN1021",,20271PSYC1001X002,LECTURE
PSYC BC1001,INTRODUCTION TO PSYCHOLOGY,"This course is a prerequisite for the Psychology Major, as well as for most other Barnard PSYC courses (be sure to check all course information before enrolling in a course).
  
The following Columbia University courses are considered overlapping and a student cannot receive credit for both the BC course and the equivalent CU course: UN1001 The Science of Psychology; and UN1021 Science of Psychology: Explorations/Applications.",Isabelle Portelinha,,,00679,,X1001-20271-003,INTRODUCTION TO PSYCHOLOG,Psychology @Barnard,PSYC,https://doc.sis.columbia.edu/subj/PSYC/X1001-20271-003/,,,,3,"UN1001
UN1021",,20271PSYC1001X003,LECTURE
PSYC BC1001,INTRODUCTION TO PSYCHOLOGY,"This course is a prerequisite for the Psychology Major, as well as for most other Barnard PSYC courses (be sure to check all course information before enrolling in a course).
  
The following Columbia University courses are considered overlapping and a student cannot receive credit for both the BC course and the equivalent CU course: UN1001 The Science of Psychology; and UN1021 Science of Psychology: Explorations/Applications.",,,,00688,,X1001-20271-004,INTRODUCTION TO PSYCHOLOG,Psychology @Barnard,PSYC,https://doc.sis.columbia.edu/subj/PSYC/X1001-20271-004/,,,,3,"UN1001
UN1021",,20271PSYC1001X004,LECTURE
PSYC BC1010,INTRO LAB EXPERIMENTAL PSYCH,"Corequisites: PSYC BC1001, or its equivalent. While this lab is not required for either Psychology Major or Non-Major, it is not open to students who have already completed or are concurrently enrolled in PSYC BC1020 Research Methods and Analysis. This lab course is intended for students who have not previously been enrolled in a psychology lab course; and a majority of seats are reserved for First Year and Sophomore students. A laboratory-based introduction to experimental methods used in psychological research. Upon successful completion of this course, students will know how to review the primary literature and formulate a hypothesis, design an experiment, analyze data using statistical methods, communicate the results of a scientific study through oral presentation and written manuscript, and carry out research studies under ethical guidelines. Students will be able to apply the acquired knowledge in all disciplines of Psychology and will be prepared to engage in advance research in fields including, but not limited to, Cognition, Learning, Perception, Behavioral Neuroscience, Development, Personality, and Social Psychology.",Ken Light,,,00676,,X1010-20271-001,,Psychology @Barnard,PSYC,https://doc.sis.columbia.edu/subj/PSYC/X1010-20271-001/,,,,2.5,"PSYC BC1001
PSYC BC1020",,20271PSYC1010X001,LABORATORY
PSYC BC1010,INTRO LAB EXPERIMENTAL PSYCH,"Corequisites: PSYC BC1001, or its equivalent. While this lab is not required for either Psychology Major or Non-Major, it is not open to students who have already completed or are concurrently enrolled in PSYC BC1020 Research Methods and Analysis. This lab course is intended for students who have not previously been enrolled in a psychology lab course; and a majority of seats are reserved for First Year and Sophomore students. A laboratory-based introduction to experimental methods used in psychological research. Upon successful completion of this course, students will know how to review the primary literature and formulate a hypothesis, design an experiment, analyze data using statistical methods, communicate the results of a scientific study through oral presentation and written manuscript, and carry out research studies under ethical guidelines. Students will be able to apply the acquired knowledge in all disciplines of Psychology and will be prepared to engage in advance research in fields including, but not limited to, Cognition, Learning, Perception, Behavioral Neuroscience, Development, Personality, and Social Psychology.",Mariel Roberts,,,00683,,X1010-20271-002,,Psychology @Barnard,PSYC,https://doc.sis.columbia.edu/subj/PSYC/X1010-20271-002/,,,,2.5,"PSYC BC1001
PSYC BC1020",,20271PSYC1010X002,LABORATORY
PSYC BC1010,INTRO LAB EXPERIMENTAL PSYCH,"Corequisites: PSYC BC1001, or its equivalent. While this lab is not required for either Psychology Major or Non-Major, it is not open to students who have already completed or are concurrently enrolled in PSYC BC1020 Research Methods and Analysis. This lab course is intended for students who have not previously been enrolled in a psychology lab course; and a majority of seats are reserved for First Year and Sophomore students. A laboratory-based introduction to experimental methods used in psychological research. Upon successful completion of this course, students will know how to review the primary literature and formulate a hypothesis, design an experiment, analyze data using statistical methods, communicate the results of a scientific study through oral presentation and written manuscript, and carry out research studies under ethical guidelines. Students will be able to apply the acquired knowledge in all disciplines of Psychology and will be prepared to engage in advance research in fields including, but not limited to, Cognition, Learning, Perception, Behavioral Neuroscience, Development, Personality, and Social Psychology.",Isabelle Portelinha,,,00684,,X1010-20271-003,,Psychology @Barnard,PSYC,https://doc.sis.columbia.edu/subj/PSYC/X1010-20271-003/,,,,2.5,"PSYC BC1001
PSYC BC1020",,20271PSYC1010X003,LABORATORY
PSYC BC1010,INTRO LAB EXPERIMENTAL PSYCH,"Corequisites: PSYC BC1001, or its equivalent. While this lab is not required for either Psychology Major or Non-Major, it is not open to students who have already completed or are concurrently enrolled in PSYC BC1020 Research Methods and Analysis. This lab course is intended for students who have not previously been enrolled in a psychology lab course; and a majority of seats are reserved for First Year and Sophomore students. A laboratory-based introduction to experimental methods used in psychological research. Upon successful completion of this course, students will know how to review the primary literature and formulate a hypothesis, design an experiment, analyze data using statistical methods, communicate the results of a scientific study through oral presentation and written manuscript, and carry out research studies under ethical guidelines. Students will be able to apply the acquired knowledge in all disciplines of Psychology and will be prepared to engage in advance research in fields including, but not limited to, Cognition, Learning, Perception, Behavioral Neuroscience, Development, Personality, and Social Psychology.",Svetlana Komissarouk,,,00685,,X1010-20271-004,,Psychology @Barnard,PSYC,https://doc.sis.columbia.edu/subj/PSYC/X1010-20271-004/,,,,2.5,"PSYC BC1001
PSYC BC1020",,20271PSYC1010X004,LABORATORY
PSYC BC1010,INTRO LAB EXPERIMENTAL PSYCH,"Corequisites: PSYC BC1001, or its equivalent. While this lab is not required for either Psychology Major or Non-Major, it is not open to students who have already completed or are concurrently enrolled in PSYC BC1020 Research Methods and Analysis. This lab course is intended for students who have not previously been enrolled in a psychology lab course; and a majority of seats are reserved for First Year and Sophomore students. A laboratory-based introduction to experimental methods used in psychological research. Upon successful completion of this course, students will know how to review the primary literature and formulate a hypothesis, design an experiment, analyze data using statistical methods, communicate the results of a scientific study through oral presentation and written manuscript, and carry out research studies under ethical guidelines. Students will be able to apply the acquired knowledge in all disciplines of Psychology and will be prepared to engage in advance research in fields including, but not limited to, Cognition, Learning, Perception, Behavioral Neuroscience, Development, Personality, and Social Psychology.",Angelika Seidel,,,00686,,X1010-20271-005,,Psychology @Barnard,PSYC,https://doc.sis.columbia.edu/subj/PSYC/X1010-20271-005/,,,,2.5,"PSYC BC1001
PSYC BC1020",,20271PSYC1010X005,LABORATORY
PSYC BC1010,INTRO LAB EXPERIMENTAL PSYCH,"Corequisites: PSYC BC1001, or its equivalent. While this lab is not required for either Psychology Major or Non-Major, it is not open to students who have already completed or are concurrently enrolled in PSYC BC1020 Research Methods and Analysis. This lab course is intended for students who have not previously been enrolled in a psychology lab course; and a majority of seats are reserved for First Year and Sophomore students. A laboratory-based introduction to experimental methods used in psychological research. Upon successful completion of this course, students will know how to review the primary literature and formulate a hypothesis, design an experiment, analyze data using statistical methods, communicate the results of a scientific study through oral presentation and written manuscript, and carry out research studies under ethical guidelines. Students will be able to apply the acquired knowledge in all disciplines of Psychology and will be prepared to engage in advance research in fields including, but not limited to, Cognition, Learning, Perception, Behavioral Neuroscience, Development, Personality, and Social Psychology.",Angelika Seidel,,,00839,,X1010-20271-006,,Psychology @Barnard,PSYC,https://doc.sis.columbia.edu/subj/PSYC/X1010-20271-006/,,,,2.5,"PSYC BC1001
PSYC BC1020",,20271PSYC1010X006,LABORATORY
PSYC BC1020,BEHAVIORAL RESEARCH METHODS AND ANALYSIS,"This course is one of three prerequisites for all 2000-level PSYC lab courses, and is a requirement for the Psychology Major. PSYC BC1001, or its equivalent, must be completed prior to or concurrently with this course. Also note that once this course has been completed a student 
cannot
 then enroll in PSYC BC1010 Intro Lab. (If a student chooses to take BC1010 Intro Lab, it must be completed 
before
 BC1020 Research Methods.) This class will introduce students to the fundamental scientific principles, experimental methods, and analytical approaches involved in the study of human behavior. The initial major topics to be covered include how basic scientific approach can be gainfully and ethically used to study human behavior. The following topics in the course will cover the most prevalent manners of collecting data in behavioral research and the most common types of statistical analyses and tests such data is subjected to. The latter topics in the course will introduce some of the more advanced experimental designs and statistical approaches that are more specific to the social sciences.",Mariel Roberts,,,00680,,X1020-20271-001,BEHAVRL RESRCH METHOD ANA,Psychology @Barnard,PSYC,https://doc.sis.columbia.edu/subj/PSYC/X1020-20271-001/,,,,3,"BC1010
BC1020
PSYC BC1001
PSYC BC1010",,20271PSYC1020X001,LECTURE
PSYC BC1020,BEHAVIORAL RESEARCH METHODS AND ANALYSIS,"This course is one of three prerequisites for all 2000-level PSYC lab courses, and is a requirement for the Psychology Major. PSYC BC1001, or its equivalent, must be completed prior to or concurrently with this course. Also note that once this course has been completed a student 
cannot
 then enroll in PSYC BC1010 Intro Lab. (If a student chooses to take BC1010 Intro Lab, it must be completed 
before
 BC1020 Research Methods.) This class will introduce students to the fundamental scientific principles, experimental methods, and analytical approaches involved in the study of human behavior. The initial major topics to be covered include how basic scientific approach can be gainfully and ethically used to study human behavior. The following topics in the course will cover the most prevalent manners of collecting data in behavioral research and the most common types of statistical analyses and tests such data is subjected to. The latter topics in the course will introduce some of the more advanced experimental designs and statistical approaches that are more specific to the social sciences.",Faculty,,,00681,,X1020-20271-002,BEHAVRL RESRCH METHOD ANA,Psychology @Barnard,PSYC,https://doc.sis.columbia.edu/subj/PSYC/X1020-20271-002/,,,,3,"BC1010
BC1020
PSYC BC1001
PSYC BC1010",,20271PSYC1020X002,LECTURE
PSYC BC1099,SCIENCE AND SCIENTISTS,"Weekly meetings with researchers from Barnard, Columbia, and other guests to discuss the nature of scientific inquiry in psychology; and intellectual, professional, and personal issues in the work of scientists.",Isabelle Portelinha,,,00687,,X1099-20271-001,,Psychology @Barnard,PSYC,https://doc.sis.columbia.edu/subj/PSYC/X1099-20271-001/,,,,1,,,20271PSYC1099X001,SEMINAR
PSYC BC1101,STATISTICS LECTURE AND RECITATION,"Prerequisite (or co-requisite): PSYC BC1001. Lecture course and associated recitation section introducing students to statistics and its applications to psychological research. The course covers basic theory, conceptual underpinnings, and common statistics. The following Columbia University courses are considered overlapping and a student cannot receive credit for both the BC course and the equivalent CU course: STAT UN1001 Introduction to Statistical Reasoning; STAT UN1101 Introduction to Statistics; STAT UN1201 Introduction to Statistics.",Katherine Thorson,,,00667,,X1101-20271-003,STATISTICS LECTURE&RECITATION,Psychology @Barnard,PSYC,https://doc.sis.columbia.edu/subj/PSYC/X1101-20271-003/,,,,4,"PSYC BC1001
STAT UN1001
STAT UN1101
STAT UN1201",,20271PSYC1101X003,LECTURE
PSYC BC1101,STATISTICS LECTURE AND RECITATION,"Prerequisite (or co-requisite): PSYC BC1001. Lecture course and associated recitation section introducing students to statistics and its applications to psychological research. The course covers basic theory, conceptual underpinnings, and common statistics. The following Columbia University courses are considered overlapping and a student cannot receive credit for both the BC course and the equivalent CU course: STAT UN1001 Introduction to Statistical Reasoning; STAT UN1101 Introduction to Statistics; STAT UN1201 Introduction to Statistics.",Katherine Thorson,,,00668,,X1101-20271-004,STATISTICS LECTURE&RECITATION,Psychology @Barnard,PSYC,https://doc.sis.columbia.edu/subj/PSYC/X1101-20271-004/,,,,4,"PSYC BC1001
STAT UN1001
STAT UN1101
STAT UN1201",,20271PSYC1101X004,LECTURE
PSYC BC1101,STATISTICS LECTURE AND RECITATION,"Prerequisite (or co-requisite): PSYC BC1001. Lecture course and associated recitation section introducing students to statistics and its applications to psychological research. The course covers basic theory, conceptual underpinnings, and common statistics. The following Columbia University courses are considered overlapping and a student cannot receive credit for both the BC course and the equivalent CU course: STAT UN1001 Introduction to Statistical Reasoning; STAT UN1101 Introduction to Statistics; STAT UN1201 Introduction to Statistics.",Robert Brotherton,,,00670,,X1101-20271-002,STATISTICS LECTURE&RECITATION,Psychology @Barnard,PSYC,https://doc.sis.columbia.edu/subj/PSYC/X1101-20271-002/,,,Barnard College,4,"PSYC BC1001
STAT UN1001
STAT UN1101
STAT UN1201",,20271PSYC1101X002,LECTURE
PSYC BC1101,STATISTICS LECTURE AND RECITATION,"Prerequisite (or co-requisite): PSYC BC1001. Lecture course and associated recitation section introducing students to statistics and its applications to psychological research. The course covers basic theory, conceptual underpinnings, and common statistics. The following Columbia University courses are considered overlapping and a student cannot receive credit for both the BC course and the equivalent CU course: STAT UN1001 Introduction to Statistical Reasoning; STAT UN1101 Introduction to Statistics; STAT UN1201 Introduction to Statistics.",Robert Brotherton,,,00671,,X1101-20271-001,STATISTICS LECTURE&RECITATION,Psychology @Barnard,PSYC,https://doc.sis.columbia.edu/subj/PSYC/X1101-20271-001/,,,Barnard College,4,"PSYC BC1001
STAT UN1001
STAT UN1101
STAT UN1201",,20271PSYC1101X001,LECTURE
PSYC BC2114,COGNITIVE PSYCHOLOGY - LAB,"Prerequisites: PSYC BC1001, BC1020, BC1101. Corequisites: BC2115 Cognitive Lecture.  Students conduct experiments related to selected topics illustrating the methods, findings, and theories of contemporary cognitive psychology. Topics include attention, memory, categorization, perception, and decision making. Special topics include neuropsychology and cognitive neuroscience.",,,,00664,,X2114-20271-001,,Psychology @Barnard,PSYC,https://doc.sis.columbia.edu/subj/PSYC/X2114-20271-001/,,,,2.5,"BC1020
BC1101
BC2115
PSYC BC1001",,20271PSYC2114X001,LABORATORY
PSYC BC2114,COGNITIVE PSYCHOLOGY - LAB,"Prerequisites: PSYC BC1001, BC1020, BC1101. Corequisites: BC2115 Cognitive Lecture.  Students conduct experiments related to selected topics illustrating the methods, findings, and theories of contemporary cognitive psychology. Topics include attention, memory, categorization, perception, and decision making. Special topics include neuropsychology and cognitive neuroscience.",,,,00665,,X2114-20271-002,COGNITIVE PSYCHOLOGY - LA,Psychology @Barnard,PSYC,https://doc.sis.columbia.edu/subj/PSYC/X2114-20271-002/,,,,2.5,"BC1020
BC1101
BC2115
PSYC BC1001",,20271PSYC2114X002,LABORATORY
PSYC BC2115,COGNITIVE PSYCHOLOGY - LEC,"Prerequisites: PSYC BC1001 Introduction to Psychology or COGS UN1001 Introduction to Cognitive Science or permission of the instructor. Lecture covering selected topics illustrating the methods, findings, and theories of contemporary cognitive psychology. Topics include attention, memory, categorization, perception, and decision making. Special topics include neuropsychology and cognitive neuroscience. Note that this lecture can be taken without its affiliated lab, PSYC BC2114, however, if a student completes this lecture, she cannot enroll in the lab in a later semester. The following Columbia University courses are considered overlapping and a student cannot receive credit for both the BC course and the equivalent CU course: PSYC UN2220 Cognition: Memory and Stress; and PSYC UN2210 Cognition: Basic Processes.",Lisa K Son,,,00663,,X2115-20271-001,,Psychology @Barnard,PSYC,https://doc.sis.columbia.edu/subj/PSYC/X2115-20271-001/,,,,3,"COGS UN1001
PSYC BC1001
PSYC BC2114
PSYC UN2210
PSYC UN2220",,20271PSYC2115X001,LECTURE
PSYC BC2128,DEVELOPMENTAL PSYCH - LAB,"Prerequisites: PSYC BC1001, BC1020, BC1101. Corequisites: PSYC BC2129 Developmental Psychology Lecture. Laboratory course involving experiments related to cognitive, linguistic, perceptual, motor, social, affective, and personality development from infancy to adolescence. The course offers an opportunity for direct observation of children; major areas of research at each level of development are covered.",,,,00661,,X2128-20271-001,,Psychology @Barnard,PSYC,https://doc.sis.columbia.edu/subj/PSYC/X2128-20271-001/,,,,2.5,"BC1020
BC1101
PSYC BC1001
PSYC BC2129",,20271PSYC2128X001,LABORATORY
PSYC BC2128,DEVELOPMENTAL PSYCH - LAB,"Prerequisites: PSYC BC1001, BC1020, BC1101. Corequisites: PSYC BC2129 Developmental Psychology Lecture. Laboratory course involving experiments related to cognitive, linguistic, perceptual, motor, social, affective, and personality development from infancy to adolescence. The course offers an opportunity for direct observation of children; major areas of research at each level of development are covered.",,,,00662,,X2128-20271-002,,Psychology @Barnard,PSYC,https://doc.sis.columbia.edu/subj/PSYC/X2128-20271-002/,,,,2.5,"BC1020
BC1101
PSYC BC1001
PSYC BC2129",,20271PSYC2128X002,LABORATORY
PSYC BC2129,DEVELOPMENTAL PSYCHOLOGY-LEC,"Prerequisites: PSYC BC1001 Introduction to Psychology or COGS UN1001 Introduction to Cognitive Science or permission of the instructor. Lecture course covering cognitive, linguistic, perceptual, motor, social, affective, and personality development from infancy to adolescence. Note that this lecture 
can
 be taken without its affiliated lab, PSYC BC2128, however, if a student completes this lecture, she cannot enroll in the lab in a later semester. The following Columbia University course is considered overlapping and a student cannot receive credit for both the BC course and the equivalent CU course: PSYC UN2280 Introduction to Developmental Psychology.",Koleen McCrink,,,00660,,X2129-20271-001,DEVELOPMENTAL PSYCHOLOGY-,Psychology @Barnard,PSYC,https://doc.sis.columbia.edu/subj/PSYC/X2129-20271-001/,,,,3,"COGS UN1001
PSYC BC1001
PSYC BC2128
UN2280",,20271PSYC2129X001,LECTURE
PSYC BC2137,SOCIAL PSYCHOLOGY - LAB,"Prerequisites: BC1001, BC1020, BC1101. Corequisites: BC2138 Social Psychology Lecture. Laboratory course covering contemporary theory and research on social thought and behavior. Issues such as person perception, attitudes, attraction, aggression, stereotyping, group dynamics, and social exchange will be explored. The application of theory and research to addressing social problems will be discussed.",Faculty,,,00658,,X2137-20271-001,,Psychology @Barnard,PSYC,https://doc.sis.columbia.edu/subj/PSYC/X2137-20271-001/,,,Barnard College,2.5,"BC1001
BC1020
BC1101
BC2138",,20271PSYC2137X001,LABORATORY
PSYC BC2138,SOCIAL PSYCHOLOGY-LEC,"Prerequisites: BC1001 or permission of the instructor. Lecture course covering contemporary theory and research on social thought and behavior. Issues such as person perception, attitudes, attraction, aggression, stereotyping, group dynamics, and social exchange will be explored. The application of theory and research to addressing social problems will be discussed. Note that this lecture 
can
 be taken without its affiliated lab, PSYC BC2137, however, if a student completes this lecture, she cannot enroll in the lab in a later semester. The following Columbia University course is considered overlapping and a student cannot receive credit for both the BC course and the equivalent CU course: PSYC UN2630 Social Psychology.",Kate M Turetsky,,,00657,,X2138-20271-001,SOCIAL PSYCHOLOGY-LECTURE,Psychology @Barnard,PSYC,https://doc.sis.columbia.edu/subj/PSYC/X2138-20271-001/,,,,4,"BC1001
PSYC BC2137
UN2630",,20271PSYC2138X001,LECTURE
PSYC BC2144,The Dog,"Who's a good dog? The history of the species (a member of which might be napping on your bed right now) is intertwined with human history since the late Pleistocene. In this lecture course we turn our gaze to the animal who is famous for their gaze toward and interest in us: the domestic dog, 
Canis familiaris
.
  
Dogs are not just good bed-warmers and companions: they are also an excellent introduction into how behavioral science is conducted; an example of the rapid effect of genetic changes; and a case study in how science influences animals' social and legal roles in society. We will look at the history of the development of the species and the recent further development into hundreds of types of purebred dogs. As a domesticated species, dogs are an example of the effect of artificial selection on appearance and behavior. We will discuss the genetic markers underpinning those effects. Dogs also have had a long role in psychological science, and their history, from Pavlov's experiments to present day, traces the history of behaviorism and the cognitive revolution in the field. We will consider the perceptual world of dogs and the importance of understanding sensory capacity in study design. We will spend several weeks on highlights from recent cognitive studies of dogs demonstrating dogs' surprising capacities in areas previously thought to be solely humans' province. Working from video examples, we will learn to describe behaviors objectively, and will discuss how to develop testable hypotheses of the function of seen behavior. We will conclude the semester with a consideration of the future of dogs in science and in our lives.",Alexandra C Horowitz,,,00621,,X2144-20271-001,,Psychology @Barnard,PSYC,https://doc.sis.columbia.edu/subj/PSYC/X2144-20271-001/,,,,3,,,20271PSYC2144X001,LECTURE
PSYC BC2151,ORGANIZATIONAL PSYCHOLOGY,"Prerequisites: BC1001 or permission of the instructor. Enrollment strictly limited to 45 students; decided upon and finalized first week of classes. Introduction to behavior of individuals and small groups in work organizations. Recent theory and research emphasizing both content and research methodology. Motivation and performance, attitudes and job satisfaction, power, influence, authority, leadership, cooperation and conflict, decision making, and communications. Enrollment limited to 45; and only seniors.",Elisabeth Mah,,,00655,,X2151-20271-001,,Psychology @Barnard,PSYC,https://doc.sis.columbia.edu/subj/PSYC/X2151-20271-001/,,,,3,BC1001,,20271PSYC2151X001,LECTURE
PSYC BC2155,CLINICAL LABORATORY,"Prerequisites: BC1001, BC1020, BC1101. Corequisite: PSYC BC2156 Clinical Psychology lecture. The purpose of the lab is to teach students the research methods involved in creating clinical psychological science. Students gain hands-on practice with clinical psychology research methods. In the first half of the lab students conduct classroom exercises demonstrating concepts such as reliability and validity and research methodologies such as randomized controlled trials (RCTs) and treatment fidelity. In the second half of the class students design and run a research study. Basic methodological issues will be explored in depth, including research ethics, conducting literature reviews and writing up a scientific report in APA style.",,,,00650,,X2155-20271-001,,Psychology @Barnard,PSYC,https://doc.sis.columbia.edu/subj/PSYC/X2155-20271-001/,,,,2.5,"BC1001
BC1020
BC1101
PSYC BC2156",,20271PSYC2155X001,LABORATORY
PSYC BC2155,CLINICAL LABORATORY,"Prerequisites: BC1001, BC1020, BC1101. Corequisite: PSYC BC2156 Clinical Psychology lecture. The purpose of the lab is to teach students the research methods involved in creating clinical psychological science. Students gain hands-on practice with clinical psychology research methods. In the first half of the lab students conduct classroom exercises demonstrating concepts such as reliability and validity and research methodologies such as randomized controlled trials (RCTs) and treatment fidelity. In the second half of the class students design and run a research study. Basic methodological issues will be explored in depth, including research ethics, conducting literature reviews and writing up a scientific report in APA style.",,,,00652,,X2155-20271-002,,Psychology @Barnard,PSYC,https://doc.sis.columbia.edu/subj/PSYC/X2155-20271-002/,,,,2.5,"BC1001
BC1020
BC1101
PSYC BC2156",,20271PSYC2155X002,LABORATORY
PSYC BC2156,CLINICAL PSYCHOLOGY,"Prerequisites: PSYC BC1001 or permission of the instructor.  An introduction to the field of clinical psychology aimed at 1) becoming familiar with professional issues in the field and 2) comparing therapeutic approaches for their utility and efficacy. Therapeutic approaches covered include psychodynamic therapies, cognitive behavior therapies, family/child therapies. The course will critically examine a variety of professional issues including ethical dilemmas, clinical assessment and diagnosis, and use of technology in therapy. Note that this lecture 
can
 be taken without its affiliated lab, PSYC BC2155, however, if a student completes this lecture, she cannot enroll in the lab in a later semester.",Kathleen M Taylor,,,00653,,X2156-20271-001,,Psychology @Barnard,PSYC,https://doc.sis.columbia.edu/subj/PSYC/X2156-20271-001/,,,,3,"PSYC BC1001
PSYC BC2155",,20271PSYC2156X001,LECTURE
PSYC BC3144,Science Writing,"Even as students learn to be scientists, there is a need to learn how to write about science, translating the science for a general readership. In this seminar we will develop writing skills by, first, close reading and analysis of science writing (on research about humans, non-human animals, and non-animals) for the non-specialist, as well as some of the original research papers from which the pieces arose. We will simultaneously begin an iterative process of composing pieces of different lengths and different genres, based on recently published science papers. Assignments will include a short news summary, book review, an audio interview, and a final feature print or audio story; some of these assignments will involve multiple drafts or stages. Guest speakers and a recording practices intensive from IMATS will complement the readings and writing assignments. We will focus on concept translation, storytelling, and other elements of narrative craft in this writing-intensive seminar. We will also emphasize proper citation practices. Final projects will be a long-form feature or a podcast.",Alexandra C Horowitz,,,00622,,X3144-20271-001,,Psychology @Barnard,PSYC,https://doc.sis.columbia.edu/subj/PSYC/X3144-20271-001/,,,,4,,,20271PSYC3144X001,SEMINAR
PSYC BC3145,Attention,"In this seminar we will examine attention, the critical cognitive process responsible for prioritizing certain information for more efficient processing while filtering out distractions. We will review attention’s effects on early to late-stage vision, how it interacts with other sensory systems, and higher cognitive functions, all while surveying some of the most common ways it’s historically been measured using psychophysical and neuroscientific methods. We will evaluate how attention has been assessed across human development, and in clinical populations, such as individuals with Neurodevelopmental Disorders (NDD), schizophrenia and hemispatial neglect. We will end by discussing the practical implications of our increasingly limited and divided attention when navigating the modern technological landscape, as well as review the potential for improving attention through training.",Mariel Roberts,,,00649,,X3145-20271-001,,Psychology @Barnard,PSYC,https://doc.sis.columbia.edu/subj/PSYC/X3145-20271-001/,,,,4,,,20271PSYC3145X001,SEMINAR
PSYC BC3179,CEPHALOPOD COGNITION,"This seminar is designed to introduce you to the methods used to discern and describe the cognitive repertoire of novel, understudied, animals.  The animals which we will specifically examine in the class are octopuses and cuttlefish.  Over the course of the semester you will learn how we define cognitive abilities in humans and examine them in various animal species for modeling and comparison purposes.  Each week you will examine one specific ability in humans, a traditional animal model, and a cephalopod.  In this manner you will come to understand the historical process of understanding animal cognition, the current state of the literature in at least one area of cephalopod cognition and be capable of proposing a novel experiment as a way to extend our knowledge of that area of cephalopod cognition.",Ken Light,,,00626,,X3179-20271-001,,Psychology @Barnard,PSYC,https://doc.sis.columbia.edu/subj/PSYC/X3179-20271-001/,,,,4,,,20271PSYC3179X001,SEMINAR
PSYC BC3364,PSYCHOLOGY OF LEADERSHIP,"Prerequisites: Students must have one of the following pre-requisites for this course: PSYC BC1125 Personality Psychology, PSYC BC1138 Social Psychology, or PSYC BC2151 Organizational Psychology, and permission by the instructor. An in-depth examination of the concept of leadership in psychology with an emphasis on womens leadership. Topics include the role of gender, culture, and emotional intelligence as well as an examination of transactional and transformational models. Topics will be discussed with an equal emphasis on theory, research, and application. Students must have prerequisites and permission of the instructor. Enrollment limited to 15.",Tara Well,,,00628,,X3364-20271-001,,Psychology @Barnard,PSYC,https://doc.sis.columbia.edu/subj/PSYC/X3364-20271-001/,,,,4,"PSYC BC1125
PSYC BC1138
PSYC BC2151",,20271PSYC3364X001,SEMINAR
PSYC BC3373,HEALTH PSYCHOLOGY,"Prerequisites: BC1001 and two more psychology courses, and permission of the instructor required. Consideration of research on the interaction of biological, psychological, and social factors related to physical health and illness. Topics include the relationship of stress to illness, primary prevention, mind-body methods of coping with stress and chronic illness (such as meditation), and the relationship between psychological factors and recovery from illness. Enrollment limited to 15.",Tara Well,,,00627,,X3373-20271-001,,Psychology @Barnard,PSYC,https://doc.sis.columbia.edu/subj/PSYC/X3373-20271-001/,,,,4,BC1001,,20271PSYC3373X001,SEMINAR
PSYC BC3466,FIELD WORK & RESEARCH SEMINAR: TODDLER C,"This is a two-semester course. Those interested in applying for Fall 2026-Spring 2027 should email 
toddlercenter@barnard.edu
 to sign up for information sessions and receive details on the application process. PSYC BC2129 Developmental Psychology (with or without PSYC BC2128 lab) is a prerequisite, as well as permission of the instructor.
  
This advanced course in developmental psychology integrates theory, research, and practice at the Barnard Toddler Center,  a state-of-the-art center serving 18-36 month old children and their families. Students in the course participate as student teachers alongside an experienced staff one morning per week. Everybody gathers in a weekly seminar to discuss the intellectual concepts and research that help explain toddler behavior and the center's educational practices. In the fall semester, the focus is on developing a skillful practice when working with children and understanding the foundations of toddler development using current science and psychological theories. In the spring semester, student teaching continues, and the class carries out new research projects at the center, guided by the instructor, on topics such as the emerging concept of self, language and cognition, social interactions, emotional development, spatial and physical exploration, and parenting philosophies.",Anna Shusterman,,,00625,,X3466-20271-001,FLD WRK&RSRCH SEM:TODDLR CENT,Psychology @Barnard,PSYC,https://doc.sis.columbia.edu/subj/PSYC/X3466-20271-001/,,,,4,"PSYC BC2128
PSYC BC2129",,20271PSYC3466X001,RESEARCH SEM
PSYC BC3473,CLINICAL FIELD PRACTICUM,"Prerequisites: Three psychology courses and permission of the instructor required during program planning the fall semester before the course is offered. Enrollment limited to 12 students; seniors are given priority. This course introduces students to clinical and counseling work, and to psychodynamic ways of understanding and supporting people in psychological distress. Students secure a clinical placement for the course, and apply readings on psychodynamic notions of parenting, psychopathology, and therapeutic process to their clinical experiences. The course helps students clarify their professional goals, and provides the clinical experience that strengthens applications to social work programs, and that is required for applications to clinical and counseling doctoral programs.",Julia Sheehy,,,00624,,X3473-20271-001,,Psychology @Barnard,PSYC,https://doc.sis.columbia.edu/subj/PSYC/X3473-20271-001/,,,,4,,,20271PSYC3473X001,FIELD WORK
PSYC BC3606,INDEPENDENT STUDY,"This course can be worth 1 to 4 credits (each credit is equivalent to approximately three hours of work per week), and requires a Barnard faculty as a mentor. The course will be taken for a letter grade, regardless of whether the student chooses 1, 2, 3, or 4 credits. The expectations for each of these options are as follows: 1 credit, 3h/week commitment, 5-10 page ""Research Report"" at the end of the term; 2 credits, 6h/week commitment, 5-10 page ""Research Report"" at the end of the term; 3 credits, 9h/week commitment, 15-20 page ""Research Report"" at the end of the term; 4 credits, 12h/week commitment, 15-20 page ""Research Report"" at the end of the term. ""Research Report"" is a document submitted to the person grading the student, the instructor of record for the section in which the student has enrolled. If a student is working off-site, then input from the off-site research mentor will inform the grading. The ""Research Report"" can take a variety of forms: progress reports on data collected, training received, papers read, skills learned, etc.; or organized notes for lab notebooks, lab meetings, etc.; or manuscript-like papers with Intro, Methods, Results, Discussion; or some combination thereof, depending on the maturity of the project.  Ultimately, this will take different forms for different students/labs.",Robert Brotherton,,,00629,,X3606-20271-002,,Psychology @Barnard,PSYC,https://doc.sis.columbia.edu/subj/PSYC/X3606-20271-002/,,,,1-4,,,20271PSYC3606X002,INDEPENDENT
PSYC BC3606,INDEPENDENT STUDY,"This course can be worth 1 to 4 credits (each credit is equivalent to approximately three hours of work per week), and requires a Barnard faculty as a mentor. The course will be taken for a letter grade, regardless of whether the student chooses 1, 2, 3, or 4 credits. The expectations for each of these options are as follows: 1 credit, 3h/week commitment, 5-10 page ""Research Report"" at the end of the term; 2 credits, 6h/week commitment, 5-10 page ""Research Report"" at the end of the term; 3 credits, 9h/week commitment, 15-20 page ""Research Report"" at the end of the term; 4 credits, 12h/week commitment, 15-20 page ""Research Report"" at the end of the term. ""Research Report"" is a document submitted to the person grading the student, the instructor of record for the section in which the student has enrolled. If a student is working off-site, then input from the off-site research mentor will inform the grading. The ""Research Report"" can take a variety of forms: progress reports on data collected, training received, papers read, skills learned, etc.; or organized notes for lab notebooks, lab meetings, etc.; or manuscript-like papers with Intro, Methods, Results, Discussion; or some combination thereof, depending on the maturity of the project.  Ultimately, this will take different forms for different students/labs.",Armita Ghobadi,,,00630,,X3606-20271-003,,Psychology @Barnard,PSYC,https://doc.sis.columbia.edu/subj/PSYC/X3606-20271-003/,,,,1-4,,,20271PSYC3606X003,INDEPENDENT
PSYC BC3606,INDEPENDENT STUDY,"This course can be worth 1 to 4 credits (each credit is equivalent to approximately three hours of work per week), and requires a Barnard faculty as a mentor. The course will be taken for a letter grade, regardless of whether the student chooses 1, 2, 3, or 4 credits. The expectations for each of these options are as follows: 1 credit, 3h/week commitment, 5-10 page ""Research Report"" at the end of the term; 2 credits, 6h/week commitment, 5-10 page ""Research Report"" at the end of the term; 3 credits, 9h/week commitment, 15-20 page ""Research Report"" at the end of the term; 4 credits, 12h/week commitment, 15-20 page ""Research Report"" at the end of the term. ""Research Report"" is a document submitted to the person grading the student, the instructor of record for the section in which the student has enrolled. If a student is working off-site, then input from the off-site research mentor will inform the grading. The ""Research Report"" can take a variety of forms: progress reports on data collected, training received, papers read, skills learned, etc.; or organized notes for lab notebooks, lab meetings, etc.; or manuscript-like papers with Intro, Methods, Results, Discussion; or some combination thereof, depending on the maturity of the project.  Ultimately, this will take different forms for different students/labs.",Ken Light,,,00631,,X3606-20271-005,,Psychology @Barnard,PSYC,https://doc.sis.columbia.edu/subj/PSYC/X3606-20271-005/,,,,1-4,,,20271PSYC3606X005,INDEPENDENT
PSYC BC3606,INDEPENDENT STUDY,"This course can be worth 1 to 4 credits (each credit is equivalent to approximately three hours of work per week), and requires a Barnard faculty as a mentor. The course will be taken for a letter grade, regardless of whether the student chooses 1, 2, 3, or 4 credits. The expectations for each of these options are as follows: 1 credit, 3h/week commitment, 5-10 page ""Research Report"" at the end of the term; 2 credits, 6h/week commitment, 5-10 page ""Research Report"" at the end of the term; 3 credits, 9h/week commitment, 15-20 page ""Research Report"" at the end of the term; 4 credits, 12h/week commitment, 15-20 page ""Research Report"" at the end of the term. ""Research Report"" is a document submitted to the person grading the student, the instructor of record for the section in which the student has enrolled. If a student is working off-site, then input from the off-site research mentor will inform the grading. The ""Research Report"" can take a variety of forms: progress reports on data collected, training received, papers read, skills learned, etc.; or organized notes for lab notebooks, lab meetings, etc.; or manuscript-like papers with Intro, Methods, Results, Discussion; or some combination thereof, depending on the maturity of the project.  Ultimately, this will take different forms for different students/labs.",Koleen McCrink,,,00632,,X3606-20271-006,,Psychology @Barnard,PSYC,https://doc.sis.columbia.edu/subj/PSYC/X3606-20271-006/,,,,1-4,,,20271PSYC3606X006,INDEPENDENT
PSYC BC3606,INDEPENDENT STUDY,"This course can be worth 1 to 4 credits (each credit is equivalent to approximately three hours of work per week), and requires a Barnard faculty as a mentor. The course will be taken for a letter grade, regardless of whether the student chooses 1, 2, 3, or 4 credits. The expectations for each of these options are as follows: 1 credit, 3h/week commitment, 5-10 page ""Research Report"" at the end of the term; 2 credits, 6h/week commitment, 5-10 page ""Research Report"" at the end of the term; 3 credits, 9h/week commitment, 15-20 page ""Research Report"" at the end of the term; 4 credits, 12h/week commitment, 15-20 page ""Research Report"" at the end of the term. ""Research Report"" is a document submitted to the person grading the student, the instructor of record for the section in which the student has enrolled. If a student is working off-site, then input from the off-site research mentor will inform the grading. The ""Research Report"" can take a variety of forms: progress reports on data collected, training received, papers read, skills learned, etc.; or organized notes for lab notebooks, lab meetings, etc.; or manuscript-like papers with Intro, Methods, Results, Discussion; or some combination thereof, depending on the maturity of the project.  Ultimately, this will take different forms for different students/labs.",Michelle Greene,,,00633,,X3606-20271-007,,Psychology @Barnard,PSYC,https://doc.sis.columbia.edu/subj/PSYC/X3606-20271-007/,,,,1-4,,,20271PSYC3606X007,INDEPENDENT
PSYC BC3606,INDEPENDENT STUDY,"This course can be worth 1 to 4 credits (each credit is equivalent to approximately three hours of work per week), and requires a Barnard faculty as a mentor. The course will be taken for a letter grade, regardless of whether the student chooses 1, 2, 3, or 4 credits. The expectations for each of these options are as follows: 1 credit, 3h/week commitment, 5-10 page ""Research Report"" at the end of the term; 2 credits, 6h/week commitment, 5-10 page ""Research Report"" at the end of the term; 3 credits, 9h/week commitment, 15-20 page ""Research Report"" at the end of the term; 4 credits, 12h/week commitment, 15-20 page ""Research Report"" at the end of the term. ""Research Report"" is a document submitted to the person grading the student, the instructor of record for the section in which the student has enrolled. If a student is working off-site, then input from the off-site research mentor will inform the grading. The ""Research Report"" can take a variety of forms: progress reports on data collected, training received, papers read, skills learned, etc.; or organized notes for lab notebooks, lab meetings, etc.; or manuscript-like papers with Intro, Methods, Results, Discussion; or some combination thereof, depending on the maturity of the project.  Ultimately, this will take different forms for different students/labs.",Robert E Remez,,,00634,,X3606-20271-009,,Psychology @Barnard,PSYC,https://doc.sis.columbia.edu/subj/PSYC/X3606-20271-009/,,,,1-4,,,20271PSYC3606X009,INDEPENDENT
PSYC BC3606,INDEPENDENT STUDY,"This course can be worth 1 to 4 credits (each credit is equivalent to approximately three hours of work per week), and requires a Barnard faculty as a mentor. The course will be taken for a letter grade, regardless of whether the student chooses 1, 2, 3, or 4 credits. The expectations for each of these options are as follows: 1 credit, 3h/week commitment, 5-10 page ""Research Report"" at the end of the term; 2 credits, 6h/week commitment, 5-10 page ""Research Report"" at the end of the term; 3 credits, 9h/week commitment, 15-20 page ""Research Report"" at the end of the term; 4 credits, 12h/week commitment, 15-20 page ""Research Report"" at the end of the term. ""Research Report"" is a document submitted to the person grading the student, the instructor of record for the section in which the student has enrolled. If a student is working off-site, then input from the off-site research mentor will inform the grading. The ""Research Report"" can take a variety of forms: progress reports on data collected, training received, papers read, skills learned, etc.; or organized notes for lab notebooks, lab meetings, etc.; or manuscript-like papers with Intro, Methods, Results, Discussion; or some combination thereof, depending on the maturity of the project.  Ultimately, this will take different forms for different students/labs.",Anna Shusterman,,,00635,,X3606-20271-010,,Psychology @Barnard,PSYC,https://doc.sis.columbia.edu/subj/PSYC/X3606-20271-010/,,,,1-4,,,20271PSYC3606X010,INDEPENDENT
PSYC BC3606,INDEPENDENT STUDY,"This course can be worth 1 to 4 credits (each credit is equivalent to approximately three hours of work per week), and requires a Barnard faculty as a mentor. The course will be taken for a letter grade, regardless of whether the student chooses 1, 2, 3, or 4 credits. The expectations for each of these options are as follows: 1 credit, 3h/week commitment, 5-10 page ""Research Report"" at the end of the term; 2 credits, 6h/week commitment, 5-10 page ""Research Report"" at the end of the term; 3 credits, 9h/week commitment, 15-20 page ""Research Report"" at the end of the term; 4 credits, 12h/week commitment, 15-20 page ""Research Report"" at the end of the term. ""Research Report"" is a document submitted to the person grading the student, the instructor of record for the section in which the student has enrolled. If a student is working off-site, then input from the off-site research mentor will inform the grading. The ""Research Report"" can take a variety of forms: progress reports on data collected, training received, papers read, skills learned, etc.; or organized notes for lab notebooks, lab meetings, etc.; or manuscript-like papers with Intro, Methods, Results, Discussion; or some combination thereof, depending on the maturity of the project.  Ultimately, this will take different forms for different students/labs.",Ann Senghas,,,00637,,X3606-20271-011,,Psychology @Barnard,PSYC,https://doc.sis.columbia.edu/subj/PSYC/X3606-20271-011/,,,,1-4,,,20271PSYC3606X011,INDEPENDENT
PSYC BC3606,INDEPENDENT STUDY,"This course can be worth 1 to 4 credits (each credit is equivalent to approximately three hours of work per week), and requires a Barnard faculty as a mentor. The course will be taken for a letter grade, regardless of whether the student chooses 1, 2, 3, or 4 credits. The expectations for each of these options are as follows: 1 credit, 3h/week commitment, 5-10 page ""Research Report"" at the end of the term; 2 credits, 6h/week commitment, 5-10 page ""Research Report"" at the end of the term; 3 credits, 9h/week commitment, 15-20 page ""Research Report"" at the end of the term; 4 credits, 12h/week commitment, 15-20 page ""Research Report"" at the end of the term. ""Research Report"" is a document submitted to the person grading the student, the instructor of record for the section in which the student has enrolled. If a student is working off-site, then input from the off-site research mentor will inform the grading. The ""Research Report"" can take a variety of forms: progress reports on data collected, training received, papers read, skills learned, etc.; or organized notes for lab notebooks, lab meetings, etc.; or manuscript-like papers with Intro, Methods, Results, Discussion; or some combination thereof, depending on the maturity of the project.  Ultimately, this will take different forms for different students/labs.",Katherine Thorson,,,00638,,X3606-20271-012,,Psychology @Barnard,PSYC,https://doc.sis.columbia.edu/subj/PSYC/X3606-20271-012/,,,,1-4,,,20271PSYC3606X012,INDEPENDENT
PSYC BC3606,INDEPENDENT STUDY,"This course can be worth 1 to 4 credits (each credit is equivalent to approximately three hours of work per week), and requires a Barnard faculty as a mentor. The course will be taken for a letter grade, regardless of whether the student chooses 1, 2, 3, or 4 credits. The expectations for each of these options are as follows: 1 credit, 3h/week commitment, 5-10 page ""Research Report"" at the end of the term; 2 credits, 6h/week commitment, 5-10 page ""Research Report"" at the end of the term; 3 credits, 9h/week commitment, 15-20 page ""Research Report"" at the end of the term; 4 credits, 12h/week commitment, 15-20 page ""Research Report"" at the end of the term. ""Research Report"" is a document submitted to the person grading the student, the instructor of record for the section in which the student has enrolled. If a student is working off-site, then input from the off-site research mentor will inform the grading. The ""Research Report"" can take a variety of forms: progress reports on data collected, training received, papers read, skills learned, etc.; or organized notes for lab notebooks, lab meetings, etc.; or manuscript-like papers with Intro, Methods, Results, Discussion; or some combination thereof, depending on the maturity of the project.  Ultimately, this will take different forms for different students/labs.",Lisa K Son,,,00639,,X3606-20271-013,,Psychology @Barnard,PSYC,https://doc.sis.columbia.edu/subj/PSYC/X3606-20271-013/,,,,1-4,,,20271PSYC3606X013,INDEPENDENT
PSYC BC3606,INDEPENDENT STUDY,"This course can be worth 1 to 4 credits (each credit is equivalent to approximately three hours of work per week), and requires a Barnard faculty as a mentor. The course will be taken for a letter grade, regardless of whether the student chooses 1, 2, 3, or 4 credits. The expectations for each of these options are as follows: 1 credit, 3h/week commitment, 5-10 page ""Research Report"" at the end of the term; 2 credits, 6h/week commitment, 5-10 page ""Research Report"" at the end of the term; 3 credits, 9h/week commitment, 15-20 page ""Research Report"" at the end of the term; 4 credits, 12h/week commitment, 15-20 page ""Research Report"" at the end of the term. ""Research Report"" is a document submitted to the person grading the student, the instructor of record for the section in which the student has enrolled. If a student is working off-site, then input from the off-site research mentor will inform the grading. The ""Research Report"" can take a variety of forms: progress reports on data collected, training received, papers read, skills learned, etc.; or organized notes for lab notebooks, lab meetings, etc.; or manuscript-like papers with Intro, Methods, Results, Discussion; or some combination thereof, depending on the maturity of the project.  Ultimately, this will take different forms for different students/labs.",Alexandra C Horowitz,,,00640,,X3606-20271-022,,Psychology @Barnard,PSYC,https://doc.sis.columbia.edu/subj/PSYC/X3606-20271-022/,,,,1-4,,,20271PSYC3606X022,INDEPENDENT
PSYC BC3606,INDEPENDENT STUDY,"This course can be worth 1 to 4 credits (each credit is equivalent to approximately three hours of work per week), and requires a Barnard faculty as a mentor. The course will be taken for a letter grade, regardless of whether the student chooses 1, 2, 3, or 4 credits. The expectations for each of these options are as follows: 1 credit, 3h/week commitment, 5-10 page ""Research Report"" at the end of the term; 2 credits, 6h/week commitment, 5-10 page ""Research Report"" at the end of the term; 3 credits, 9h/week commitment, 15-20 page ""Research Report"" at the end of the term; 4 credits, 12h/week commitment, 15-20 page ""Research Report"" at the end of the term. ""Research Report"" is a document submitted to the person grading the student, the instructor of record for the section in which the student has enrolled. If a student is working off-site, then input from the off-site research mentor will inform the grading. The ""Research Report"" can take a variety of forms: progress reports on data collected, training received, papers read, skills learned, etc.; or organized notes for lab notebooks, lab meetings, etc.; or manuscript-like papers with Intro, Methods, Results, Discussion; or some combination thereof, depending on the maturity of the project.  Ultimately, this will take different forms for different students/labs.",Kate M Turetsky,,,00641,,X3606-20271-020,,Psychology @Barnard,PSYC,https://doc.sis.columbia.edu/subj/PSYC/X3606-20271-020/,,,,1-4,,,20271PSYC3606X020,INDEPENDENT
PSYC BC3606,INDEPENDENT STUDY,"This course can be worth 1 to 4 credits (each credit is equivalent to approximately three hours of work per week), and requires a Barnard faculty as a mentor. The course will be taken for a letter grade, regardless of whether the student chooses 1, 2, 3, or 4 credits. The expectations for each of these options are as follows: 1 credit, 3h/week commitment, 5-10 page ""Research Report"" at the end of the term; 2 credits, 6h/week commitment, 5-10 page ""Research Report"" at the end of the term; 3 credits, 9h/week commitment, 15-20 page ""Research Report"" at the end of the term; 4 credits, 12h/week commitment, 15-20 page ""Research Report"" at the end of the term. ""Research Report"" is a document submitted to the person grading the student, the instructor of record for the section in which the student has enrolled. If a student is working off-site, then input from the off-site research mentor will inform the grading. The ""Research Report"" can take a variety of forms: progress reports on data collected, training received, papers read, skills learned, etc.; or organized notes for lab notebooks, lab meetings, etc.; or manuscript-like papers with Intro, Methods, Results, Discussion; or some combination thereof, depending on the maturity of the project.  Ultimately, this will take different forms for different students/labs.",E'Mett McCaskill,,,00642,,X3606-20271-019,,Psychology @Barnard,PSYC,https://doc.sis.columbia.edu/subj/PSYC/X3606-20271-019/,,,,1-4,,,20271PSYC3606X019,INDEPENDENT
PSYC BC3606,INDEPENDENT STUDY,"This course can be worth 1 to 4 credits (each credit is equivalent to approximately three hours of work per week), and requires a Barnard faculty as a mentor. The course will be taken for a letter grade, regardless of whether the student chooses 1, 2, 3, or 4 credits. The expectations for each of these options are as follows: 1 credit, 3h/week commitment, 5-10 page ""Research Report"" at the end of the term; 2 credits, 6h/week commitment, 5-10 page ""Research Report"" at the end of the term; 3 credits, 9h/week commitment, 15-20 page ""Research Report"" at the end of the term; 4 credits, 12h/week commitment, 15-20 page ""Research Report"" at the end of the term. ""Research Report"" is a document submitted to the person grading the student, the instructor of record for the section in which the student has enrolled. If a student is working off-site, then input from the off-site research mentor will inform the grading. The ""Research Report"" can take a variety of forms: progress reports on data collected, training received, papers read, skills learned, etc.; or organized notes for lab notebooks, lab meetings, etc.; or manuscript-like papers with Intro, Methods, Results, Discussion; or some combination thereof, depending on the maturity of the project.  Ultimately, this will take different forms for different students/labs.",Tara Well,,,00643,,X3606-20271-017,,Psychology @Barnard,PSYC,https://doc.sis.columbia.edu/subj/PSYC/X3606-20271-017/,,,,1-4,,,20271PSYC3606X017,INDEPENDENT
PSYC BC3606,INDEPENDENT STUDY,"This course can be worth 1 to 4 credits (each credit is equivalent to approximately three hours of work per week), and requires a Barnard faculty as a mentor. The course will be taken for a letter grade, regardless of whether the student chooses 1, 2, 3, or 4 credits. The expectations for each of these options are as follows: 1 credit, 3h/week commitment, 5-10 page ""Research Report"" at the end of the term; 2 credits, 6h/week commitment, 5-10 page ""Research Report"" at the end of the term; 3 credits, 9h/week commitment, 15-20 page ""Research Report"" at the end of the term; 4 credits, 12h/week commitment, 15-20 page ""Research Report"" at the end of the term. ""Research Report"" is a document submitted to the person grading the student, the instructor of record for the section in which the student has enrolled. If a student is working off-site, then input from the off-site research mentor will inform the grading. The ""Research Report"" can take a variety of forms: progress reports on data collected, training received, papers read, skills learned, etc.; or organized notes for lab notebooks, lab meetings, etc.; or manuscript-like papers with Intro, Methods, Results, Discussion; or some combination thereof, depending on the maturity of the project.  Ultimately, this will take different forms for different students/labs.",Kathleen M Taylor,,,00644,,X3606-20271-016,,Psychology @Barnard,PSYC,https://doc.sis.columbia.edu/subj/PSYC/X3606-20271-016/,,,,1-4,,,20271PSYC3606X016,INDEPENDENT
PSYC BC3606,INDEPENDENT STUDY,"This course can be worth 1 to 4 credits (each credit is equivalent to approximately three hours of work per week), and requires a Barnard faculty as a mentor. The course will be taken for a letter grade, regardless of whether the student chooses 1, 2, 3, or 4 credits. The expectations for each of these options are as follows: 1 credit, 3h/week commitment, 5-10 page ""Research Report"" at the end of the term; 2 credits, 6h/week commitment, 5-10 page ""Research Report"" at the end of the term; 3 credits, 9h/week commitment, 15-20 page ""Research Report"" at the end of the term; 4 credits, 12h/week commitment, 15-20 page ""Research Report"" at the end of the term. ""Research Report"" is a document submitted to the person grading the student, the instructor of record for the section in which the student has enrolled. If a student is working off-site, then input from the off-site research mentor will inform the grading. The ""Research Report"" can take a variety of forms: progress reports on data collected, training received, papers read, skills learned, etc.; or organized notes for lab notebooks, lab meetings, etc.; or manuscript-like papers with Intro, Methods, Results, Discussion; or some combination thereof, depending on the maturity of the project.  Ultimately, this will take different forms for different students/labs.",Erica Musser,,,00645,,X3606-20271-015,,Psychology @Barnard,PSYC,https://doc.sis.columbia.edu/subj/PSYC/X3606-20271-015/,,,,1-4,,,20271PSYC3606X015,INDEPENDENT
PSYC BC3606,INDEPENDENT STUDY,"This course can be worth 1 to 4 credits (each credit is equivalent to approximately three hours of work per week), and requires a Barnard faculty as a mentor. The course will be taken for a letter grade, regardless of whether the student chooses 1, 2, 3, or 4 credits. The expectations for each of these options are as follows: 1 credit, 3h/week commitment, 5-10 page ""Research Report"" at the end of the term; 2 credits, 6h/week commitment, 5-10 page ""Research Report"" at the end of the term; 3 credits, 9h/week commitment, 15-20 page ""Research Report"" at the end of the term; 4 credits, 12h/week commitment, 15-20 page ""Research Report"" at the end of the term. ""Research Report"" is a document submitted to the person grading the student, the instructor of record for the section in which the student has enrolled. If a student is working off-site, then input from the off-site research mentor will inform the grading. The ""Research Report"" can take a variety of forms: progress reports on data collected, training received, papers read, skills learned, etc.; or organized notes for lab notebooks, lab meetings, etc.; or manuscript-like papers with Intro, Methods, Results, Discussion; or some combination thereof, depending on the maturity of the project.  Ultimately, this will take different forms for different students/labs.",Mariel Roberts,,,00646,,X3606-20271-014,,Psychology @Barnard,PSYC,https://doc.sis.columbia.edu/subj/PSYC/X3606-20271-014/,,,,1-4,,,20271PSYC3606X014,INDEPENDENT
PSYC BC3618,SENIOR RESEARCH THESIS,Discussions of the student's Independent Research project during the fall and spring terms that culminate in a written and oral senior thesis. Each project must be supervised by a scientist working at Barnard or at another local institution.,Lisa K Son,,,00623,,X3618-20271-001,,Psychology @Barnard,PSYC,https://doc.sis.columbia.edu/subj/PSYC/X3618-20271-001/,,,,1,,,20271PSYC3618X001,SEMINAR
RELI BC2780,INTRODUCTION TO NATIVE AMERICAN RELIGIOU,REQUIRED DISCUSSION SECTION FOR RELI UN2779,,,,00206,,X2780-20271-001,INTRO NAT AMER RELI TRAD-,Religion @Barnard,RELI,https://doc.sis.columbia.edu/subj/RELI/X2780-20271-001/,,,,0,RELI UN2779,,20271RELI2780X001,DISCUSSION
RELI BC2780,INTRODUCTION TO NATIVE AMERICAN RELIGIOU,REQUIRED DISCUSSION SECTION FOR RELI UN2779,,,,00207,,X2780-20271-002,INTRO NAT AMER RELI TRAD-,Religion @Barnard,RELI,https://doc.sis.columbia.edu/subj/RELI/X2780-20271-002/,,,,0,RELI UN2779,,20271RELI2780X002,DISCUSSION
RELI BC3216,Religious Histories of New York City,"This class examines different religious histories of New York City from the early 1800s through the 1950s. We will explore how different religious traditions were shaped by the city and its diversity, and how those people and institutions left their imprints on the city we live in today. The first half of the semester focuses on intersecting themes of religion and capitalism, religion and gender and sexuality, and on the social dynamics of the city’s symbolic meanings as place of refuge and liberation (for domestic and foreign migrants) or as a locus of sin in need of moral reform. The second half of the semester turns to case studies of different neighborhoods including Harlem, the Lower East Side, Williamsburg, and Flushing. How did different religious communities conceptualize “the neighborhood” in relation to the larger city, and how did they grapple with diversity and change? Students will also be introduced to archival collections of the East Harlem Protestant Parish and several settlement houses located at the Burke Library at Union Theological Seminary and at Butler Library.",Gale L Kenny,,,00421,,X3216-20271-001,Religious Histories of NY,Religion @Barnard,RELI,https://doc.sis.columbia.edu/subj/RELI/X3216-20271-001/,,,,4,,,20271RELI3216X001,SEMINAR
RELI BC3219,Religion in Modern US- Discussion,"This course examines the history of religion in the United States from the Civil War to the present through thematic units focused on the legal structures of religious freedom; race, religion, and nationality; healing, aesthetics, and embodiment; and, finally, religion and politics. Over the course of the semester, students will explore various religious communities as well as the ways social, political, and economic factors have shaped those traditions – and how religious communities have in turn shaped US society, politics, and culture. Students will also be introduced to key themes and debates in the field of American religious studies.",,,,00208,,X3219-20271-001,RELI IN MOD US- DISC,Religion @Barnard,RELI,https://doc.sis.columbia.edu/subj/RELI/X3219-20271-001/,,,,0,,,20271RELI3219X001,DISCUSSION
RELI BC3219,Religion in Modern US- Discussion,"This course examines the history of religion in the United States from the Civil War to the present through thematic units focused on the legal structures of religious freedom; race, religion, and nationality; healing, aesthetics, and embodiment; and, finally, religion and politics. Over the course of the semester, students will explore various religious communities as well as the ways social, political, and economic factors have shaped those traditions – and how religious communities have in turn shaped US society, politics, and culture. Students will also be introduced to key themes and debates in the field of American religious studies.",,,,00218,,X3219-20271-002,RELI IN MOD US- DISC,Religion @Barnard,RELI,https://doc.sis.columbia.edu/subj/RELI/X3219-20271-002/,,,,0,,,20271RELI3219X002,DISCUSSION
RELI BC3996,Religion Salon: New Directions,"The Religion Salon is a one-point course in the Religion department, designed to offer students an introduction to new areas of the academic study of religion and/or new approaches to the field. The Religion Salon will be offered as a supplement to an existing course offered in the same semester and will be open to (but not required of) the students in that existing course as well as to students who wish to take the Salon as a stand-alone one-point course. The Religion Salon will feature guest scholars whose research and teaching extend into new areas and/or engage in new approaches to the academic study of religion.",Meghan E Hartman,,,00213,,X3996-20271-001,Religion Salon: New Direc,Religion @Barnard,RELI,https://doc.sis.columbia.edu/subj/RELI/X3996-20271-001/,,,,1,,,20271RELI3996X001,COLLOQUIA
RELI BC3998,SENIOR RESEARCH SEMINAR,Working research seminar devoted to helping students produce a substantive piece of writing that will represent the culmination of their work at the College and in the major.,Hussein Rashid,,,00214,,X3998-20271-001,,Religion @Barnard,RELI,https://doc.sis.columbia.edu/subj/RELI/X3998-20271-001/,,,,4,,,20271RELI3998X001,SEMINAR
RELI GR6617,Religion & Space,"Emplacement is often taken as the unspoken background of the study of religious phenomena. This seminar considers how problematizations of space, place, locality, and geography may cast religious phenomena in a new light. Approaches to theorizing space and place from various disciplines such as geography, cultural anthropology, philosophy, literature, art history, and history of cartography will be brought into conversation with questions emerging within the study of specific religion traditions. 
  
While this seminar is open to interested students from all disciplines, our work in this course specifically falls into the “zone of inquiry” of “space and place” of the Religion Department’s graduate programs. “Zones of inquiry” seek to introduce students to a particular cluster of key concepts and various theoretical elaborations of those concepts, in order to aid students in honing their ability to reflect critically on and develop further the central concepts that they derive from and bring to the specific traditions and phenomena that they study in their own research. A main goal of this course will therefore be to deepen our conceptual and analytical acumen and expand our theoretical resources at the intersection of religious studies and theories of space, place, and geography.",David L Moerman,,,00698,,G6617-20271-001,,Asian and Middle East @Barnard,RELI,https://doc.sis.columbia.edu/subj/RELI/G6617-20271-001/,,,,4,,,20271RELI6617G001,SEMINAR
RELI GU4002,CURATING ISLAM IN NEW YORK CITY,"This course focuses on the ways in which museums conceptualize, contextualize, curate and display Islamic art.  In the process, it interrogates the degree to which the orientalist past and the secular present shapes our understanding of the Muslim world.  Students will not just engage with material objects from Muslim societies but also consider the choices museums make about their display and presentation.  These choices, in turn, speak to the role of museums in defining a specific understanding of the “sacred.” Finally, students will learn to thoughtfully and critically pose questions about the roles that museums as public institutions play in sharping public and private understandings of Islam.
  
The course begins with a general discussion of material objects in the study of religion.  This is followed by a broad survey of Islamic Art which both describes and critiques the category as it has been framed in the Academy.  Students then visit a number of museums to learn about the style and content of their Islamic collections.  The course concludes by engaging a different kind of curation, namely oral histories in the Brooklyn Museum.",Najam I Haider,,,00215,,W4002-20271-001,CURATING ISLAM IN NYC,Religion @Barnard,RELI,https://doc.sis.columbia.edu/subj/RELI/W4002-20271-001/,,,,4,,,20271RELI4002W001,SEMINAR
RELI GU4207,Religion and the Afro-Native Experience,"African Americans and Native Americans have a shared history of racial oppression in America. However, the prevailing lenses through which scholars understand settler colonialism, religion, and black and indigenous histories focus overwhelmingly on the dynamics between Europeans and these respective groups. How might our understanding of these subjects change when viewed from a different point of departure, if we center the history of entanglements between black and native lives? How does religion structure the overlapping experiences of Afro-Native peoples in North America?
  
From political movements in Minneapolis, Oakland, and New York City to enslavement from the Cotton Belt to the Rio Grande, this class will explore how Africans, Native Americans, and their descendants adapted to shifting contexts of race and religion in America. The course will proceed thematically by examining experiences of war, dislocation, survival, and diaspora.",Tiffany Hale,,,00216,,W4207-20271-001,Religion and Afro-Native,Religion @Barnard,RELI,https://doc.sis.columbia.edu/subj/RELI/W4207-20271-001/,,,,4,,,20271RELI4207W001,SEMINAR
RELI GU4807,DIVINE HUMAN ANIMAL,"This course focuses on thinking with animals (Levi-Strauss) through the lens of the religious imagination. The concentration will be primarily on Western religious cultures, especially Judaism and the question of Jewishness.",Beth A Berkowitz,,,00217,,W4807-20271-001,,Religion @Barnard,RELI,https://doc.sis.columbia.edu/subj/RELI/W4807-20271-001/,,,,4,,,20271RELI4807W001,SEMINAR
RELI UN1610,RELIGION AND POPULAR CULTURE,"When we hear “pop culture,” we often think of it in comparison to a “high culture.” In reality, popular culture is something that everyone has easy access to, and represents a common language of the people. Religion permeates American popular culture in surprising ways, and is part of national vocabulary. In addition, religious communities turn to popular culture as a way to preserve their own identities and uniqueness in the face of homogenization and assimilation. The course will attempt to cover a diversity of voices and perspectives. It is important to understand how context plays a role in the interpretation and practice of faith, as well as to witness the tension between the theology and the manifestation of belief.
  
We are not interested in determining if a particular understanding is right or wrong. Rather, we want to understand the role religion plays in society and for the individual. You will be expected to be critical and engaged. My hope is that you will also be creative and daring, and push us all into a better understanding of the material.",Hussein Rashid,,,00201,,V1610-20271-001,RELIGION AND POPULAR CULT,Religion @Barnard,RELI,https://doc.sis.columbia.edu/subj/RELI/V1610-20271-001/,,,,3,,,20271RELI1610V001,LECTURE
RELI UN2309,HINDUISM,"Considers efforts since 1900 to synthesize a coherent understanding of what Hinduism entails, sometimes under the heading of sanatana dharma. Using a rubric provided by the Bhagavad Gita, explores philosophical/theological (jnana), ritual (karma), and devotional (bhakti) aspects of Hindu life and thought.",Meghan E Hartman,,,00202,,V2309-20271-001,,Religion @Barnard,RELI,https://doc.sis.columbia.edu/subj/RELI/V2309-20271-001/,,,,4,,,20271RELI2309V001,LECTURE
RELI UN2779,INTRODUCTION TO NATIVE AMERICAN RELIGIOU,"There are over 800 distinct Native American nations currently within the borders of the United States. This course offers a broad introduction to the diversity of American Indian religious systems and their larger functions in communities and in history. We will explore general themes in the study of Native American religious traditions as well as look at some specific examples of practices, ideas, and beliefs. Of particular importance are the history and effects of colonialism and missionization on Native peoples, their continuing struggles for religious freedom and cultural and linguistic survival, and the ways in which American Indians engage with religion and spirituality, both past and present, to respond to social, cultural, political, and geographical change.",Tiffany Hale,,,00203,,V2779-20271-001,INTRO NAT AMER RELIGIOUS,Religion @Barnard,RELI,https://doc.sis.columbia.edu/subj/RELI/V2779-20271-001/,,,,3,,,20271RELI2779V001,LECTURE
RELI UN3199,THEORY,"An exploration of alternative theoretical approaches to the study of religion as well as other areas of humanistic inquiry. The methods considered include: sociology, anthropology, philosophy, hermeneutics, psychoanalysis, structuralism, genealogy, and deconstruction. (Previous title: Juniors Colloquium)",Timothy Vasko,,,00204,,V3199-20271-001,,Religion @Barnard,RELI,https://doc.sis.columbia.edu/subj/RELI/V3199-20271-001/,,,,4,,,20271RELI3199V001,SEMINAR
RELI UN3203,RELIGION IN THE MODERN US,"This course examines the history of religion in the United States from the Civil War to the present through thematic units focused on the legal structures of religious freedom; race, religion, and nationality; healing, aesthetics, and embodiment; and, finally, religion and politics. Over the course of the semester, students will explore various religious communities as well as the ways social, political, and economic factors have shaped those traditions – and how religious communities have in turn shaped US society, politics, and culture. Students will also be introduced to key themes and debates in the field of American religious studies.",Gale L Kenny,,,00205,,V3203-20271-001,RELIGION IN MODERN US,Religion @Barnard,RELI,https://doc.sis.columbia.edu/subj/RELI/V3203-20271-001/,,,,4,,,20271RELI3203V001,LECTURE
RELI UN3301,INTRODUCTION TO HEBREW BIBLE,Introduction to the literature of ancient Israel against the background of the ancient Near East.,Beth A Berkowitz,,,00209,,V3301-20271-001,INTRO TO HEBREW BIBLE,Religion @Barnard,RELI,https://doc.sis.columbia.edu/subj/RELI/V3301-20271-001/,,,,3,,,20271RELI3301V001,LECTURE
RELI UN3314,QURAN,"This course conceives of the Qur’ān as a living text in constant flux through interactions with other religious traditions.  It focuses on developing an understanding of the Qur’ān’s form, style, and content through a  close reading of comparable religious texts.  Major topics covered include the Qur’ānic theory of prophecy, its treatment of the Biblical tradition (both that of the Hebrew Bible and the New Testament), and its perspective on pre-Islamic pagan religion.  The central goals of the course include the ability to (a) analyze primary religious sources in a critical and objective manner and (b) construct coherent arguments based on concrete evidence.   In a class of this nature, class members will naturally hold or develop a wide variety of opinions about the topics covered.  The goal is not to adopt a single opinion concerning the interpretation of a particular text, but rather to support personal conclusions in a clear logical manner.",Najam I Haider,,,00210,,V3314-20271-001,,Religion @Barnard,RELI,https://doc.sis.columbia.edu/subj/RELI/V3314-20271-001/,,,,4,,,20271RELI3314V001,LECTURE
RELI UN3323,Religion and Medicine in South Asia: Psy,"In this course, students will come to see the imbrication of religion, power, and mental illness across South Asia by examining experiences of suffering and its management; the history of psychiatry in the British colonial era and its afterlives; and the relationship of religion to concepts of mental and emotional disorder. Students will identify models for medical structures of care, healing, and treatments in the context of religion, ritual, and quotidian life. Topics include diagnostic processes and the creation of categories, stigma and models of clinical care, hysteria, spirit possession, pharmaceuticals, and the relationship of trauma to political structures. This course has three sections: 1) the first portion undertakes a brief historical survey of medical disciplines and institutions in South Asia (such as the development of Ayurveda, Yunānī Ṭibb, and the rise of the bīmāristān); 2) the second portion of the course focuses on the rise of the asylum (sometimes called the pāgal khāna) in tandem with psychiatry and its twinned consequence: the pathologization of asceticism by British colonial technologies of discipline; 3) the final portion examines the relationship between British colonialism and psychoanalysis with the introduction of this western discipline to the subcontinent. 
  
This course will take 
critical
 stock of historical structures throughout South Asia 
claiming
 to provide care (such as family, caste, healthcare, mental asylums, colonialism, educational systems, pensions, and much more). As a result, students come to consider concepts of social suffering, biopolitics, biosociality, political subjectivity, and postcolonial disorder. 
  
Primary source material will include the following: śāstra, ethnography, clinical studies, poetry, scripture, ritual texts across Islamic, Hindu, Buddhist, and Jain traditions.",Meghan E Hartman,,,00211,,V3323-20271-001,RELI & MED IN SOUTH ASIA,Religion @Barnard,RELI,https://doc.sis.columbia.edu/subj/RELI/V3323-20271-001/,,,,4,,,20271RELI3323V001,SEMINAR
RELI UN3771,Indigenous Enlightenment,"What is the source of truth and authority? What is the origin of the world and how does that determine the social order? Who ought to rule, why, and how? What are the standards for measuring justice and injustice? What is our relationship to the environment around us and how should its resources be distributed among people? How do we relate to those who are different from us, and what does it mean to be a community in the first place? Historically, the answers to these questions that have been described as “religious” and “political” have been the restricted to a specific tradition of Western European Christianity and its secular afterlives. However, these are questions that every society asks, in order to be a society in the first place. This course analyzes how indigenous peoples in the Americas asked and answered these questions through the first three centuries of Western European imperial rule. At the same time, this course pushes students to question what gets categorized as uniquely “indigenous” thought, how, and why.",Timothy Vasko,,,00212,,V3771-20271-001,,Religion @Barnard,RELI,https://doc.sis.columbia.edu/subj/RELI/V3771-20271-001/,,,,4,,,20271RELI3771V001,SEMINAR
RUSS UN3998,SUPERVISED INDIVIDUAL RESEARCH,Prerequisites: the department's permission. Supervised Individual Research,,,,00768,,W3998-20271-001,SUPERVISED INDIVIDUAL RES,Slavic Languages @Barnard,RUSS,https://doc.sis.columbia.edu/subj/RUSS/W3998-20271-001/,,,,2-4,,,20271RUSS3998W001,INDEPENDENT
SCPP BC3334,"SCIENCE, STATE POWER, ETHICS","A comparative study of science in the service of the State in the U.S., the former Soviet Union, Fascist Italy, and Nazi Germany during pivotal periods through the first half of the 20th century. Topics to be covered include the political and moral consequences of policies based upon advances in the natural sciences making possible the development of TNT, nerve gas, uranium fission and hydrogen fusion atomic bombs. Considers the tensions involved in balancing scientific imperatives, patriotic commitment to the nation-state, and universal moral principles and tensions faced by Robert Oppenheimer, Andrei Sakharov, Neils Bohr and Werner Heisenberg. Selected readings include: Michael Frayn's play 
Copenhagen,
 
Hitler's Uranium Club 
by Jeremy Bernstein, Brecht's 
Galileo
, John McPhee's 
The Curve of Binding Energy,
 Richard Rhodes' 
The Making of the Atomic Bomb.",Timothy J Halpin-Healy,,,00586,,X3334-20271-001,SCIENCE STATE POWER ETHICS,Science and Public Policy @Barnard,SCPP,https://doc.sis.columbia.edu/subj/SCPP/X3334-20271-001/,,,,4,,,20271SCPP3334X001,SEMINAR
SCPP BC3338,Science-based evidence in policymaking,"In all societies, public policies are developed to solve social problems such as extreme
 poverty, inequality, basic sanitation, health and basic care, family planning, food
 security, mental health, abuse of illegal substances, education and protection of
 vulnerable groups. How can we ensure that these public policies are based on solid
 evidence, which would guarantee the greatest probability of effectiveness? And how do
 we plan and adapt the implementation of these policies to different realities, respecting
 cultural and historical differences?
  
 In order to achieve this, it is useful, if not necessary, to be acquainted with scientific
 thinking and the accumulation and use of evidence. It is also necessary to understand
 our own limitations and cognitive biases that interfere in the decision-making process,
 as well as understand the political and social context where decisions need to be made.
 This course aims to provide students with the tools necessary to assess public policies
 critically and rationally, as well as to evaluate different types of scientific evidence and
 understand how and where it is appropriate to include scientific evidence in building
 effective public policy.",Natalia Pasternak Taschner,,,00587,,X3338-20271-001,Science & Policymaking,Science and Public Policy @Barnard,SCPP,https://doc.sis.columbia.edu/subj/SCPP/X3338-20271-001/,,,,4,,,20271SCPP3338X001,SEMINAR
SLLT BC3101,"WOMEN WRITERS OF E EUR: BELARUS,UKR,&RUS","The course addresses the works of women writers of Ukraine, Belarus, and Russia from the 19th century to the present. All assigned readings will be in English. The purpose of the course is to become familiar with the struggles and concerns of these authors, as well as the general features of their lives and cultural contexts. Most readings assigned are primary texts. These will be supplemented during course meetings: the instructor will bring in various materials that would be obscure if assigned to students outside of class, but with live explanations in-class, will enrich their understanding of the primary readings.",John C Wright,,,00767,,X3101-20271-001,WOMEN WRITERS OF EASTRN E,Slavic Languages @Barnard,SLLT,https://doc.sis.columbia.edu/subj/SLLT/X3101-20271-001/,,,,3,,,20271SLLT3101X001,LECTURE
SOCI BC3088,INDIVIDUAL SENIOR PROJECTS,Prerequisites: Meets senior requirement. Instructor permission required. The instructor will supervise the writing of long papers involving some form of sociological research and analysis.,Mignon R Moore,,,00567,,X3088-20271-005,INDIVIDUAL SENIOR PROJECT,Sociology @Barnard,SOCI,https://doc.sis.columbia.edu/subj/SOCI/X3088-20271-005/,,,,4,,,20271SOCI3088X005,SEMINAR
SOCI BC3088,INDIVIDUAL SENIOR PROJECTS,Prerequisites: Meets senior requirement. Instructor permission required. The instructor will supervise the writing of long papers involving some form of sociological research and analysis.,Randa B Serhan,,,00571,,X3088-20271-009,INDIVIDUAL SENIOR PROJECT,Sociology @Barnard,SOCI,https://doc.sis.columbia.edu/subj/SOCI/X3088-20271-009/,,,,4,,,20271SOCI3088X009,SEMINAR
SOCI BC3088,INDIVIDUAL SENIOR PROJECTS,Prerequisites: Meets senior requirement. Instructor permission required. The instructor will supervise the writing of long papers involving some form of sociological research and analysis.,Deborah Becher,,,00572,,X3088-20271-001,INDIVIDUAL SENIOR PROJECT,Sociology @Barnard,SOCI,https://doc.sis.columbia.edu/subj/SOCI/X3088-20271-001/,,,,4,,,20271SOCI3088X001,SEMINAR
SOCI BC3088,INDIVIDUAL SENIOR PROJECTS,Prerequisites: Meets senior requirement. Instructor permission required. The instructor will supervise the writing of long papers involving some form of sociological research and analysis.,Elizabeth Bernstein,,,00573,,X3088-20271-002,INDIVIDUAL SENIOR PROJECT,Sociology @Barnard,SOCI,https://doc.sis.columbia.edu/subj/SOCI/X3088-20271-002/,,,,4,,,20271SOCI3088X002,SEMINAR
SOCI BC3088,INDIVIDUAL SENIOR PROJECTS,Prerequisites: Meets senior requirement. Instructor permission required. The instructor will supervise the writing of long papers involving some form of sociological research and analysis.,Maricarmen Hernandez,,,00574,,X3088-20271-003,INDIVIDUAL SENIOR PROJECT,Sociology @Barnard,SOCI,https://doc.sis.columbia.edu/subj/SOCI/X3088-20271-003/,,,,4,,,20271SOCI3088X003,SEMINAR
SOCI BC3088,INDIVIDUAL SENIOR PROJECTS,Prerequisites: Meets senior requirement. Instructor permission required. The instructor will supervise the writing of long papers involving some form of sociological research and analysis.,Debra Minkoff,,,00575,,X3088-20271-004,INDIVIDUAL SENIOR PROJECT,Sociology @Barnard,SOCI,https://doc.sis.columbia.edu/subj/SOCI/X3088-20271-004/,,,,4,,,20271SOCI3088X004,SEMINAR
SOCI BC3088,INDIVIDUAL SENIOR PROJECTS,Prerequisites: Meets senior requirement. Instructor permission required. The instructor will supervise the writing of long papers involving some form of sociological research and analysis.,Jonathan Rieder,,,00576,,X3088-20271-006,INDIVIDUAL SENIOR PROJECT,Sociology @Barnard,SOCI,https://doc.sis.columbia.edu/subj/SOCI/X3088-20271-006/,,,,4,,,20271SOCI3088X006,SEMINAR
SOCI BC3088,INDIVIDUAL SENIOR PROJECTS,Prerequisites: Meets senior requirement. Instructor permission required. The instructor will supervise the writing of long papers involving some form of sociological research and analysis.,Angela Simms,,,00577,,X3088-20271-007,INDIVIDUAL SENIOR PROJECT,Sociology @Barnard,SOCI,https://doc.sis.columbia.edu/subj/SOCI/X3088-20271-007/,,,,4,,,20271SOCI3088X007,SEMINAR
SOCI BC3088,INDIVIDUAL SENIOR PROJECTS,Prerequisites: Meets senior requirement. Instructor permission required. The instructor will supervise the writing of long papers involving some form of sociological research and analysis.,Amy Zhou,,,00578,,X3088-20271-008,INDIVIDUAL SENIOR PROJECT,Sociology @Barnard,SOCI,https://doc.sis.columbia.edu/subj/SOCI/X3088-20271-008/,,,,4,,,20271SOCI3088X008,SEMINAR
SOCI BC3202,Structural Drivers of Health,"The COVID-19 pandemic has made the underlying health disparities that exist in the United States more apparent. The traditional biomedical model places the responsibility of these disparities on the choices that an individual makes. The model assumes that one’s smoking, eating and exercising habits are based on personal choice. Therefore, the prevalence of morbidities such as high blood pressure, obesity and diabetes is the result of an individual’s poor decisions. This course will explore how the conditions under which individuals live, work, play and pray impact their health outcomes. Collectively these conditions are referred to as the Social Drivers of Health (SDoH) and often they reveal the systemic inequalities that disproportionately affect marginalized communities. This course will also call upon the need for a paradigm shift from the ""Social"" ""Determinants"" of Health to the “Structural” ""Drivers"" of Health. This shift is in recognition that it is the underlying structures (laws, material infrastructure) that impact  and drive health outcomes. The development of the SDoH has challenged health care providers to look beyond the biomedical model that stresses an individual’s behavior as the main predictor of adverse health conditions. Instead the SDoH focuses on an “upstream” approach that examines the underlying systemic and racial inequalities that impact communities of color and their health outcomes.",Domonique M Reed,,,00789,,X3202-20271-001,STRUCTURAL DRIVERS OF HEA,Sociology @Barnard,SOCI,https://doc.sis.columbia.edu/subj/SOCI/X3202-20271-001/,,,,3,,,20271SOCI3202X001,LECTURE
SOCI BC3267,Sociology of Disability,"Drawing on sociological theory and disability studies scholarship, this course explores how societies construct meanings of disability, normalcy, and difference, and how these constructions influence social institutions, policies, and everyday interactions. Through critical analysis of key institutions—e.g. education, work, and the criminal justice system—students will examine how ableism operates at structural levels while also exploring disability rights movements and forms of resistance and agency. Many of these issues will be examined through an intersectional lens, analyzing how disability intersects with race, gender, class, and other identities to create complex experiences of privilege and marginalization.",Nic Rios,,,00784,,X3267-20271-001,SOCIOLOGY OF DISABILITY,Sociology @Barnard,SOCI,https://doc.sis.columbia.edu/subj/SOCI/X3267-20271-001/,,,,3,,,20271SOCI3267X001,LECTURE
SOCI BC3916,CROSSOVER CULTURE,"The rise of crossover culture: racially segregated markets and genres; organizational environments and the rise of independent labels; the creative process and black-white conflict and connection; the emergence of rock as a white genre; civil rights, Black Power, and the politics of soul; cultural borrowing and the postracial ethos.",Jonathan Rieder,,,00792,,X3916-20271-001,,Sociology @Barnard,SOCI,https://doc.sis.columbia.edu/subj/SOCI/X3916-20271-001/,,,,4,,,20271SOCI3916X001,SEMINAR
SOCI BC3927,ADV TPCS IMMIGRATN INEQUAL I,"Examines processes of immigrant incorporation in the U.S. and other advanced democracies, with a focus on how immigration intersects with categorical inequalities (such as citizenship, social class, race, ethnicity, gender, and religion) in major institutional realms. Under instructor's supervision, students conduct a substantial research project related to course themes.",Randa B Serhan,,,00891,,X3927-20271-001,ADV TPCS IMMIGRATN INEQUA,Sociology @Barnard,SOCI,https://doc.sis.columbia.edu/subj/SOCI/X3927-20271-001/,,,,4,,,20271SOCI3927X001,SEMINAR
SOCI BC3930,ADVANCED TOPICS RACE & ETHNICITY,"Discusses theories of race and ethnicity, distinctions between prejudice, discrimination, and racism, and the intersectionality paradigm. Under instructors guidance students design a research proposal, conduct their own fieldwork and write a research paper on a sociological question relating to race and/or ethnicity.",Mignon R Moore,,,00755,,X3930-20271-001,ADVANCED TOPICS RACE & ET,Sociology @Barnard,SOCI,https://doc.sis.columbia.edu/subj/SOCI/X3930-20271-001/,,,,4,,,20271SOCI3930X001,SEMINAR
SOCI BC3934,Global Activism,"This seminar will investigate efforts to coordinate, justify, and understand global activism through lenses of internationalism, solidarity, and universal human rights. We will also study transformations in the global institutional landscape – comprising international finance, supranational unions, and non-governmental organizations – which is itself the contradictory outcome of prior cycles of contestation. We will survey historical precedents, analyze contemporary manifestations, and speculate on the future prospects of global activism. Students will explore cases and concepts by reading scholarly literature and by considering the political practices, texts, and media created by movements themselves.",Andrew S Anastasi,,,00889,,X3934-20271-001,GLOBAL ACTIVISM,Sociology @Barnard,SOCI,https://doc.sis.columbia.edu/subj/SOCI/X3934-20271-001/,,,,4,,,20271SOCI3934X001,SEMINAR
SOCI BC3939,Housing Equity and the American Dream,"The American Dream of owning a home has long represented an ideal of American equity. The ideal screams of opportunity and meritocracy: no matter how poor one begins life, as long as they work and save, they can enjoy the security and safety of home. To many, this ideal gives them hope, for they can see possibility for their achievement. To others, the ideal feels like a farce, for they rightly anticipate facing countless barriers to achieving that dream.
  
This course examines challenges, contradictions, and ironies of American housing equity. We study ways in which the ideal of single-family home ownership has directly led to excluding large portions of the population from secure housing. We examine why and how many Americans can be deeply committed to equality and freedom and still perpetuate inequalities in their housing choices. We examine how people at the bottom who understand well the barriers they face still manage to survive, invent, and struggle to achieve dignity and equity in their housing.
  
The course examines core issues of housing equity in America historically and in the present. The course primarily offers a sociological perspective on housing. But we will also read work and bring in perspectives from geography, history, urban planners, and others. In addition, we will also engage with work by journalists, which represents one way that the multi-disciplinary issues of housing are connected in narratives intended for a wider audience than more scholarly products. While we draw on work from various perspectives, we will focus on developing a sociological lens to understand housing.",Deborah Becher,,,00754,,X3939-20271-001,HOUSING EQUITY AMERICAN D,Sociology @Barnard,SOCI,https://doc.sis.columbia.edu/subj/SOCI/X3939-20271-001/,,,,4,,,20271SOCI3939X001,SEMINAR
SOCI BC3943,Black Americans and Development Politics,"This seminar explores theories regarding race/racism, gendered racism, capitalism, political economy, and processes related to how governments and markets allocate capital to build and maintain public goods and services and private amenities—from drinking water, to homes, to schools, to grocery and retail stores. Focus is on debates within and across Black communities regarding how Black people should seek individual and collective capacity to realize their citizenship rights and privileges, with particular attention to variation in Black Americans’ interests across the class spectrum. The final two weeks are devoted to Black liberation and reparations movements.",Angela Simms,,,00760,,X3943-20271-001,BLACK AMER & DEVELOP POLI,Sociology @Barnard,SOCI,https://doc.sis.columbia.edu/subj/SOCI/X3943-20271-001/,,,,4,,,20271SOCI3943X001,SEMINAR
SOCI BC3946,"GLOBAL HEALTH, POLITICS, AND SOCIETY","What is global health? Where do global health disease priorities come from, and how do the ways that we understand disease shape how we respond to it? What happens when good ideas and good intentions go wrong? This course critically examines the politics of global health and its impact on local institutions and people. Drawing on social science research, the course will address three main themes: 1) how global health priorities are defined and constructed, 2) how our understandings of disease influence our response to that disease, and 3) how efforts to respond to disease intersect with people on the ground, sometimes in unexpected ways. We will examine the global health industry from the vantage point of different institutions and actors – international organizations, governments, local healthcare institutions, healthcare workers, and people living with or at risk of various illnesses like HIV/AIDS, malaria, cancer, and Ebola. A primary goal of this course is to help you to develop skills in critical thinking in relation to global health issues and their impact on society. Students will demonstrate their knowledge through individual writing, class discussion, presentations, and a final research project.",Amy Zhou,,,00865,,X3946-20271-001,"GLOBAL HEALTH, SOCIETY",Sociology @Barnard,SOCI,https://doc.sis.columbia.edu/subj/SOCI/X3946-20271-001/,,,,4,,,20271SOCI3946X001,SEMINAR
SOCI BC3948,Transgender Lives,"This seminar examines transgender people’s lives through a sociological lens, investigating how social structures, institutions, and everyday interactions shape trans people’s lives and identities. Students will analyze the intersectional nature of transgender experience, exploring how gender, race, class, disability, nation, and citizenship status create diverse lived realities within transgender communities. Topics include family dynamics, violence, resistance, space, work, legal recognition, and visions of transgender futures.",Nic Rios,,,00785,,X3948-20271-001,TRANSGENDER LIVES,Sociology @Barnard,SOCI,https://doc.sis.columbia.edu/subj/SOCI/X3948-20271-001/,,,,4,,,20271SOCI3948X001,SEMINAR
SOCI UN3000,SOCIAL THEORY,"Prerequisites: Sophomore standing. Required for all sociology majors. Prerequisite: at least one sociology course of the instructor's permission. Theoretical accounts of the rise and transformations of modern society in the19th and 20th centuries. Theories studied include those of Adam Smith, Tocqueville, Marx, Durkheim, Max Weber, Roberto Michels. Selected topics: individual, society, and polity; economy, class, and status: organization and ideology; religion and society; moral and instrumental action.",Andrew S Anastasi,,,00751,,W3000-20271-001,,Sociology @Barnard,SOCI,https://doc.sis.columbia.edu/subj/SOCI/W3000-20271-001/,,,,4,,,20271SOCI3000W001,LECTURE
SOCI UN3207,"MUSIC, RACE & IDENTITY","Analysis of the complex relationship among race, art, organizations, economics, social movements and identity. Emphasis is on shifting conceptions of identity and changing roles of race and racism in the spirituals, gospel music, minstrelsy, rhythm and blues, rocknroll, soul music, Hip Hop and contemporary popular music.",Jonathan Rieder,,,00757,,W3207-20271-001,,Sociology @Barnard,SOCI,https://doc.sis.columbia.edu/subj/SOCI/W3207-20271-001/,,,,3,,,20271SOCI3207W001,LECTURE
SOCI UN3241,"Transnationalism, Citizenship, and Belon","Transnationalism, Citizenship, and Belonging covers the myriad ways that transnationalism is experienced in both South to North and South to South migrations. Transnationalism and its contenders, globalization and nationalism, will be placed within a broader discussion of belonging based on sociological theories of citizenship, politics of exclusion, and boundary-making.",Randa B Serhan,,,00890,,W3241-20271-001,"TRANSNTNL, CITIZEN, BELON",Sociology @Barnard,SOCI,https://doc.sis.columbia.edu/subj/SOCI/W3241-20271-001/,,,,3,,,20271SOCI3241W001,LECTURE
SOCI UN3999,INDIVIDUAL STUDY II,Prerequisites: open only to qualified majors in the department; the director of undergraduate studies permission is required. An opportunity for research under the direction of an individual faculty member. Students intending to write a year-long senior thesis should plan to register for C3996 in the spring semester of their senior year and are strongly advised to consult the undergraduate studies as they plan their programs.,Amy Zhou,,,00568,,C3999-20271-008,,Sociology @Barnard,SOCI,https://doc.sis.columbia.edu/subj/SOCI/C3999-20271-008/,,,,1-6,C3996,,20271SOCI3999C008,INDEPENDENT
SOCI UN3999,INDIVIDUAL STUDY II,Prerequisites: open only to qualified majors in the department; the director of undergraduate studies permission is required. An opportunity for research under the direction of an individual faculty member. Students intending to write a year-long senior thesis should plan to register for C3996 in the spring semester of their senior year and are strongly advised to consult the undergraduate studies as they plan their programs.,Randa B Serhan,,,00569,,C3999-20271-009,,Sociology @Barnard,SOCI,https://doc.sis.columbia.edu/subj/SOCI/C3999-20271-009/,,,,1-6,C3996,,20271SOCI3999C009,INDEPENDENT
SOCI UN3999,INDIVIDUAL STUDY II,Prerequisites: open only to qualified majors in the department; the director of undergraduate studies permission is required. An opportunity for research under the direction of an individual faculty member. Students intending to write a year-long senior thesis should plan to register for C3996 in the spring semester of their senior year and are strongly advised to consult the undergraduate studies as they plan their programs.,Deborah Becher,,,00579,,C3999-20271-001,,Sociology @Barnard,SOCI,https://doc.sis.columbia.edu/subj/SOCI/C3999-20271-001/,,,,1-6,C3996,,20271SOCI3999C001,INDEPENDENT
SOCI UN3999,INDIVIDUAL STUDY II,Prerequisites: open only to qualified majors in the department; the director of undergraduate studies permission is required. An opportunity for research under the direction of an individual faculty member. Students intending to write a year-long senior thesis should plan to register for C3996 in the spring semester of their senior year and are strongly advised to consult the undergraduate studies as they plan their programs.,Elizabeth Bernstein,,,00580,,C3999-20271-002,,Sociology @Barnard,SOCI,https://doc.sis.columbia.edu/subj/SOCI/C3999-20271-002/,,,,1-6,C3996,,20271SOCI3999C002,INDEPENDENT
SOCI UN3999,INDIVIDUAL STUDY II,Prerequisites: open only to qualified majors in the department; the director of undergraduate studies permission is required. An opportunity for research under the direction of an individual faculty member. Students intending to write a year-long senior thesis should plan to register for C3996 in the spring semester of their senior year and are strongly advised to consult the undergraduate studies as they plan their programs.,Debra Minkoff,,,00581,,C3999-20271-004,,Sociology @Barnard,SOCI,https://doc.sis.columbia.edu/subj/SOCI/C3999-20271-004/,,,,1-6,C3996,,20271SOCI3999C004,INDEPENDENT
SOCI UN3999,INDIVIDUAL STUDY II,Prerequisites: open only to qualified majors in the department; the director of undergraduate studies permission is required. An opportunity for research under the direction of an individual faculty member. Students intending to write a year-long senior thesis should plan to register for C3996 in the spring semester of their senior year and are strongly advised to consult the undergraduate studies as they plan their programs.,Mignon R Moore,,,00582,,C3999-20271-005,,Sociology @Barnard,SOCI,https://doc.sis.columbia.edu/subj/SOCI/C3999-20271-005/,,,,1-6,C3996,,20271SOCI3999C005,INDEPENDENT
SOCI UN3999,INDIVIDUAL STUDY II,Prerequisites: open only to qualified majors in the department; the director of undergraduate studies permission is required. An opportunity for research under the direction of an individual faculty member. Students intending to write a year-long senior thesis should plan to register for C3996 in the spring semester of their senior year and are strongly advised to consult the undergraduate studies as they plan their programs.,Jonathan Rieder,,,00583,,C3999-20271-006,,Sociology @Barnard,SOCI,https://doc.sis.columbia.edu/subj/SOCI/C3999-20271-006/,,,,1-6,C3996,,20271SOCI3999C006,INDEPENDENT
SOCI UN3999,INDIVIDUAL STUDY II,Prerequisites: open only to qualified majors in the department; the director of undergraduate studies permission is required. An opportunity for research under the direction of an individual faculty member. Students intending to write a year-long senior thesis should plan to register for C3996 in the spring semester of their senior year and are strongly advised to consult the undergraduate studies as they plan their programs.,Angela Simms,,,00584,,C3999-20271-007,,Sociology @Barnard,SOCI,https://doc.sis.columbia.edu/subj/SOCI/C3999-20271-007/,,,,1-6,C3996,,20271SOCI3999C007,INDEPENDENT
SOCI UN3999,INDIVIDUAL STUDY II,Prerequisites: open only to qualified majors in the department; the director of undergraduate studies permission is required. An opportunity for research under the direction of an individual faculty member. Students intending to write a year-long senior thesis should plan to register for C3996 in the spring semester of their senior year and are strongly advised to consult the undergraduate studies as they plan their programs.,Maricarmen Hernandez,,,00585,,C3999-20271-003,,Sociology @Barnard,SOCI,https://doc.sis.columbia.edu/subj/SOCI/C3999-20271-003/,,,,1-6,C3996,,20271SOCI3999C003,INDEPENDENT
SODB BC1111,SODB:FIRST AND SECOND YR SEM,"This is a course designed for the students enrolled in the Barbara Silver Horowitz ’55 Scholars of Distinction program. It should be taken fall and spring semesters of a students first and second years at the college (for a total of 4 course credits total over the two years). Each month is organized around an outing (or several outings) with readings and guest speakers to complement the outing. Students are expected to attend all the events and meetings. Each student will also produce a blog post connected to or inspired by each event. These posts will appear on the Barnard College website dedicated to the program. Blog posts do not have to cover the event per se, they might, for example, attend to ancillary issues raised by the event or topics raised by the accompanying readings.",,,,00837,,X1111-20271-001,SODB:FIRST AND SECOND YR,Scholars of Distinction @Barnard,SODB,https://doc.sis.columbia.edu/subj/SODB/X1111-20271-001/,,,,1,,,20271SODB1111X001,SEMINAR
SODB BC2222,SODB: THIRD & FOURTH YR SEM,"Prerequisites: SODBX1111 Must be enrolled on Scholars of Distinction Program This is the course associated with the Barbara Silver Horowitz Scholars of Distinction program. It is for students in that program. Note at the end of their second year, the students will have developed a project for the summer between their second and third years at Barnard. During their third year, they will develop a robust research project connected to or deriving from that summer’s work.",,,,00838,,X2222-20271-001,SODB: THIRD & FOURTH YR S,Scholars of Distinction @Barnard,SODB,https://doc.sis.columbia.edu/subj/SODB/X2222-20271-001/,,,,1.5,BX1111,,20271SODB2222X001,SEMINAR
SPAN BC3382,SOCIOLING ASPECTS U.S.SPANISH,"Prerequisites: Third-year bridge course (W3300), and introductory surveys (W3349, W3350). Sociolinguistics studies the connections between language and social categories such as class, gender, and ethnicity. This course will address how social, geographic, cultural, and economic factors affect the different usages of Spanish among its millions of speakers. Through theory and practice of various research tools including Ethnography of Communication and Discourse Analysis, students with explore topics such as English-Spanish contact in the US, code-switching, and Spanglish, as well as issues of identity, bilingualism, and endangered languages.",Maria E Lozano,,,00243,,X3382-20271-001,SOCIOLING ASPECTS U.S.SPA,Spanish and Latin American Culture,SPAN,https://doc.sis.columbia.edu/subj/SPAN/X3382-20271-001/,,,,3,"W3300
W3349
W3350",,20271SPAN3382X001,LECTURE
SPAN BC3456,PUERTO RICO: COLONIAL EXPRNCE,"Prerequisites: Third-year bridge course (W3300), and introductory surveys (W3349, W3350). This course analyzes how political conflicts and cultural attitudes emerged in Puerto Rico throughout colonial Spanish rule (1492-1898) reappear or influence developing thought after the transfer of sovereignty to the United States and through the 1952 creation of the Commonwealth, as manifested in legal, journalistic, literary, and other cultural works.",Wadda Rios-Font,,,00447,,X3456-20271-001,PUERTO RICO: COLONIAL EXP,Spanish and Latin American Culture,SPAN,https://doc.sis.columbia.edu/subj/SPAN/X3456-20271-001/,,,,3,"W3300
W3349
W3350",,20271SPAN3456X001,LECTURE
SPAN BC3693,Disability Narratives in Latin America,"This course surveys Latin American literary texts that have deeply engaged with disability in the
 20 th and 21 st century. Against the tendency to treat disability merely as a useful metaphor or to
 simply import Global Northern vocabulary and methodologies of disability studies to other
 locations, this course turns to Latin American literary texts by authors that have been directly
 “touched” by disability to foreground the concerns, vocabularies, and commitments that their
 texts reveal. This includes authors who either through their personal experience with disability
 or as caretakers—as parents, siblings, or close friends of people with disabilities—have closely
 grappled with the experience of non-normative bodies and minds in the Latin American
 context. In this course we ask how are subjects with disabilities represented in a variety of
 genres (novel, essay, poem, graphic novel) and what constraints and possibilities circumscribe
 these subjectivities and their lives. Ultimately, we will ask what vision of disability justice
 emerges from these localized experiences and creative interventions beyond now globalized
 disability discourses of inclusion/access and independence/autonomy.",Maja Horn,,,00244,,X3693-20271-001,Disability Narratives Lat,Spanish and Latin American Culture,SPAN,https://doc.sis.columbia.edu/subj/SPAN/X3693-20271-001/,,,,4,,,20271SPAN3693X001,SEMINAR
SPAN UN1101,ELEMENTARY SPANISH I,"Prerequisites: a score of 0-279 on the department's Spanish as a Second Language Placement exam. An introduction to Spanish communicative competence, with stress on basic oral interaction, reading, writing, and cultural knowledge. Principal objectives are to understand and produce commonly used sentences to satisfy immediate needs; ask and answer questions about personal details such as where we live, people we know and things we have; interact in a simple manner with people who speak clearly, slowly and are ready to cooperate; and understand simple and short written and audiovisual texts in Spanish. All Columbia students must take Spanish language courses (UN 1101-3300) for a letter grade.",,,,00219,,W1101-20271-020,,Spanish and Latin American Culture,SPAN,https://doc.sis.columbia.edu/subj/SPAN/W1101-20271-020/,,,,4,,,20271SPAN1101W020,LANGUAGE
SPAN UN1101,ELEMENTARY SPANISH I,"Prerequisites: a score of 0-279 on the department's Spanish as a Second Language Placement exam. An introduction to Spanish communicative competence, with stress on basic oral interaction, reading, writing, and cultural knowledge. Principal objectives are to understand and produce commonly used sentences to satisfy immediate needs; ask and answer questions about personal details such as where we live, people we know and things we have; interact in a simple manner with people who speak clearly, slowly and are ready to cooperate; and understand simple and short written and audiovisual texts in Spanish. All Columbia students must take Spanish language courses (UN 1101-3300) for a letter grade.",,,,00220,,W1101-20271-021,,Spanish and Latin American Culture,SPAN,https://doc.sis.columbia.edu/subj/SPAN/W1101-20271-021/,,,,4,,,20271SPAN1101W021,LANGUAGE
SPAN UN1101,ELEMENTARY SPANISH I,"Prerequisites: a score of 0-279 on the department's Spanish as a Second Language Placement exam. An introduction to Spanish communicative competence, with stress on basic oral interaction, reading, writing, and cultural knowledge. Principal objectives are to understand and produce commonly used sentences to satisfy immediate needs; ask and answer questions about personal details such as where we live, people we know and things we have; interact in a simple manner with people who speak clearly, slowly and are ready to cooperate; and understand simple and short written and audiovisual texts in Spanish. All Columbia students must take Spanish language courses (UN 1101-3300) for a letter grade.",,,,00221,,W1101-20271-022,,Spanish and Latin American Culture,SPAN,https://doc.sis.columbia.edu/subj/SPAN/W1101-20271-022/,,,,4,,,20271SPAN1101W022,LANGUAGE
SPAN UN1102,ELEMENTARY SPANISH II,"Prerequisites: SPAN UN1101 or a score of 280-379 on the department’s Spanish as a Second Language Placement exam. An intensive introduction to Spanish language communicative competence, with stress on basic oral interaction, reading, writing and cultural knowledge as a continuation of SPAN UN1101. The principal objectives are to understand sentences and frequently used expressions related to areas of immediate relevance; communicate in simple and routine tasks requiring a direct exchange of information on familiar matters; describe in simple terms aspects of our background and personal history; understand the main point, the basic content, and the plot of filmic as well as short written texts. All Columbia students must take Spanish language courses (UN 1101-3300) for a letter grade.",Almudena Mar N-Cobos,,,00222,,W1102-20271-020,,Spanish and Latin American Culture,SPAN,https://doc.sis.columbia.edu/subj/SPAN/W1102-20271-020/,,,,4,"SPAN UN1101
SPAN UN1101",,20271SPAN1102W020,LANGUAGE
SPAN UN1102,ELEMENTARY SPANISH II,"Prerequisites: SPAN UN1101 or a score of 280-379 on the department’s Spanish as a Second Language Placement exam. An intensive introduction to Spanish language communicative competence, with stress on basic oral interaction, reading, writing and cultural knowledge as a continuation of SPAN UN1101. The principal objectives are to understand sentences and frequently used expressions related to areas of immediate relevance; communicate in simple and routine tasks requiring a direct exchange of information on familiar matters; describe in simple terms aspects of our background and personal history; understand the main point, the basic content, and the plot of filmic as well as short written texts. All Columbia students must take Spanish language courses (UN 1101-3300) for a letter grade.",Faculty,,,00223,,W1102-20271-021,,Spanish and Latin American Culture,SPAN,https://doc.sis.columbia.edu/subj/SPAN/W1102-20271-021/,,,,4,"SPAN UN1101
SPAN UN1101",,20271SPAN1102W021,LANGUAGE
SPAN UN1102,ELEMENTARY SPANISH II,"Prerequisites: SPAN UN1101 or a score of 280-379 on the department’s Spanish as a Second Language Placement exam. An intensive introduction to Spanish language communicative competence, with stress on basic oral interaction, reading, writing and cultural knowledge as a continuation of SPAN UN1101. The principal objectives are to understand sentences and frequently used expressions related to areas of immediate relevance; communicate in simple and routine tasks requiring a direct exchange of information on familiar matters; describe in simple terms aspects of our background and personal history; understand the main point, the basic content, and the plot of filmic as well as short written texts. All Columbia students must take Spanish language courses (UN 1101-3300) for a letter grade.",Faculty,,,00224,,W1102-20271-022,,Spanish and Latin American Culture,SPAN,https://doc.sis.columbia.edu/subj/SPAN/W1102-20271-022/,,,,4,"SPAN UN1101
SPAN UN1101",,20271SPAN1102W022,LANGUAGE
SPAN UN1102,ELEMENTARY SPANISH II,"Prerequisites: SPAN UN1101 or a score of 280-379 on the department’s Spanish as a Second Language Placement exam. An intensive introduction to Spanish language communicative competence, with stress on basic oral interaction, reading, writing and cultural knowledge as a continuation of SPAN UN1101. The principal objectives are to understand sentences and frequently used expressions related to areas of immediate relevance; communicate in simple and routine tasks requiring a direct exchange of information on familiar matters; describe in simple terms aspects of our background and personal history; understand the main point, the basic content, and the plot of filmic as well as short written texts. All Columbia students must take Spanish language courses (UN 1101-3300) for a letter grade.",Faculty,,,00225,,W1102-20271-023,,Spanish and Latin American Culture,SPAN,https://doc.sis.columbia.edu/subj/SPAN/W1102-20271-023/,,,,4,"SPAN UN1101
SPAN UN1101",,20271SPAN1102W023,LANGUAGE
SPAN UN1108,Elementary Spanish for Heritage Speakers,"Prerequisites: Scoring at this level on the department’s Spanish as a Heritage Language Placement test (https://columbia-barnard.vega-labs.com).
  
The principal aim of SPAN UN1108 is to build upon and further develop the informal knowledge of Spanish that heritage learners bring to the classroom—usually from family and neighborhood exposure to the language—and cultivate formal speaking, listening, reading, and writing abilities. Students are not expected to have any academic training in written Spanish prior to enrolling in this course.
  
Spanish heritage language courses at Columbia/Barnard focus on the development of communicative abilities and literacy from sociolinguistic and sociocultural approaches. Throughout the semester, students will be reviewing spelling patterns, building vocabulary, acquiring and effectively using learning strategies, and strengthening composition skills in Spanish. Cultural projects and readings reinforce learners’ understanding of the multiple issues related to Hispanic cultures in the United States and in other Spanish-speaking societies.",Antoni Fernandez Parera,,,00226,,W1108-20271-001,Elem Spanish Heritage Spe,Spanish and Latin American Culture,SPAN,https://doc.sis.columbia.edu/subj/SPAN/W1108-20271-001/,,,,4,SPAN UN1108,,20271SPAN1108W001,LANGUAGE
SPAN UN1108,Elementary Spanish for Heritage Speakers,"Prerequisites: Scoring at this level on the department’s Spanish as a Heritage Language Placement test (https://columbia-barnard.vega-labs.com).
  
The principal aim of SPAN UN1108 is to build upon and further develop the informal knowledge of Spanish that heritage learners bring to the classroom—usually from family and neighborhood exposure to the language—and cultivate formal speaking, listening, reading, and writing abilities. Students are not expected to have any academic training in written Spanish prior to enrolling in this course.
  
Spanish heritage language courses at Columbia/Barnard focus on the development of communicative abilities and literacy from sociolinguistic and sociocultural approaches. Throughout the semester, students will be reviewing spelling patterns, building vocabulary, acquiring and effectively using learning strategies, and strengthening composition skills in Spanish. Cultural projects and readings reinforce learners’ understanding of the multiple issues related to Hispanic cultures in the United States and in other Spanish-speaking societies.",Antoni Fernandez Parera,,,00227,,W1108-20271-002,Elem Spanish Heritage Spe,Spanish and Latin American Culture,SPAN,https://doc.sis.columbia.edu/subj/SPAN/W1108-20271-002/,,,,4,SPAN UN1108,,20271SPAN1108W002,LANGUAGE
SPAN UN1108,Elementary Spanish for Heritage Speakers,"Prerequisites: Scoring at this level on the department’s Spanish as a Heritage Language Placement test (https://columbia-barnard.vega-labs.com).
  
The principal aim of SPAN UN1108 is to build upon and further develop the informal knowledge of Spanish that heritage learners bring to the classroom—usually from family and neighborhood exposure to the language—and cultivate formal speaking, listening, reading, and writing abilities. Students are not expected to have any academic training in written Spanish prior to enrolling in this course.
  
Spanish heritage language courses at Columbia/Barnard focus on the development of communicative abilities and literacy from sociolinguistic and sociocultural approaches. Throughout the semester, students will be reviewing spelling patterns, building vocabulary, acquiring and effectively using learning strategies, and strengthening composition skills in Spanish. Cultural projects and readings reinforce learners’ understanding of the multiple issues related to Hispanic cultures in the United States and in other Spanish-speaking societies.",Gabriela Derobles,,,00228,,W1108-20271-003,Elem Spanish Heritage Spe,Spanish and Latin American Culture,SPAN,https://doc.sis.columbia.edu/subj/SPAN/W1108-20271-003/,,,,4,SPAN UN1108,,20271SPAN1108W003,LANGUAGE
SPAN UN2101,INTERMEDIATE SPANISH I,"Prerequisites: SPAN UN1102 or SPAN UN1120 or or a score of 380-449 in the departments Placement Examination. An intensive course in Spanish language communicative competence, with stress on oral interaction, reading, writing, and culture as a continuation of SPAN UN1102 or SPAN UN1120. All Columbia students must take Spanish language courses (UN 1101-3300) for a letter grade.",Maria E Lozano,,,00229,,W2101-20271-020,,Spanish and Latin American Culture,SPAN,https://doc.sis.columbia.edu/subj/SPAN/W2101-20271-020/,,,,4,"SPAN UN1102
SPAN UN1102
SPAN UN1120
SPAN UN1120",,20271SPAN2101W020,LANGUAGE
SPAN UN2101,INTERMEDIATE SPANISH I,"Prerequisites: SPAN UN1102 or SPAN UN1120 or or a score of 380-449 in the departments Placement Examination. An intensive course in Spanish language communicative competence, with stress on oral interaction, reading, writing, and culture as a continuation of SPAN UN1102 or SPAN UN1120. All Columbia students must take Spanish language courses (UN 1101-3300) for a letter grade.",Maria E Lozano,,,00230,,W2101-20271-021,,Spanish and Latin American Culture,SPAN,https://doc.sis.columbia.edu/subj/SPAN/W2101-20271-021/,,,,4,"SPAN UN1102
SPAN UN1102
SPAN UN1120
SPAN UN1120",,20271SPAN2101W021,LANGUAGE
SPAN UN2101,INTERMEDIATE SPANISH I,"Prerequisites: SPAN UN1102 or SPAN UN1120 or or a score of 380-449 in the departments Placement Examination. An intensive course in Spanish language communicative competence, with stress on oral interaction, reading, writing, and culture as a continuation of SPAN UN1102 or SPAN UN1120. All Columbia students must take Spanish language courses (UN 1101-3300) for a letter grade.",Gabriela Derobles,,,00231,,W2101-20271-022,,Spanish and Latin American Culture,SPAN,https://doc.sis.columbia.edu/subj/SPAN/W2101-20271-022/,,,,4,"SPAN UN1102
SPAN UN1102
SPAN UN1120
SPAN UN1120",,20271SPAN2101W022,LANGUAGE
SPAN UN2101,INTERMEDIATE SPANISH I,"Prerequisites: SPAN UN1102 or SPAN UN1120 or or a score of 380-449 in the departments Placement Examination. An intensive course in Spanish language communicative competence, with stress on oral interaction, reading, writing, and culture as a continuation of SPAN UN1102 or SPAN UN1120. All Columbia students must take Spanish language courses (UN 1101-3300) for a letter grade.",Gabriela Derobles,,,00232,,W2101-20271-023,,Spanish and Latin American Culture,SPAN,https://doc.sis.columbia.edu/subj/SPAN/W2101-20271-023/,,,,4,"SPAN UN1102
SPAN UN1102
SPAN UN1120
SPAN UN1120",,20271SPAN2101W023,LANGUAGE
SPAN UN2101,INTERMEDIATE SPANISH I,"Prerequisites: SPAN UN1102 or SPAN UN1120 or or a score of 380-449 in the departments Placement Examination. An intensive course in Spanish language communicative competence, with stress on oral interaction, reading, writing, and culture as a continuation of SPAN UN1102 or SPAN UN1120. All Columbia students must take Spanish language courses (UN 1101-3300) for a letter grade.",,,,00233,,W2101-20271-024,,Spanish and Latin American Culture,SPAN,https://doc.sis.columbia.edu/subj/SPAN/W2101-20271-024/,,,,4,"SPAN UN1102
SPAN UN1102
SPAN UN1120
SPAN UN1120",,20271SPAN2101W024,LANGUAGE
SPAN UN2102,INTERMEDIATE SPANISH II,"Prerequisites: SPAN UN2101 or a score of 450-625 in the departments Placement Examination. An intensive course in Spanish language communicative competence, with stress on oral interaction, reading, writing and culture as a continuation of SPAN UN2101. All Columbia students must take Spanish language courses (UN 1101-3300) for a letter grade.",Javier Perez Zapatero,,,00234,,W2102-20271-020,,Spanish and Latin American Culture,SPAN,https://doc.sis.columbia.edu/subj/SPAN/W2102-20271-020/,,,,4,"SPAN UN2101
SPAN UN2101",,20271SPAN2102W020,LANGUAGE
SPAN UN2102,INTERMEDIATE SPANISH II,"Prerequisites: SPAN UN2101 or a score of 450-625 in the departments Placement Examination. An intensive course in Spanish language communicative competence, with stress on oral interaction, reading, writing and culture as a continuation of SPAN UN2101. All Columbia students must take Spanish language courses (UN 1101-3300) for a letter grade.",Javier Perez Zapatero,,,00235,,W2102-20271-021,,Spanish and Latin American Culture,SPAN,https://doc.sis.columbia.edu/subj/SPAN/W2102-20271-021/,,,,4,"SPAN UN2101
SPAN UN2101",,20271SPAN2102W021,LANGUAGE
SPAN UN2102,INTERMEDIATE SPANISH II,"Prerequisites: SPAN UN2101 or a score of 450-625 in the departments Placement Examination. An intensive course in Spanish language communicative competence, with stress on oral interaction, reading, writing and culture as a continuation of SPAN UN2101. All Columbia students must take Spanish language courses (UN 1101-3300) for a letter grade.",Jesus Suarez-Garcia,,,00236,,W2102-20271-022,,Spanish and Latin American Culture,SPAN,https://doc.sis.columbia.edu/subj/SPAN/W2102-20271-022/,,,,4,"SPAN UN2101
SPAN UN2101",,20271SPAN2102W022,LANGUAGE
SPAN UN2102,INTERMEDIATE SPANISH II,"Prerequisites: SPAN UN2101 or a score of 450-625 in the departments Placement Examination. An intensive course in Spanish language communicative competence, with stress on oral interaction, reading, writing and culture as a continuation of SPAN UN2101. All Columbia students must take Spanish language courses (UN 1101-3300) for a letter grade.",Jesus Suarez-Garcia,,,00237,,W2102-20271-023,,Spanish and Latin American Culture,SPAN,https://doc.sis.columbia.edu/subj/SPAN/W2102-20271-023/,,,,4,"SPAN UN2101
SPAN UN2101",,20271SPAN2102W023,LANGUAGE
SPAN UN3300,ADV LANGUAGE THROUGH CONTENT,"Prerequisites: SPAN UN2102 or AP score of 4 or 5; or SAT score. An intensive exposure to advanced points of Spanish grammar and structure through written and oral practice, along with an introduction to the basic principles of academic composition in Spanish. Each section is based on the exploration of an ample theme that serves as the organizing principle for the work done in class (Please consult the Directory of Classes for the topic of each section.) This course is required for the major and the concentration in Hispanic Studies. Formerly SPAN W3200 and SPAN BC3004. If you have taken either of these courses before you cannot take SPAN UN3300. All Columbia students must take Spanish language courses (UN 1101-3300) for a letter grade.",Javier Perez Zapatero,,,00238,,W3300-20271-020,ADV LANGUAGE THROUGH CONT,Spanish and Latin American Culture,SPAN,https://doc.sis.columbia.edu/subj/SPAN/W3300-20271-020/,,,,3,"SPAN BC3004
SPAN UN2102
SPAN UN3300
SPAN W3200",,20271SPAN3300W020,LANGUAGE
SPAN UN3300,ADV LANGUAGE THROUGH CONTENT,"Prerequisites: SPAN UN2102 or AP score of 4 or 5; or SAT score. An intensive exposure to advanced points of Spanish grammar and structure through written and oral practice, along with an introduction to the basic principles of academic composition in Spanish. Each section is based on the exploration of an ample theme that serves as the organizing principle for the work done in class (Please consult the Directory of Classes for the topic of each section.) This course is required for the major and the concentration in Hispanic Studies. Formerly SPAN W3200 and SPAN BC3004. If you have taken either of these courses before you cannot take SPAN UN3300. All Columbia students must take Spanish language courses (UN 1101-3300) for a letter grade.",Antoni Fernandez Parera,,,00239,,W3300-20271-021,ADV LANGUAGE THROUGH CONT,Spanish and Latin American Culture,SPAN,https://doc.sis.columbia.edu/subj/SPAN/W3300-20271-021/,,,,3,"SPAN BC3004
SPAN UN2102
SPAN UN3300
SPAN W3200",,20271SPAN3300W021,LANGUAGE
SPAN UN3300,ADV LANGUAGE THROUGH CONTENT,"Prerequisites: SPAN UN2102 or AP score of 4 or 5; or SAT score. An intensive exposure to advanced points of Spanish grammar and structure through written and oral practice, along with an introduction to the basic principles of academic composition in Spanish. Each section is based on the exploration of an ample theme that serves as the organizing principle for the work done in class (Please consult the Directory of Classes for the topic of each section.) This course is required for the major and the concentration in Hispanic Studies. Formerly SPAN W3200 and SPAN BC3004. If you have taken either of these courses before you cannot take SPAN UN3300. All Columbia students must take Spanish language courses (UN 1101-3300) for a letter grade.",,,,00240,,W3300-20271-022,ADV LANGUAGE THROUGH CONT,Spanish and Latin American Culture,SPAN,https://doc.sis.columbia.edu/subj/SPAN/W3300-20271-022/,,,,3,"SPAN BC3004
SPAN UN2102
SPAN UN3300
SPAN W3200",,20271SPAN3300W022,LANGUAGE
SPAN UN3349,HISPANIC CULTURES I (SP),"Prerequisites: L course: enrollment limited to 15 students. Completion of language requirement, third-year language sequence (W3300). Provides students with an overview of the cultural history of the Hispanic world, from eighth-century Islamic and Christian Spain and the pre-Hispanic Americas through the late Middle Ages and Early Modern period until about 1700, covering texts and cultural artifacts from both Spain and the Americas.",Almudena Mar N-Cobos,,,00241,,W3349-20271-001,,Spanish and Latin American Culture,SPAN,https://doc.sis.columbia.edu/subj/SPAN/W3349-20271-001/,,,,3,W3300,,20271SPAN3349W001,LECTURE
SPAN UN3349,HISPANIC CULTURES I (SP),"Prerequisites: L course: enrollment limited to 15 students. Completion of language requirement, third-year language sequence (W3300). Provides students with an overview of the cultural history of the Hispanic world, from eighth-century Islamic and Christian Spain and the pre-Hispanic Americas through the late Middle Ages and Early Modern period until about 1700, covering texts and cultural artifacts from both Spain and the Americas.",Alexandra V Mendez,,,00442,,W3349-20271-002,,Spanish and Latin American Culture,SPAN,https://doc.sis.columbia.edu/subj/SPAN/W3349-20271-002/,,,,3,W3300,,20271SPAN3349W002,LECTURE
SPAN UN3350,HISPANIC CULTURES II (SP),"This course surveys cultural production of Spain and Spanish America from the eighteenth to the twenty-first centuries. Students will acquire the knowledge needed for the study of the cultural manifestations of the Hispanic world in the context of modernity. Among the issues and events studied will be the Enlightenment as ideology and practice, the Napoleonic invasion of Spain, the wars of Spanish American independence, the fin-de-siecle and the cultural avant-gardes, the wars and revolutions of the twentieth century (Spanish Civil War, the Mexican and Cuban revolutions), neoliberalism, globalization, and the Hispanic presence in the United States. The goal of the course is to study some key moments of this trajectory through the analysis of representative texts, documents, and works of art. Class discussions will seek to situate the works studied within the political and cultural currents and debates of the time. All primary materials, class discussion, and assignments are in Spanish. This course is required for the major and the concentration in Hispanic Studies.",Wadda Rios-Font,,,00242,,W3350-20271-001,,Spanish and Latin American Culture,SPAN,https://doc.sis.columbia.edu/subj/SPAN/W3350-20271-001/,,,,3,,,20271SPAN3350W001,LECTURE
SPAN UN3350,HISPANIC CULTURES II (SP),"This course surveys cultural production of Spain and Spanish America from the eighteenth to the twenty-first centuries. Students will acquire the knowledge needed for the study of the cultural manifestations of the Hispanic world in the context of modernity. Among the issues and events studied will be the Enlightenment as ideology and practice, the Napoleonic invasion of Spain, the wars of Spanish American independence, the fin-de-siecle and the cultural avant-gardes, the wars and revolutions of the twentieth century (Spanish Civil War, the Mexican and Cuban revolutions), neoliberalism, globalization, and the Hispanic presence in the United States. The goal of the course is to study some key moments of this trajectory through the analysis of representative texts, documents, and works of art. Class discussions will seek to situate the works studied within the political and cultural currents and debates of the time. All primary materials, class discussion, and assignments are in Spanish. This course is required for the major and the concentration in Hispanic Studies.",,,,00446,,W3350-20271-002,,Spanish and Latin American Culture,SPAN,https://doc.sis.columbia.edu/subj/SPAN/W3350-20271-002/,,,,3,,,20271SPAN3350W002,LECTURE
THTR UN2022,PRACTICUM PERFORMANCE SHOW 1,"May be retaken for full credit.
  
Prerequisites: Open to all Barnard and Columbia undergraduates. Permission of Department through audition required. Students cast as actors in a departmental stage production register for this course; course emphasizes the collaborative nature of production, and appropriate research and reading required in addition to artistic assignments. Auditions for each semester's stage productions held 6pm on the first Tuesday and Wednesday class days of each semester. For required details, consult ""Auditions"" on the Barnard Theatre Department website in advance: 
theatre.barnard.edu/auditions
.",,,,00056,,V2022-20271-001,PRACTICUM PERFORMANCE SHO,Theatre @Barnard,THTR,https://doc.sis.columbia.edu/subj/THTR/V2022-20271-001/,,,,3,,,20271THTR2022V001,PRACTICA
THTR UN2024,PRACTICUM PERFORMANCE THESIS 1,"May be retaken for full credit. 
  
Prerequisites: Open to all Barnard and Columbia undergraduates. Permission of Department through audition required. Students cast as actors in a Senior Thesis in Directing register for this course.  Auditions for each semester's stage productions held 6pm on the first Tuesday and Wednesday class days of each semester. For required details, consult ""Auditions"" on the Barnard Theatre Department website in advance: 
theatre.barnard.edu/auditions",Alice A Reagan,,,00057,,V2024-20271-001,PRACTICUM PERFORMANCE THE,Theatre @Barnard,THTR,https://doc.sis.columbia.edu/subj/THTR/V2024-20271-001/,,,,3,,,20271THTR2024V001,PRACTICA
THTR UN2025,PRACTICUM PERFORMANCE THESIS 2,"May be retaken for full credit. 
  
Prerequisites: Open to all Barnard and Columbia undergraduates. Permission of Department through audition required. Students cast as actors in a Senior Thesis in Directing register for this course.  Auditions for each semester's stage productions held 6pm on the first Tuesday and Wednesday class days of each semester. For required details, consult ""Auditions"" on the Barnard Theatre Department website in advance: 
theatre.barnard.edu/auditions",Alice A Reagan,,,00058,,V2025-20271-001,PRACTICUM PERFORMANCE THE,Theatre @Barnard,THTR,https://doc.sis.columbia.edu/subj/THTR/V2025-20271-001/,,,,3,,,20271THTR2025V001,PRACTICA
THTR UN2026,PRACTICUM PERFORMANCE THESIS 3,"May be retaken for full credit. 
  
Prerequisites: Open to all Barnard and Columbia undergraduates. Permission of Department through audition required. Students cast as actors in a Senior Thesis in Directing register for this course.  Auditions for each semester's stage productions held 6pm on the first Tuesday and Wednesday class days of each semester. For required details, consult ""Auditions"" on the Barnard Theatre Department website in advance: 
theatre.barnard.edu/auditions",Alice A Reagan,,,00059,,V2026-20271-001,PRACTICUM PERFORMANCE THE,Theatre @Barnard,THTR,https://doc.sis.columbia.edu/subj/THTR/V2026-20271-001/,,,,3,,,20271THTR2026V001,PRACTICA
THTR UN2201,ACTING ENSEMBLE DIRECTING II,"Students may participate as actors in Directing II as a 1-credit course; these students will comprise the Acting Ensemble.  Actors will be cast in all four student-directed scenes and will participate in the feedback process following the showings.  Actors must be available for both days of the week the course meets, but are only required to attend when they are performing; they are welcome to attend additional classes that may be of interest.  Actors will be graded on their in-class performances (moment-to-moment work, collaboration with on-stage partners, memorization) and ability to respond and adjust to notes.  Actors who are responsible and collaborative will succeed as part of the Acting Ensemble.  Grading is Pass/Fail.",Alice A Reagan,,,00060,,V2201-20271-001,ACTING ENSEMBLE DIRECTING,Theatre @Barnard,THTR,https://doc.sis.columbia.edu/subj/THTR/V2201-20271-001/,,,,1,,,20271THTR2201V001,STUDIO
THTR UN2422,PRACTICUM SCENIC PAINT,"May be retaken for full credit. 
  
Prerequisites: permission of Theatre Department Production Manager, Michael Banta (
mbanta@barnard.edu
). Training and practical props and/or scenic painting work on Departmental mainstage productions.",Michael Banta,,,00853,,V2422-20271-001,,Theatre @Barnard,THTR,https://doc.sis.columbia.edu/subj/THTR/V2422-20271-001/,,,,1,,,20271THTR2422V001,PRACTICA
THTR UN2423,PRACTICUM LIGHTS & SOUND,"May be retaken for full credit. 
  
Prerequisites: permission of Theatre Department Production Manager, Michael Banta (
mbanta@barnard.edu
). Training and practical lighting and/or sound work on Departmental mainstage productions.",Gregory Winkler,,,00061,,V2423-20271-001,,Theatre @Barnard,THTR,https://doc.sis.columbia.edu/subj/THTR/V2423-20271-001/,,,,1,,,20271THTR2423V001,PRACTICA
THTR UN2424,PRACTICUM WARDROBE & RUN CREW,"May be retaken for full credit. 
  
Prerequisites: permission of Theatre Department Costume Shop Manager Kara Feely (kfeely@barnard.edu). Training and practical costume construction and fitting work on Departmental mainstage productions.",Kara M Feely,,,00062,,V2424-20271-001,PRACTICUM WARDROBE & RUN,Theatre @Barnard,THTR,https://doc.sis.columbia.edu/subj/THTR/V2424-20271-001/,,,,1,,,20271THTR2424V001,PRACTICA
THTR UN2425,PRACTICUM STAGE MANAGEMENT,"May be retaken for full credit. 
  
Prerequisites: permission of Theatre Department Production Manager, Michael Banta (
mbanta@barnard.edu
). Training and practical stage management work on Departmental  mainstage productions.",Michael Banta,,,00063,,V2425-20271-001,PRACTICUM STAGE MANAGEMEN,Theatre @Barnard,THTR,https://doc.sis.columbia.edu/subj/THTR/V2425-20271-001/,,,,3,,,20271THTR2425V001,PRACTICA
THTR UN2426,PRACTICUM DESIGN THESIS FESTIVAL,"May be retaken for full credit. 
  
Prerequisites: permission of the Senior Thesis Festival coordinator. Training and practical work as student designer on the Senior Thesis Festival.",Kara M Feely,,,00064,,V2426-20271-001,PRACTICUM DESIGN THESIS F,Theatre @Barnard,THTR,https://doc.sis.columbia.edu/subj/THTR/V2426-20271-001/,,,,3,,,20271THTR2426V001,PRACTICA
THTR UN2427,PRACTICUM DESIGN & PRODUCTION ASSISTANT,"May be retaken for full credit. 
  
Prerequisites: permission of the Senior Thesis Festival coordinator. Training and practical design work assisting student designers for the Senior Thesis Festival.",Michael Banta,,,00065,,V2427-20271-001,PRACTICUM DESIGN & PROD A,Theatre @Barnard,THTR,https://doc.sis.columbia.edu/subj/THTR/V2427-20271-001/,,,,2,,,20271THTR2427V001,PRACTICA
THTR UN3004,ACTING I,"Prerequisite: Open to all Barnard and Columbia undergraduates. Permission of Instructor required; students admitted from Waiting List. Course develops physical, vocal, and imaginative range and skills needed to approach the text of a play: text analysis, speech exercises, non-verbal behavior, improvisation designed to enhance embodiment, movement, and projection. 
Gateway course to advanced courses; transfer students who have previous college-level course may be exempted with approval of Chair
.
 May be retaken for full credit.",Elena Zucker,,,00066,,V3004-20271-001,,Theatre @Barnard,THTR,https://doc.sis.columbia.edu/subj/THTR/V3004-20271-001/,,,,3,,,20271THTR3004V001,WORKSHOP
THTR UN3004,ACTING I,"Prerequisite: Open to all Barnard and Columbia undergraduates. Permission of Instructor required; students admitted from Waiting List. Course develops physical, vocal, and imaginative range and skills needed to approach the text of a play: text analysis, speech exercises, non-verbal behavior, improvisation designed to enhance embodiment, movement, and projection. 
Gateway course to advanced courses; transfer students who have previous college-level course may be exempted with approval of Chair
.
 May be retaken for full credit.",David L Skeist,,,00067,,V3004-20271-002,,Theatre @Barnard,THTR,https://doc.sis.columbia.edu/subj/THTR/V3004-20271-002/,,,,3,,,20271THTR3004V002,WORKSHOP
THTR UN3004,ACTING I,"Prerequisite: Open to all Barnard and Columbia undergraduates. Permission of Instructor required; students admitted from Waiting List. Course develops physical, vocal, and imaginative range and skills needed to approach the text of a play: text analysis, speech exercises, non-verbal behavior, improvisation designed to enhance embodiment, movement, and projection. 
Gateway course to advanced courses; transfer students who have previous college-level course may be exempted with approval of Chair
.
 May be retaken for full credit.",Crystal Finn,,,00068,,V3004-20271-003,,Theatre @Barnard,THTR,https://doc.sis.columbia.edu/subj/THTR/V3004-20271-003/,,,,3,,,20271THTR3004V003,WORKSHOP
THTR UN3004,ACTING I,"Prerequisite: Open to all Barnard and Columbia undergraduates. Permission of Instructor required; students admitted from Waiting List. Course develops physical, vocal, and imaginative range and skills needed to approach the text of a play: text analysis, speech exercises, non-verbal behavior, improvisation designed to enhance embodiment, movement, and projection. 
Gateway course to advanced courses; transfer students who have previous college-level course may be exempted with approval of Chair
.
 May be retaken for full credit.",Kareem Lucas,,,00069,,V3004-20271-004,,Theatre @Barnard,THTR,https://doc.sis.columbia.edu/subj/THTR/V3004-20271-004/,,,,3,,,20271THTR3004V004,WORKSHOP
THTR UN3004,ACTING I,"Prerequisite: Open to all Barnard and Columbia undergraduates. Permission of Instructor required; students admitted from Waiting List. Course develops physical, vocal, and imaginative range and skills needed to approach the text of a play: text analysis, speech exercises, non-verbal behavior, improvisation designed to enhance embodiment, movement, and projection. 
Gateway course to advanced courses; transfer students who have previous college-level course may be exempted with approval of Chair
.
 May be retaken for full credit.",Tina C Mitchell,,,00070,,V3004-20271-005,,Theatre @Barnard,THTR,https://doc.sis.columbia.edu/subj/THTR/V3004-20271-005/,,,,3,,,20271THTR3004V005,WORKSHOP
THTR UN3005,ACTING II,"Prerequisite: Open to all Barnard and Columbia undergraduates. Permission of Instructor required; students admitted from Waiting List. Students must have taken Acting I or equivalent to be eligible for Acting II sections. Acting II will offer several different sections, focusing on a specific range of conceptual, embodiment, and physical acting skills. Please check with the Theatre Department website forspecific offerings and audition information. May be retaken for full credit.  All sections of Acting II fullfull the “Arts and Humanities” Foundations requirement at Barnard College.",Tina C Mitchell,,,00071,,V3005-20271-001,ACTING II: SUZUKI,Theatre @Barnard,THTR,https://doc.sis.columbia.edu/subj/THTR/V3005-20271-001/,,,,3,,,20271THTR3005V001,WORKSHOP
THTR UN3005,ACTING II,"Prerequisite: Open to all Barnard and Columbia undergraduates. Permission of Instructor required; students admitted from Waiting List. Students must have taken Acting I or equivalent to be eligible for Acting II sections. Acting II will offer several different sections, focusing on a specific range of conceptual, embodiment, and physical acting skills. Please check with the Theatre Department website forspecific offerings and audition information. May be retaken for full credit.  All sections of Acting II fullfull the “Arts and Humanities” Foundations requirement at Barnard College.",Mana Allen,,,00072,,V3005-20271-002,ACTING II: CTMP  MUS THTR,Theatre @Barnard,THTR,https://doc.sis.columbia.edu/subj/THTR/V3005-20271-002/,,,,3,,,20271THTR3005V002,WORKSHOP
THTR UN3005,ACTING II,"Prerequisite: Open to all Barnard and Columbia undergraduates. Permission of Instructor required; students admitted from Waiting List. Students must have taken Acting I or equivalent to be eligible for Acting II sections. Acting II will offer several different sections, focusing on a specific range of conceptual, embodiment, and physical acting skills. Please check with the Theatre Department website forspecific offerings and audition information. May be retaken for full credit.  All sections of Acting II fullfull the “Arts and Humanities” Foundations requirement at Barnard College.",Gisela D Cardenas Ojeda,,,00073,,V3005-20271-004,ACTING II: CHEKHOV/VIEWPOINTS,Theatre @Barnard,THTR,https://doc.sis.columbia.edu/subj/THTR/V3005-20271-004/,,,,3,,,20271THTR3005V004,WORKSHOP
THTR UN3005,ACTING II,"Prerequisite: Open to all Barnard and Columbia undergraduates. Permission of Instructor required; students admitted from Waiting List. Students must have taken Acting I or equivalent to be eligible for Acting II sections. Acting II will offer several different sections, focusing on a specific range of conceptual, embodiment, and physical acting skills. Please check with the Theatre Department website forspecific offerings and audition information. May be retaken for full credit.  All sections of Acting II fullfull the “Arts and Humanities” Foundations requirement at Barnard College.",Gisela D Cardenas Ojeda,,,00851,,V3005-20271-005,ACTING II: SCENE/CHARACTR STDY,Theatre @Barnard,THTR,https://doc.sis.columbia.edu/subj/THTR/V3005-20271-005/,,,,3,,,20271THTR3005V005,WORKSHOP
THTR UN3127,ZORA NEALE HURSTON & BLACK PERFORMANCE,"This course begins with focused attention on select plays of Zora Neale Hurston and her critical writing on performance, then takes ZNH’s aesthetics, politics, and provocations as a lens to study Black performance, broadly defined.  We will consider the contexts in which Hurston pursued a career as playwright and theatremaker, and the influences that found their way into her plays including spiritual narratives and voodoo.  We will turn our attention to key writers of the Harlem Renaissance to learn where ZNH first made her mark, and the milieu to which she ultimately turned her back.  Each week’s reading/viewing will include primary sources (ZNH’s plays and dramaturgical statements) as well as scholarly criticism of those works or genre.  The final weeks of the course will take up Black performance in the realms of dance and song from the early 20th century, and finish with more recent plays and visual art.  In addition to short weekly response papers, students will complete a long-form research paper that may, if they choose, include a creative element.",Alice A Reagan,,,00793,,V3127-20271-001,ZORA NEALE HURSTON & BLK,Theatre @Barnard,THTR,https://doc.sis.columbia.edu/subj/THTR/V3127-20271-001/,,,,4,,,20271THTR3127V001,SEMINAR
THTR UN3151,"CRITICAL HISTORIES OF DRAMA, THEATRE, AN","This course undertakes a dialectical approach to reading and thinking about the history of dramatic theatre, interrogating the ways writing inflects, and is inflected by, the material dynamics of performance in the modern era. Course undertakes careful study of the practices of performance, and of the sociocultural, economic, political, and aesthetic conditions animating representative performances in theatres globally; course will also emphasize development of important critical concepts for the analysis of drama, theatre, and performance. Topics include the sociology of theatre, the impact of print on conceptions of performance, representing gender and race, the politics of intercultural performance, and the dynamics of emerging forms and critical practices of performance analysis. Writing: 2-3 papers; Reading: 1-2 plays, critical and historical reading per week; final examination. Fulfills one (of two) lecture requirements for Theatre/Drama and Theatre Arts majors.",Yizhou Huang,,,00075,,V3151-20271-001,"CRIT HIST DRAMA, THTR & P",Theatre @Barnard,THTR,https://doc.sis.columbia.edu/subj/THTR/V3151-20271-001/,,,,4,,,20271THTR3151V001,LECTURE
THTR UN3155,TRADITIONAL INDIAN PERFORMNCE,"Course provides a perspective on traditional forms of Indian performance from classical theory to contemporary traditional practices. Course covers Sanskrit drama, Kathakali, Ramlila, and Chhau; extensive video of performances and guest practitioners.  Course fulfills lecture/seminar ""studies"" course requirement for Theatre/Drama and Theatre Arts major.",Shayoni Mitra,,,00076,,V3155-20271-001,TRADITIONAL INDIAN PERFOR,Theatre @Barnard,THTR,https://doc.sis.columbia.edu/subj/THTR/V3155-20271-001/,,,,4,,,20271THTR3155V001,SEMINAR
THTR UN3157,POSTCOLONIAL DRAMA:THE CANON & ITS OTHER,"This class is a close reading of postcolonial plays, both as they form a recognizable canon, and as counters to it. Through a grounding in postcolonial theory, students will explore how the colonial encounter leaves a lasting impact on language and performance. How do these playwrights tackle questions of authenticity, influence, inspiration and agency? What stories do they adapt, translate or reimagine? Also, we read in equal measure male and female playwrights, attending to the ways in which power and authority are negotiated by them. This class looks both at plays that are seminal to postcolonial writing and also newer ones that unsettle the position of the greats. Do we then understand postcolonialism as a historically bound literary trend or an ongoing process of exploration? Fundamentally we ask, in our efforts to decolonize the theatre, how do we find new ways or reading?  Course fulfills lecture/seminar in drama studies, theatre studies, performance studies requirement for Theatre major.",Shayoni Mitra,,,00077,,V3157-20271-001,POSTCOLONIAL DRAMA,Theatre @Barnard,THTR,https://doc.sis.columbia.edu/subj/THTR/V3157-20271-001/,,,,4,,,20271THTR3157V001,SEMINAR
THTR UN3158,ASIAN AMERICAN PERFORMANCE,"This course examines Asian American experience through the lens of theatre and performance. These performances are often critical sites where members of the community preserve their cultural legacies and negotiate American racial politics. By discussing representative works by Asian American playwrights, performance artists, and filmmakers, we will cover the following topics: key events in Asian American history; immigration and citizenship; identity and community formation; intersectionality of race, gender, and sexuality; generational differences in Asian American culture; trauma and memory; U.S. imperialism and social justice. This course examines Asian American experience through the lens of theatre and performance. These performances are often critical sites where members of the community preserve their cultural legacies and negotiate American racial politics. By discussing representative works by Asian American playwrights, performance artists, and filmmakers, we will cover the following topics: key events in Asian American history; immigration and citizenship; identity and community formation; intersectionality of race, gender, and sexuality; generational differences in Asian American culture; trauma and memory; U.S. imperialism and social justice.",Yizhou Huang,,,00078,,V3158-20271-001,ASIAN AMERICAN PERFORMANC,Theatre @Barnard,THTR,https://doc.sis.columbia.edu/subj/THTR/V3158-20271-001/,,,,4,,,20271THTR3158V001,SEMINAR
THTR UN3165,THEORIES OF PERFORMANCE STUDIES,"Prerequisites: Enrollment limited to 16 students.
  
Course surveys the wide range of genres and categories addressed by the practice of modern ""performance studies""; it introduces a number of performance practices, as well as relevant interdisciplinary methodologies. Students consider live performances as well as a number of mediated works, learning to think critically and creatively about the relation between text, technology, and the body. Course may fill 
either 
the Theory requirement, 
or
 one (of two) required courses in dramatic literature/theatre studies/performance studies for Theatre/Drama and Theatre Arts major, but not both.",Shayoni Mitra,,,00079,,V3165-20271-001,THEORIES OF PERFORMANCE S,Theatre @Barnard,THTR,https://doc.sis.columbia.edu/subj/THTR/V3165-20271-001/,,,,4,,,20271THTR3165V001,SEMINAR
THTR UN3200,DIRECTING I,"Prerequisites: Permission of instructor given at first class meeting. Exploration of the evolution of the director's role in Europe and the US, including the study of important figures. Emphasis on text analysis, and varied schools of acting in relation to directing practice. Students gain a foundation in composing stage pictures and using stage movement to tell a story. All students will direct at least one fully-realized scene.",Tea Alagic,,,00080,,V3200-20271-001,,Theatre @Barnard,THTR,https://doc.sis.columbia.edu/subj/THTR/V3200-20271-001/,,,,3,,,20271THTR3200V001,STUDIO
THTR UN3201,DIRECTING II,"Prerequisites: Students required to have taken THTR UN3200 Directing I or THTR UN3203 Collaboration: Directing and Design, or equivalent. Enrollment limited to 14 students. Permission of instructor given at first class meeting. Course focuses on developing an individual directorial style, placing emphasis on visual research, and the use of different staging environments: end-stage, in the round, environmental. Class is structured around scene-work and critique, and each student will direct at least three fully-realized scenes. Material typically drawn from European avant-garde.",Shannon M Sindelar,,,00082,,V3201-20271-001,,Theatre @Barnard,THTR,https://doc.sis.columbia.edu/subj/THTR/V3201-20271-001/,,,,4,"THTR UN3200
UN3203",,20271THTR3201V001,STUDIO
THTR UN3301,PLAYWRITING LAB,Students will develop original dramatic scripts. Students will also read drafts of writers currently produced on New York stages to understand why changes and rewrites were made. Recommended for students undertaking a senior thesis in playwriting.,Ro Reddick,,,00083,,V3301-20271-001,,Theatre @Barnard,THTR,https://doc.sis.columbia.edu/subj/THTR/V3301-20271-001/,,,,3,,,20271THTR3301V001,STUDIO
THTR UN3402,COSTUME DESIGN,"Studio course exploring designing costumes for the stage. Students become familiar with textual and character analysis, research, sketching and rendering, swatching and introductory costume history. 
  
Application Instructions for full semester fall and spring courses: E-mail the instructor with the title of the course in the subject line. In your message, include basic information: your name, school, major, year of study, and relevant courses taken, along with a brief statement about why you are interested in taking the course. Admitted students should register for the course; they will automatically be placed on a wait list, from which the instructor will admit them as spaces become available.
  
For summer courses:  Application not required.  Register directly for the course.",Soule Golden,,,00084,,V3402-20271-001,,Theatre @Barnard,THTR,https://doc.sis.columbia.edu/subj/THTR/V3402-20271-001/,,,,3,,,20271THTR3402V001,WORKSHOP
THTR UN3403,LIGHTING DESIGN,"Prerequisites: Enrollment limited to 12 students. Focuses on both the technical and creative aspects of theatrical lighting design. Students will learn the role of lighting within the larger design and performance collaboration through individual and group projects, readings, hands-on workshops, and critique of actual designs. 
  
Application Instructions: E-mail the instructor (
acasey@barnard.edu
) with the title of the course in the subject line. In your message, include basic information: your name, school, major, year of study, and relevant courses taken, along with a brief statement about why you are interested in taking the course. Admitted students should register for the course; they will automatically be placed on a wait list, from which the instructor will admit them as spaces become available.",Autum Casey,,,00085,,V3403-20271-001,,Theatre @Barnard,THTR,https://doc.sis.columbia.edu/subj/THTR/V3403-20271-001/,,,,3,,,20271THTR3403V001,WORKSHOP
THTR UN3997,SENIOR THESIS IN PERFORMANCE,"Prerequisites: Appropriate coursework and substantial production experience, including a major crew assignment in the junior year. Enrollment limited to senior Theatre majors. Combined and special majors may be considered under exceptional circumstances. Permission of the instructor required. Students register for this course to pursue approved theses in acting, design, directing, dramaturgy, solo performance, or stage and production management.
  
Students will act in, direct, design, stage manage or dramaturg a play in the Barnard Department of Theatre season, or write a short play or solo performance piece that will be produced (according to departmental guidelines) in the Senior Thesis Festival. Collaboration is expected and students will meet weekly with faculty and other seniors. A written proposal must be submitted in the spring of the junior year and be approved. In addition to the performance, an extensive written Casebook is required: see departmental guidelines.",,,,00087,,V3997-20271-002,SR THESIS/PERF: DESIGN,Theatre @Barnard,THTR,https://doc.sis.columbia.edu/subj/THTR/V3997-20271-002/,,,,4,,,20271THTR3997V002,PRACTICA
THTR UN3997,SENIOR THESIS IN PERFORMANCE,"Prerequisites: Appropriate coursework and substantial production experience, including a major crew assignment in the junior year. Enrollment limited to senior Theatre majors. Combined and special majors may be considered under exceptional circumstances. Permission of the instructor required. Students register for this course to pursue approved theses in acting, design, directing, dramaturgy, solo performance, or stage and production management.
  
Students will act in, direct, design, stage manage or dramaturg a play in the Barnard Department of Theatre season, or write a short play or solo performance piece that will be produced (according to departmental guidelines) in the Senior Thesis Festival. Collaboration is expected and students will meet weekly with faculty and other seniors. A written proposal must be submitted in the spring of the junior year and be approved. In addition to the performance, an extensive written Casebook is required: see departmental guidelines.",Alice A Reagan,,,00089,,V3997-20271-004,SR THESIS/PERF: DIRECTING,Theatre @Barnard,THTR,https://doc.sis.columbia.edu/subj/THTR/V3997-20271-004/,,,,4,,,20271THTR3997V004,PRACTICA
THTR UN3997,SENIOR THESIS IN PERFORMANCE,"Prerequisites: Appropriate coursework and substantial production experience, including a major crew assignment in the junior year. Enrollment limited to senior Theatre majors. Combined and special majors may be considered under exceptional circumstances. Permission of the instructor required. Students register for this course to pursue approved theses in acting, design, directing, dramaturgy, solo performance, or stage and production management.
  
Students will act in, direct, design, stage manage or dramaturg a play in the Barnard Department of Theatre season, or write a short play or solo performance piece that will be produced (according to departmental guidelines) in the Senior Thesis Festival. Collaboration is expected and students will meet weekly with faculty and other seniors. A written proposal must be submitted in the spring of the junior year and be approved. In addition to the performance, an extensive written Casebook is required: see departmental guidelines.",Ro Reddick,,,00090,,V3997-20271-005,SR THESIS/PERF: PLAYWRITING,Theatre @Barnard,THTR,https://doc.sis.columbia.edu/subj/THTR/V3997-20271-005/,,,,4,,,20271THTR3997V005,PRACTICA
THTR UN3997,SENIOR THESIS IN PERFORMANCE,"Prerequisites: Appropriate coursework and substantial production experience, including a major crew assignment in the junior year. Enrollment limited to senior Theatre majors. Combined and special majors may be considered under exceptional circumstances. Permission of the instructor required. Students register for this course to pursue approved theses in acting, design, directing, dramaturgy, solo performance, or stage and production management.
  
Students will act in, direct, design, stage manage or dramaturg a play in the Barnard Department of Theatre season, or write a short play or solo performance piece that will be produced (according to departmental guidelines) in the Senior Thesis Festival. Collaboration is expected and students will meet weekly with faculty and other seniors. A written proposal must be submitted in the spring of the junior year and be approved. In addition to the performance, an extensive written Casebook is required: see departmental guidelines.",Kyle Decamp,,,00091,,V3997-20271-006,SR THESIS/PERF: SOLO PERF,Theatre @Barnard,THTR,https://doc.sis.columbia.edu/subj/THTR/V3997-20271-006/,,,,4,,,20271THTR3997V006,PRACTICA
THTR UN3998,SENIOR THESIS IN RESEARCH,"Prerequisites: Enrollment limited to senior Theatre majors. Combined and special majors may be considered under exceptional circumstances. Permission of the instructor required. In-depth research project culminating in a substantial written thesis on any aspect of drama, performance, or theatre research.",William B Worthen,,,00093,,V3998-20271-001,,Theatre @Barnard,THTR,https://doc.sis.columbia.edu/subj/THTR/V3998-20271-001/,,,,4,,,20271THTR3998V001,INDEPENDENT
URBS GU4000,ADVANCED GEOGRAPHIC INFORMATION SYSTEMS,"Prerequisite: Successful completion of URBS UN2200 Introduction to GIS Methods, or equivalent with instructor permission.
  
With the veritable explosion of urban data alongside the continued proliferation of new tools for its consideration, this course allows students to develop specialized approaches to spatial analysis while introducing a series of common advanced techniques and nuanced methodological questions. Aimed at covering a variety of topics with immediate relevance to urbanism in practice and in research, the course operates with a two-fold mission: (1) to critically discuss the theories, concepts, and research methods involved in spatial analysis and (2) to learn the techniques necessary for engaging those theories and deploying those methods. The class will work to meet this mission with a dedicated focus on the urban environment and the spatial particularities and relationships that arise from the urban context.
  
Among others, this course takes as a foundational premise that spatial analysis within geographic information systems is an incredibly powerful and double-edged weapon: it provides both the methods for answering complex spatial questions and the means for effectively communicating the results. Like any other weapon it can serve many ends, and as such an advanced course in spatial analysis must frame its use within the developing discourse on professional practice and responsibility.
  
The course is designed with a combination format. Early weeks are predominantly lecture-style presentations supplemented with discussion and technical demonstration and exercises. Students are expected to complete these exercises outside of class (as homework), bringing their questions to our discussion. The latter half of the course is a project-based seminar. Seminar-style presentation and discussion will rely heavily on student participation and preparation to consider the variety of spatial methods available and their implications on urban research and intervention. Woven throughout the semester is the development of a self-driven research project, through which students will engage and compare the methodological advantages and disadvantages of several assumptions, approaches, analyses, and datasets.",Leah M Meisterlin,,,00115,,V4000-20271-001,ADV GEOGRAPHIC INFO SYSTE,Urban Studies @Barnard,URBS,https://doc.sis.columbia.edu/subj/URBS/V4000-20271-001/,,,,3,URBS UN2200,,20271URBS4000V001,LECTURE
URBS UN1515,INTRODUCTION TO URBAN STUDIES,"This course is intended to be both an interdisciplinary introduction to the city and to the field of Urban Studies. As an introduction to the city, the course will address a variety of questions: What is a city? How did cities develop? How do cities function socially, politically, and economically? Why do people live in cities? What are some of the major issues facing cities in the early twenty-first century, and how can cities address these issues? As an introduction to the interdisciplinary field of Urban Studies, the course will present models of how scholars approach cities from a variety of disciplinary viewpoints, including architecture, planning, law, sociology, history, archaeology, anthropology, political science, public policy, and geography. Students will learn some of the major concepts in the field of Urban Studies, and will study the works of leading scholars in the field. Students in the course will approach cities from a number of disciplines, not only through the reading, but also through assignments that take place in different locations throughout New York City.",Andreina Torres Angarita,,,00094,,V1515-20271-001,INTRODUCTION TO URBAN STU,Urban Studies @Barnard,URBS,https://doc.sis.columbia.edu/subj/URBS/V1515-20271-001/,,,,3,,,20271URBS1515V001,LECTURE
URBS UN2100,"DATA. MAPPING, AND SPATIAL ANALYSIS","Data, Mapping, and Spatial Analysis is an introductory course for non-majors. Through the semester, the class covers the technologies for mapping, analyzing, and making spatial data as well as their histories; engages qualitative and quantitative data sets within a geographic information system (GIS) framework; discusses situated, context-specific, and community-based methods alongside top-down modes of spatial research; and introduces students to cartographic principles and map design. Students will learn the tools and techniques of digital mapping and GIS through lecture, hands-on exercises, and a small, self-designed final project.",Leah M Meisterlin,,,00095,,V2100-20271-001,"DATA, MAPNG & SPATIAL ANA",Urban Studies @Barnard,URBS,https://doc.sis.columbia.edu/subj/URBS/V2100-20271-001/,,,,3,,,20271URBS2100V001,LECTURE
URBS UN2101,"DATA, MAPPING, AND SPATIAL ANALYSIS - LA","This is a required lab that must be taken with URBS 2100UN Data, Mapping, and Spatial Analysis.",,,,00096,,V2101-20271-001,DATA MAPPNG  SPATL ANAL-L,Urban Studies @Barnard,URBS,https://doc.sis.columbia.edu/subj/URBS/V2101-20271-001/,,,,0,,,20271URBS2101V001,LABORATORY
URBS UN2101,"DATA, MAPPING, AND SPATIAL ANALYSIS - LA","This is a required lab that must be taken with URBS 2100UN Data, Mapping, and Spatial Analysis.",,,,00097,,V2101-20271-002,DATA MAPPNG  SPATL ANAL-L,Urban Studies @Barnard,URBS,https://doc.sis.columbia.edu/subj/URBS/V2101-20271-002/,,,,0,,,20271URBS2101V002,LABORATORY
URBS UN2200,INTRODUCTION TO GIS METHODS,"Prerequisites: Must attend first class for instructor permission.  Students create maps using ArcGIS software, analyze the physical and social processes presented in the digital model, and use the data to solve specific spatial analysis problems. Note: this course fulfills the C requirement in Urban Studies.",Christian Siener,,,00098,,V2200-20271-001,INTRODUCTION TO GIS METHO,Urban Studies @Barnard,URBS,https://doc.sis.columbia.edu/subj/URBS/V2200-20271-001/,,,,3,,,20271URBS2200V001,LECTURE
URBS UN2520,INTRODUCTION TO URBAN PLANNING,"This course is a basic introduction to the field and practice of urban planning in the United States. The course will focus on key concepts in planning history, theory, and practice, including the various conflicts and dilemmas planners face, stakeholders involved in urban planning, and the tools and methods that planners use to address challenges in the built environment.
  
The core questions that this class will return to throughout the semester are: How does planning take place, and whose interest(s) does planning serve? How does planning (re)produce social inequities? Planning is often framed as a technical exercise to rationalize the built environment and create more “livable” cities. However, planning is not value-neutral. As we will examine throughout the course of the semester, power relations fundamentally shape the planning profession, and planning decisions have contributed to racial, economic, and gender inequalities and spatial segregation in cities throughout the United States. We will also explore debates about how to encourage more inclusive cities and engage in more ethical planning practice.
  
The course is divided into six sections. In Part I, we will explore foundational concepts in urban planning, such as how previous scholars have defined urban planning and urban space. In Part II, we will explore the historical context in which the planning profession emerged and key moments in planning history. In Part III, we will examine normative models of planning, or how the planning profession conceives of itself. In Part IV, we will learn about the different technical tools that planners use to regulate urban development and key debates surrounding these tools. In Part V, we will interrogate the role of the planner, the role of power relations in planning, and how planning decisions have resulted in racial, class, and gender exclusion in the built environment. In Part VI, we will contemplate future directions in planning.",Faculty,,,00099,,V2520-20271-001,INTRO TO URBAN PLANNING,Urban Studies @Barnard,URBS,https://doc.sis.columbia.edu/subj/URBS/V2520-20271-001/,,,,3,,,20271URBS2520V001,LECTURE
URBS UN3252,URBAN LATIN/X AMERICA: ETHNOGRAPHIC APPR,"This seminar examines the social, economic, and political landscapes of Latin American cities through ethnographic literature. It explores key themes such as migration, urban poverty, marginality, violence, informality, urban segregation, grassroots movements, urban citizenship and neoliberal urban governance. Students will read both classic and contemporary ethnographies to gain an in-depth understanding of how cities are lived and experienced. The course also unsettles the category of Latin America, to introduce a discussion of the “Latinization” of U.S. cities. We will interrogate ethnographic and audiovisual materials (included to complement the readings) from a postcolonial perspective.  We will discuss the politics of knowledge production and representation in ethnographic studies and popular culture, the impact of colonialism in transnational flows of knowledge and labor, as well as the contributions to urban theory from the perspective of cities located in the Global South.",Andreina Torres Angarita,,,00100,,V3252-20271-001,URBAN LATINX AMERICA: ETH,Urban Studies @Barnard,URBS,https://doc.sis.columbia.edu/subj/URBS/V3252-20271-001/,,,,4,,,20271URBS3252V001,SEMINAR
URBS UN3315,METROPOLITICS OF RACE & PLACE,"This class explores how racism and racialized capitalism and politics shape the distribution of material resources among cities and suburbs in metropolitan areas and the racial and ethnic groups residing in them. Readings and discussion focus on the history of metropolitan area expansion and economic development, as well as contemporary social processes shaping racial and ethnic groups’ access to high-quality public goods and private amenities. We address racial and ethnic groups’ evolving political agendas in today’s increasingly market-driven socio-political context, noting the roles of residents; federal, state, and local governments; market institutions and actors; urban planners, activist organizations, foundations, and social scientists, among others. Here is a sample of specific topics: race/ethnicity and who “belongs” in what “place;” inequitable government and market investment across racial and ethnic communities over time and “sedimentation effects” (for example, the “redlining” of Black communities leading to their inability to access loan and credit markets and the resulting wealth gap between Blacks and Whites); gentrification processes; creating sufficient, sustainable tax bases; and suburban sprawl. Assignments will include two short response papers, mid-term and final exams, and another project to be determined.",Angela Simms,,,00102,,V3315-20271-001,METROPOLITICS OF RACE & P,Urban Studies @Barnard,URBS,https://doc.sis.columbia.edu/subj/URBS/V3315-20271-001/,,,,3,,,20271URBS3315V001,LECTURE
URBS UN3351,URBAN ELSEWHERES: EXPLORING A WORLD OF C,"We live in an increasingly urbanized world. But what does it mean to be “urban”? As urbanization reaches more corners of the globe, its forms and processes become increasingly diverse. 
Urban Elsewheres
 is dedicated to investigating this diversity and to exploring the implications that unfamiliar urban phenomena might have for how we understand urbanization—both elsewhere in the world and in our own backyards. Through a comparative engagement with case studies drawn from around the world, this course will challenge some of our most deeply held, common sense assumptions about urbanization. Students will be asked to stretch the conceptual limits of urbanization and explore the social and political possibilities of an expanded urbanism. In doing so, the course will engage with the many of the most heated theoretical debates about urbanization, equipping students with a set of comparative analytical tools with which to explore the wider field of urban studies.",Nick R Smith,,,00103,,V3351-20271-001,URBAN ELSEWHERES,Urban Studies @Barnard,URBS,https://doc.sis.columbia.edu/subj/URBS/V3351-20271-001/,,,,4,,,20271URBS3351V001,LECTURE
URBS UN3352,URBAN ELSEWHERES - DISCUSSION,,,,,00104,,V3352-20271-001,URBAN ELSEWHERES - DISCUS,Urban Studies @Barnard,URBS,https://doc.sis.columbia.edu/subj/URBS/V3352-20271-001/,,,,0,,,20271URBS3352V001,DISCUSSION
URBS UN3352,URBAN ELSEWHERES - DISCUSSION,,,,,00105,,V3352-20271-002,URBAN ELSEWHERES - DISCUS,Urban Studies @Barnard,URBS,https://doc.sis.columbia.edu/subj/URBS/V3352-20271-002/,,,,0,,,20271URBS3352V002,DISCUSSION
URBS UN3352,URBAN ELSEWHERES - DISCUSSION,,,,,00106,,V3352-20271-003,URBAN ELSEWHERES - DISCUS,Urban Studies @Barnard,URBS,https://doc.sis.columbia.edu/subj/URBS/V3352-20271-003/,,,,0,,,20271URBS3352V003,DISCUSSION
URBS UN3420,INTRODUCTION URBAN SOCIOLOGY,"Prerequisites: Students must attend first class. Examines the diverse ways in which sociology has defined and studied cities, focusing on the people who live and work in the city, and the transformations U.S. cities are undergoing today. Sociological methods, including ethnography, survey research, quantitative studies, and participant observation will provide perspectives on key urban questions such as street life, race, immigration, globalization, conflict, and redevelopment.",Aaron Passell,,,00107,,W3420-20271-001,INTRODUCTION URBAN SOCIOL,Urban Studies @Barnard,URBS,https://doc.sis.columbia.edu/subj/URBS/W3420-20271-001/,,,,3,,,20271URBS3420W001,LECTURE
URBS UN3450,NEIGHBORHOOD & COMMUNITY DVLP,"New York City is made up of more than 400 neighborhoods. The concept of neighborhoods in cities has had many meanings and understandings over time. Equally complex is the concept of community used to describe the people attached to or defined by neighborhood. While neighborhood can be interpreted as a spatial, social, political, racial, ethnic, or even, economic unit; community often refers to the group of stakeholders (i.e. residents, workers, investors) whose interests directly align with the conditions of their environment. Community development is “a process where these community members come together to take collective action and generate solutions to common problems” that result from the changing contexts in their neighborhoods. Using a variety of theories and approaches, residents organize themselves or work with community development practitioners on the ground to obtain safe, affordable housing, improve the public realm, build wealth, get heard politically, develop human capital, and connect to metropolitan labor and housing markets. To address the ever-changing contexts of neighborhoods, community development organizations are taking on new roles and adapting (in various cases) to larger forces within the city, region and nation such as disinvestment, reinvestment, increased cultural diversity, an uncertain macroeconomic environment, and changes in federal policy.  For more than a century, city-dwellers—and especially New Yorkers—have been tackling these challenges. This course will examine both historic and contemporary community building and development efforts, paying special attention to approaches which were shaped by New York City. This urban center, often described as a “city of neighborhoods,” has long been a seedbed for community-based problem-solving inventions. The course will focus on the theories (why?), tools (how?), and actors (who?) within the field of community development practice and is organized around important sectors (housing, econom",Faculty,,,00108,,W3450-20271-001,NEIGHBORHOOD & COMMUNITY,Urban Studies @Barnard,URBS,https://doc.sis.columbia.edu/subj/URBS/W3450-20271-001/,,,,3,,,20271URBS3450W001,LECTURE
URBS UN3451,"URBAN ENVIRONMENTAL JUSTICE: GENDER, RAC","In this course we will explore urban environmental inequalities through the lens of environmental justice.  The concept of environmental justice has risen in prominence in the language of environmental activism, politics, and policymaking. Informed by critical studies of the environment, we will address the broad question of why, for some, the environment is representational of a healthy lifestyle and source of prosperity, while for others it is a source of risk and harm. Our course of study invites students to critically analyze environmental justice case studies and to develop an understanding of the complex relationships among urban populations and the social, political, and economic processes that lead to environmental inequality. We will also explore how racism is foundational to environmental exploitation and consider why global struggles for racial justice are crucial for protecting both people and the earth. We will pay particular attention to how environmental health inequalities are linked to race, class, gender, and nation. Drawing from academic texts, films, and photo essays we will explore how urban planning and economic development policies create environmental inequalities in the US and globally.",,,,00109,,V3451-20271-001,URBAN ENVIRONMENTAL JUSTI,Urban Studies @Barnard,URBS,https://doc.sis.columbia.edu/subj/URBS/V3451-20271-001/,,,,3,,,20271URBS3451V001,LECTURE
URBS UN3546,JUNIOR SEMINAR IN URBAN STUDIES,"Prerequisites: Non-majors admitted by permission of instructor. Students must attend first class. Enrollment limited to 16 students per section. Evaluation of current political, economic, social, cultural and physical forces that are shaping urban areas.",Christian Siener,,,00110,,V3546-20271-001,JR SEMINAR IN URBAN STUDI,Urban Studies @Barnard,URBS,https://doc.sis.columbia.edu/subj/URBS/V3546-20271-001/,,,,4,,,20271URBS3546V001,COLLOQUIA
URBS UN3546,JUNIOR SEMINAR IN URBAN STUDIES,"Prerequisites: Non-majors admitted by permission of instructor. Students must attend first class. Enrollment limited to 16 students per section. Evaluation of current political, economic, social, cultural and physical forces that are shaping urban areas.",Faculty,,,00111,,V3546-20271-002,JR SEMINAR IN URBAN STUDI,Urban Studies @Barnard,URBS,https://doc.sis.columbia.edu/subj/URBS/V3546-20271-002/,,,,4,,,20271URBS3546V002,COLLOQUIA
URBS UN3993,SR SEM: BUILT ENVIRONMENT,"Prerequisites: Senior standing. Year-long course; participation is for two consecutive terms. No new students admitted for spring. Emphasizes the study of the built environment of cities and suburbs, and the related debates. Readings, class presentations, and written work culminate in major individual projects, under the supervision of faculty trained in architecture, urban design, or urban planning.",Aaron Passell,,,00112,,W3993-20271-001,URBAN STUDIES SENIOR SEMI,Urban Studies @Barnard,URBS,https://doc.sis.columbia.edu/subj/URBS/W3993-20271-001/,,,,4,,,20271URBS3993W001,SEMINAR
URBS UN3993,SR SEM: BUILT ENVIRONMENT,"Prerequisites: Senior standing. Year-long course; participation is for two consecutive terms. No new students admitted for spring. Emphasizes the study of the built environment of cities and suburbs, and the related debates. Readings, class presentations, and written work culminate in major individual projects, under the supervision of faculty trained in architecture, urban design, or urban planning.",Christian Siener,,,00113,,W3993-20271-002,URBAN STUDIES SENIOR SEMI,Urban Studies @Barnard,URBS,https://doc.sis.columbia.edu/subj/URBS/W3993-20271-002/,,,,4,,,20271URBS3993W002,SEMINAR
URBS UN3993,SR SEM: BUILT ENVIRONMENT,"Prerequisites: Senior standing. Year-long course; participation is for two consecutive terms. No new students admitted for spring. Emphasizes the study of the built environment of cities and suburbs, and the related debates. Readings, class presentations, and written work culminate in major individual projects, under the supervision of faculty trained in architecture, urban design, or urban planning.",Andreina Torres Angarita,,,00114,,W3993-20271-003,URBAN STUDIES SENIOR SEMI,Urban Studies @Barnard,URBS,https://doc.sis.columbia.edu/subj/URBS/W3993-20271-003/,,,,4,,,20271URBS3993W003,SEMINAR
WMST BC1050,WOMEN AND HEALTH,Combines critical feminist and anti-racist analyses of medicine with current research in epidemiology and biomedicine to understand health and health disparities as co-produced by social systems and biology.,Rebecca Jordan-Young,,,00510,,X1050-20271-001,,"Women's, Gender, Sexuality Studies @Barnard",WMST,https://doc.sis.columbia.edu/subj/WMST/X1050-20271-001/,,,,3,,,20271WMST1050X001,LECTURE
WMST BC2026,"Authority, Power, & Evidence: An Introdu","Science and Technology Studies (STS) is an interdisciplinary academic field that investigates entanglements between the technical and social dimensions of science, technology, and medicine. Understanding this interplay is central to addressing many of the most pressing problems of our times, such as struggles around vaccination; climate justice and environmental racism; health disparities; digital surveillance; the biology of gender, sex, and sexuality; and the growing mistrust in “science” as a domain of authority. Feminist/Intersectional Science and Technology Studies (F/ISTS) is a focused approach to Science and Technology Studies (STS) that homes in on the reciprocal relations between techno-scientific knowledge and practices, on the one hand, and gender, race, class, and other intersecting axes of power, on the other.",Rebecca Jordan-Young,,,00511,,X2026-20271-001,"Authority, Power, & Evide","Women's, Gender, Sexuality Studies @Barnard",WMST,https://doc.sis.columbia.edu/subj/WMST/X2026-20271-001/,,,,3,,,20271WMST2026X001,LECTURE
WMST BC2140,Critical Approaches in Social and Cultur,"This course examines the conceptual foundations that support feminist and queer analyses of racial capitalism, security and incarceration, the politics of life and health, and colonial and postcolonial studies, among others. Open to all students; required for the major in Women’s, Gender, and Sexuality Studies (WGSS) and the Interdisciplinary Concentration or Minor in Race and Ethnicity (ICORE/MORE).",Marisa Solomon,,,00512,,X2140-20271-001,Critical Approaches,"Women's, Gender, Sexuality Studies @Barnard",WMST,https://doc.sis.columbia.edu/subj/WMST/X2140-20271-001/,,,,3,,,20271WMST2140X001,LECTURE
WMST BC2150,INTERSECTIONAL FEMINISMS,"Enrollment for this class is by instructor approval and an application is required. Please fill out the form here: 
https://forms.gle/bPsV7rcf5RWB35PM9
  
This introductory course for the Interdisciplinary Concentration or Minor in Race and Ethnicity (ICORE/MORE) as well as Majors/Minors in Women's, Gender, and Sexuality Studies (WGSS) is open to all students. We focus on the critical study of social difference as an interdisciplinary practice, using texts with diverse modes of argumentation and evidence to analyze social differences as fundamentally entangled and co-produced. Because of the interdisciplinary nature of this course, the professor will frequently be joined by other faculty and guest speakers who bring distinct disciplinary and subject matter expertise. Some keywords for this course include hybridity, diaspora, borderlands, migration, and intersectionality.",Faculty,,,00513,,X2150-20271-001,,"Women's, Gender, Sexuality Studies @Barnard",WMST,https://doc.sis.columbia.edu/subj/WMST/X2150-20271-001/,,,,3,,,20271WMST2150X001,LECTURE
WMST BC3132,GENDERED CONTROVERSIES,"This seminar investigates the significance of contemporary and historical issues of social, political, and cultural conflicts conducted through the language of gender. How do such conflicts constitute social relations, and what do they tell us about societies, cultures, and politics? How do we understand gender analysis in relation to intersectionality? How to we read and analyze gender through contested social issues? How do we analyze the ethical discourses employed in such conflicts? How do we best create change in response to such conflicts?",Lisa Duggan,,,00514,,X3132-20271-001,,"Women's, Gender, Sexuality Studies @Barnard",WMST,https://doc.sis.columbia.edu/subj/WMST/X3132-20271-001/,,,,4,,,20271WMST3132X001,SEMINAR
WMST BC3138,AFFECT AND ACTIVISM,"From love to anger to disappointment to hope, political activism mobilizes emotions towards certain ends but also generates new affective states and feelings along the way. This advanced seminar will familiarize students with feminist, anti-racist and queer scholarship on affect, feelings and emotion as intrinsic to politics and as crucial for understanding how political thought and action unfold in contingent and often unexpected ways. Mixing theoretical and cultural texts with case studies, we will look at how affect permeates structures of power and domination, embodiment and identity, and collective activist projects concerned with gender and sexual liberation. Students will have an opportunity to read theories of affect as well as to “read” activist movements 
for
 affect by working with archival documents (such as zines, manifestos, and movement ephemera) and other primary sources (such as memoir, photography and documentary film).",Manijeh Moradian,,,00515,,X3138-20271-001,,"Women's, Gender, Sexuality Studies @Barnard",WMST,https://doc.sis.columbia.edu/subj/WMST/X3138-20271-001/,,,,4,,,20271WMST3138X001,SEMINAR
WMST GR6001,THEORETICAL PARADIGMS,"Theoretical Paradigms in Feminist Scholarship:
 
Course focuses on the current theoretical debates of a particular topic or issue in feminist, queer, and/or WGSS scholarship. Open to graduate students, with preference given to students completing the ISSG graduate certificate. Topics differ by semester offered, and are reflected in the course subtitle. For a description of the current offering, please visit the link in the Class Notes.",Jack Halberstam,,,10166,,G6001-20271-001,ABC:AN/ARCH Bodies Cities,Women's and Gender Studies,WMST,https://doc.sis.columbia.edu/subj/WMST/G6001-20271-001/,,In-Person,,4,,,20271WMST6001G001,SEMINAR
WMST GU4310,CONTEM AMER JEWISH WOMEN'S LIT,"The seminar will focus on trends that have emerged over the past three decades in Jewish American women's writing in the fields of memoirs, fiction and Jewish history: the representation and exploration through fictive narratives of women's experiences in American Jewish orthodox communities; reinterpretation of Jewish history through gender analysis; the recording of migration and exile by Jewish women immigrants from the former Soviet Union, Morocco, Iran, and Egypt; and gender transformations. Texts will be analyzed in terms of genre structures, narrative strategies, the role of gender in shaping content and Jewish identity, and the political, cultural and social contexts in which the works were created. The course aims for students to discuss and critically engage with texts in order to develop the skills of analytical and abstract thinking, as well as the ability to express that critical thinking in writing. Prerequisites: 
Both
 one introductory WGSS course 
and
 Critical Approaches to Social and Cultural Theory, 
or
 Permission of the Instructor.",Agnieszka Legutko,,,00520,,W4310-20271-001,CONTEM AMER JEWISH WOMEN',"Women's, Gender, Sexuality Studies @Barnard",WMST,https://doc.sis.columbia.edu/subj/WMST/W4310-20271-001/,,,,4,,,20271WMST4310W001,SEMINAR
WMST GU4330,"SWANA Diasporas: Culture, Politics and I","In this class we will study South-West Asian and North African (SWANA) diasporic populations, social movements and cultural production that have responded to the multi-faceted ramifications of the 21st century war on terror. We will focus on diverse Arab, Iranian, and Afghan diasporas in the United States, where 19th and 20th century legacies of racism, xenophobia, Islamophobia and Orientalism combined in new ways to target these groups after the September 11th, 2001 attacks. Drawing on an interdisciplinary array of texts, including ethnography, fiction, feminist and queer theory, social movement theory, and visual and performance art, we will look at how the “war on terror” has shaped the subjectivities and self-representation of SWANA communities. Crucially, we will examine the gender and sexual politics of Islamophobia and racism and study how scholars, activists and artists have sought to intervene in dominant narratives of deviance, threat, and backwardness attributed to Muslim and other SWANA populations. This course takes up the politics of naming, situating the formation of “SWANA” as part of an anti-colonial genealogy that rejects imperial geographies such as “Middle East.” We will ask how new geographies and affiliations come into being in the context of open-ended war, and what new political identities and forms of cultural production then become possible.",Manijeh Moradian,,,00522,,W4330-20271-001,SWANA Diasporas,"Women's, Gender, Sexuality Studies @Barnard",WMST,https://doc.sis.columbia.edu/subj/WMST/W4330-20271-001/,,,,4,,,20271WMST4330W001,SEMINAR
WMST GU4905,Labor and Life: Critiques of Capitalism,"This advanced seminar examines materialist conceptions of labor and life as approached through feminist, black, anti-racist, indigenous, queer, postcolonial, and Marxist perspectives. We will trace the ways that labor and life as well as their constitutive relations have been understood in historical and contemporary radical critiques of capitalism, with a focus on gender, race and sexuality as analytical categories for understanding their shifting roles in structures and practices of social reproduction, the production and expropriation of value, the logic and exercise of violence, the organization of sociality and culture, and the practice and imagination of freedom, justice, and new forms and potentials of collective existence. Finally, we will consider the limits and possibilities of different conceptions of “material life” for understanding politics today.",Neferti Tadiar,,,00523,,V4905-20271-001,LABOR AND LIFE,"Women's, Gender, Sexuality Studies @Barnard",WMST,https://doc.sis.columbia.edu/subj/WMST/V4905-20271-001/,,,,4,,,20271WMST4905V001,SEMINAR
WMST UN3200,QUEER THEORY,,Jack Halberstam,,,10211,,W3200-20271-001,,Women's and Gender Studies,WMST,https://doc.sis.columbia.edu/subj/WMST/W3200-20271-001/,,In-Person,,4,,,20271WMST3200W001,SEMINAR
WMST UN3522,SENIOR SEMINAR II,Individual research in Womens Studies conducted in consultation with the instructor. The result of each research project is submitted in the form of the senior essay and presented to the seminar.,Julia Bryan-Wilson,,,10001,,V3522-20271-001,,Women's and Gender Studies,WMST,https://doc.sis.columbia.edu/subj/WMST/V3522-20271-001/,,In-Person,,4,,,20271WMST3522V001,RESEARCH SEM
WMST UN3526,SENIOR SEMINAR II,Prerequisites: Permission of instructor. Enrollment limited to senior majors. Individual research in Womens Studies conducted in consulation with the instructor. The result of each research project is submitted in the form of the senior essay and presented to the seminar.,Elizabeth Bernstein,,,00517,,V3526-20271-001,,"Women's, Gender, Sexuality Studies @Barnard",WMST,https://doc.sis.columbia.edu/subj/WMST/V3526-20271-001/,,,,4,,,20271WMST3526V001,SEMINAR
WMST UN3813,"Knowledge, Practice, Power","Knowledge, Practice, Power is a practical and multi-disciplinary exploration of research methods and interpretive strategies used in feminist scholarship, focusing on larger questions about how we know what we know, and who and what knowledge is for. Open to non-majors, but sophomore and junior majors in Women’s, Gender, and Sexuality Studies (WGSS) are encouraged to enroll in this course as preparation for Senior Seminar I. This course is required for students pursuing the concentration or minor in Feminist/Intersectional Science and Technology Studies. Prerequisite: 
Either
 one introductory WGSS course 
or
 Critical Approaches to Social and Cultural Theory 
or
 Permission of the Instructor.",Faculty,,,00518,,V3813-20271-001,"Knowledge, Practice, Powe","Women's, Gender, Sexuality Studies @Barnard",WMST,https://doc.sis.columbia.edu/subj/WMST/V3813-20271-001/,,,,4,,,20271WMST3813V001,COLLOQUIA
WMST UN3915,"GENDER, SEXUALITY & POWER IN TRANSNATION","This course considers formations of gender, sexuality, and power as they circulate transnationally, as well as transnational feminist and queer movements that have emerged to address contemporary gendered and sexual inequalities. Topics include political economy, global care chains, sexuality, sex work and trafficking, feminist and queer politics, and human rights. If it is a small world after all, how do forces of globalization shape and redefine the relationship between gender, sexuality, and powerful institutions like the state? And, if power swirls everywhere, how are transnational power dynamics reinscribed in gendered bodies? How is the body represented in discussions of nationalism and in the political economy of globalization? These questions will frame this course by highlighting how gender, sexuality, and power coalesce to impact the lives of individuals in various spaces including workplaces, the academy, the home, religious institutions, the government, and civil society, and human rights organizations. This course will enable us to think transnationally, historically, and dynamically, using gender and sexuality as lenses through which to critique relations of power and the ways that power informs our everyday lives and subjectivities.",Neferti Tadiar,,,00519,,W3915-20271-001,"GEND,SEX&POWER TRANSNATL","Women's, Gender, Sexuality Studies @Barnard",WMST,https://doc.sis.columbia.edu/subj/WMST/W3915-20271-001/,,,,4,,,20271WMST3915W001,SEMINAR
WMST UN3915,"GENDER, SEXUALITY & POWER IN TRANSNATION","This course considers formations of gender, sexuality, and power as they circulate transnationally, as well as transnational feminist and queer movements that have emerged to address contemporary gendered and sexual inequalities. Topics include political economy, global care chains, sexuality, sex work and trafficking, feminist and queer politics, and human rights. If it is a small world after all, how do forces of globalization shape and redefine the relationship between gender, sexuality, and powerful institutions like the state? And, if power swirls everywhere, how are transnational power dynamics reinscribed in gendered bodies? How is the body represented in discussions of nationalism and in the political economy of globalization? These questions will frame this course by highlighting how gender, sexuality, and power coalesce to impact the lives of individuals in various spaces including workplaces, the academy, the home, religious institutions, the government, and civil society, and human rights organizations. This course will enable us to think transnationally, historically, and dynamically, using gender and sexuality as lenses through which to critique relations of power and the ways that power informs our everyday lives and subjectivities.",Tara Gonsalves,,,10000,,W3915-20271-002,"GEND,SEX&POWER TRANSNATL",Women's and Gender Studies,WMST,https://doc.sis.columbia.edu/subj/WMST/W3915-20271-002/,,In-Person,,4,,,20271WMST3915W002,SEMINAR
